ISO-10303-21;
HEADER;
/* Generated by software containing ST-Developer
 * from STEP Tools, Inc. (www.steptools.com) 
 */

FILE_DESCRIPTION(
/* description */ (''),
/* implementation_level */ '2;1');

FILE_NAME(
/* name */ 'PCB Assembly Jigs v26.step',
/* time_stamp */ '2024-08-18T16:49:40+01:00',
/* author */ (''),
/* organization */ (''),
/* preprocessor_version */ 'ST-DEVELOPER v20',
/* originating_system */ 'Autodesk Translation Framework v13.14.0.145',

/* authorisation */ '');

FILE_SCHEMA (('AUTOMOTIVE_DESIGN { 1 0 10303 214 3 1 1 }'));
ENDSEC;

DATA;
#10=MECHANICAL_DESIGN_GEOMETRIC_PRESENTATION_REPRESENTATION('',(#23,#24),
#21892);
#11=ITEM_DEFINED_TRANSFORMATION($,$,#13829,#14613);
#12=ITEM_DEFINED_TRANSFORMATION($,$,#14310,#14614);
#13=(
REPRESENTATION_RELATIONSHIP($,$,#21906,#21905)
REPRESENTATION_RELATIONSHIP_WITH_TRANSFORMATION(#11)
SHAPE_REPRESENTATION_RELATIONSHIP()
);
#14=(
REPRESENTATION_RELATIONSHIP($,$,#21907,#21905)
REPRESENTATION_RELATIONSHIP_WITH_TRANSFORMATION(#12)
SHAPE_REPRESENTATION_RELATIONSHIP()
);
#15=CONTEXT_DEPENDENT_SHAPE_REPRESENTATION(#13,#21903);
#16=CONTEXT_DEPENDENT_SHAPE_REPRESENTATION(#14,#21904);
#17=NEXT_ASSEMBLY_USAGE_OCCURRENCE('Wand Jig:1','Wand Jig:1',
'Wand Jig:1',#21909,#21910,'Wand Jig:1');
#18=NEXT_ASSEMBLY_USAGE_OCCURRENCE('Pack Jig:1','Pack Jig:1',
'Pack Jig:1',#21909,#21911,'Pack Jig:1');
#19=SHAPE_REPRESENTATION_RELATIONSHIP('SRR','None',#21906,#21);
#20=SHAPE_REPRESENTATION_RELATIONSHIP('SRR','None',#21907,#22);
#21=ADVANCED_BREP_SHAPE_REPRESENTATION('',(#25),#21890);
#22=ADVANCED_BREP_SHAPE_REPRESENTATION('',(#26),#21891);
#23=STYLED_ITEM('',(#21924),#25);
#24=STYLED_ITEM('',(#21924),#26);
#25=MANIFOLD_SOLID_BREP('Body1',#13803);
#26=MANIFOLD_SOLID_BREP('Body1',#13804);
#27=FACE_BOUND('',#5316,.T.);
#28=FACE_BOUND('',#5317,.T.);
#29=FACE_BOUND('',#5318,.T.);
#30=FACE_BOUND('',#5319,.T.);
#31=FACE_BOUND('',#5320,.T.);
#32=FACE_BOUND('',#5321,.T.);
#33=FACE_BOUND('',#5322,.T.);
#34=FACE_BOUND('',#5323,.T.);
#35=FACE_BOUND('',#5324,.T.);
#36=FACE_BOUND('',#5325,.T.);
#37=FACE_BOUND('',#5326,.T.);
#38=FACE_BOUND('',#5327,.T.);
#39=FACE_BOUND('',#5328,.T.);
#40=FACE_BOUND('',#5329,.T.);
#41=FACE_BOUND('',#5330,.T.);
#42=FACE_BOUND('',#5331,.T.);
#43=FACE_BOUND('',#5332,.T.);
#44=FACE_BOUND('',#5333,.T.);
#45=FACE_BOUND('',#5334,.T.);
#46=FACE_BOUND('',#5335,.T.);
#47=FACE_BOUND('',#5336,.T.);
#48=FACE_BOUND('',#5337,.T.);
#49=FACE_BOUND('',#5338,.T.);
#50=FACE_BOUND('',#5339,.T.);
#51=FACE_BOUND('',#5340,.T.);
#52=FACE_BOUND('',#5341,.T.);
#53=FACE_BOUND('',#5342,.T.);
#54=FACE_BOUND('',#5343,.T.);
#55=FACE_BOUND('',#5357,.T.);
#56=FACE_BOUND('',#5363,.T.);
#57=FACE_BOUND('',#5373,.T.);
#58=FACE_BOUND('',#5379,.T.);
#59=FACE_BOUND('',#5389,.T.);
#60=FACE_BOUND('',#5397,.T.);
#61=FACE_BOUND('',#5403,.T.);
#62=FACE_BOUND('',#5409,.T.);
#63=FACE_BOUND('',#5415,.T.);
#64=FACE_BOUND('',#5421,.T.);
#65=FACE_BOUND('',#5427,.T.);
#66=FACE_BOUND('',#5433,.T.);
#67=FACE_BOUND('',#5439,.T.);
#68=FACE_BOUND('',#5445,.T.);
#69=FACE_BOUND('',#5451,.T.);
#70=FACE_BOUND('',#5457,.T.);
#71=FACE_BOUND('',#5463,.T.);
#72=FACE_BOUND('',#5469,.T.);
#73=FACE_BOUND('',#5475,.T.);
#74=FACE_BOUND('',#5714,.T.);
#75=FACE_BOUND('',#5715,.T.);
#76=FACE_BOUND('',#5716,.T.);
#77=FACE_BOUND('',#5717,.T.);
#78=FACE_BOUND('',#5718,.T.);
#79=FACE_BOUND('',#5719,.T.);
#80=FACE_BOUND('',#5720,.T.);
#81=FACE_BOUND('',#5721,.T.);
#82=FACE_BOUND('',#5722,.T.);
#83=FACE_BOUND('',#5723,.T.);
#84=FACE_BOUND('',#5724,.T.);
#85=FACE_BOUND('',#5725,.T.);
#86=FACE_BOUND('',#5726,.T.);
#87=FACE_BOUND('',#5727,.T.);
#88=FACE_BOUND('',#5728,.T.);
#89=FACE_BOUND('',#5729,.T.);
#90=FACE_BOUND('',#5730,.T.);
#91=FACE_BOUND('',#5731,.T.);
#92=FACE_BOUND('',#5732,.T.);
#93=FACE_BOUND('',#5733,.T.);
#94=FACE_BOUND('',#5739,.T.);
#95=FACE_BOUND('',#5740,.T.);
#96=FACE_BOUND('',#5741,.T.);
#97=FACE_BOUND('',#5742,.T.);
#98=FACE_BOUND('',#5743,.T.);
#99=FACE_BOUND('',#5744,.T.);
#100=FACE_BOUND('',#5745,.T.);
#101=FACE_BOUND('',#5746,.T.);
#102=FACE_BOUND('',#5747,.T.);
#103=FACE_BOUND('',#5748,.T.);
#104=FACE_BOUND('',#5749,.T.);
#105=FACE_BOUND('',#5750,.T.);
#106=FACE_BOUND('',#5751,.T.);
#107=FACE_BOUND('',#5752,.T.);
#108=FACE_BOUND('',#5753,.T.);
#109=FACE_BOUND('',#5754,.T.);
#110=FACE_BOUND('',#5755,.T.);
#111=FACE_BOUND('',#5756,.T.);
#112=FACE_BOUND('',#5757,.T.);
#113=FACE_BOUND('',#5758,.T.);
#114=FACE_BOUND('',#5759,.T.);
#115=FACE_BOUND('',#5760,.T.);
#116=FACE_BOUND('',#5761,.T.);
#117=FACE_BOUND('',#5762,.T.);
#118=FACE_BOUND('',#5763,.T.);
#119=FACE_BOUND('',#5764,.T.);
#120=FACE_BOUND('',#5765,.T.);
#121=FACE_BOUND('',#5766,.T.);
#122=FACE_BOUND('',#5767,.T.);
#123=FACE_BOUND('',#5824,.T.);
#124=FACE_BOUND('',#5830,.T.);
#125=FACE_BOUND('',#5836,.T.);
#126=FACE_BOUND('',#5848,.T.);
#127=FACE_BOUND('',#5856,.T.);
#128=FACE_BOUND('',#5862,.T.);
#129=FACE_BOUND('',#5868,.T.);
#130=FACE_BOUND('',#5874,.T.);
#131=FACE_BOUND('',#5880,.T.);
#132=FACE_BOUND('',#5886,.T.);
#133=FACE_BOUND('',#5892,.T.);
#134=FACE_BOUND('',#5898,.T.);
#135=FACE_BOUND('',#5904,.T.);
#136=FACE_BOUND('',#5910,.T.);
#137=FACE_BOUND('',#5916,.T.);
#138=FACE_BOUND('',#5922,.T.);
#139=FACE_BOUND('',#5928,.T.);
#140=FACE_BOUND('',#5934,.T.);
#141=FACE_BOUND('',#5968,.T.);
#142=FACE_BOUND('',#5974,.T.);
#143=FACE_BOUND('',#5980,.T.);
#144=FACE_BOUND('',#6048,.T.);
#145=FACE_BOUND('',#6049,.T.);
#146=FACE_BOUND('',#6050,.T.);
#147=FACE_BOUND('',#6051,.T.);
#148=FACE_BOUND('',#6052,.T.);
#149=FACE_BOUND('',#6053,.T.);
#150=FACE_BOUND('',#6054,.T.);
#151=FACE_BOUND('',#6055,.T.);
#152=FACE_BOUND('',#6056,.T.);
#153=FACE_BOUND('',#6057,.T.);
#154=FACE_BOUND('',#6058,.T.);
#155=FACE_BOUND('',#6059,.T.);
#156=FACE_BOUND('',#6060,.T.);
#157=FACE_BOUND('',#6061,.T.);
#158=FACE_BOUND('',#6062,.T.);
#159=FACE_BOUND('',#6063,.T.);
#160=FACE_BOUND('',#6064,.T.);
#161=FACE_BOUND('',#6065,.T.);
#162=FACE_BOUND('',#6066,.T.);
#163=FACE_BOUND('',#6067,.T.);
#164=FACE_BOUND('',#6068,.T.);
#165=FACE_BOUND('',#6069,.T.);
#166=FACE_BOUND('',#6070,.T.);
#167=FACE_BOUND('',#6071,.T.);
#168=FACE_BOUND('',#6072,.T.);
#169=CYLINDRICAL_SURFACE('',#13942,2.225);
#170=CYLINDRICAL_SURFACE('',#13946,3.825);
#171=CYLINDRICAL_SURFACE('',#13958,2.);
#172=CYLINDRICAL_SURFACE('',#13963,2.);
#173=CYLINDRICAL_SURFACE('',#14228,1.6);
#174=CYLINDRICAL_SURFACE('',#14351,3.825);
#175=CYLINDRICAL_SURFACE('',#14555,1.6);
#176=CYLINDRICAL_SURFACE('',#14563,1.6);
#177=CYLINDRICAL_SURFACE('',#14565,1.6);
#178=CYLINDRICAL_SURFACE('',#14575,1.6);
#179=CYLINDRICAL_SURFACE('',#14601,6.44499877898995);
#180=CYLINDRICAL_SURFACE('',#14604,6.44499877900011);
#181=CYLINDRICAL_SURFACE('',#14607,6.44499877899009);
#182=CYLINDRICAL_SURFACE('',#14610,6.4449987789901);
#183=LINE('',#18022,#1996);
#184=LINE('',#18041,#1997);
#185=LINE('',#18044,#1998);
#186=LINE('',#18046,#1999);
#187=LINE('',#18048,#2000);
#188=LINE('',#18050,#2001);
#189=LINE('',#18051,#2002);
#190=LINE('',#18054,#2003);
#191=LINE('',#18055,#2004);
#192=LINE('',#18058,#2005);
#193=LINE('',#18059,#2006);
#194=LINE('',#18062,#2007);
#195=LINE('',#18064,#2008);
#196=LINE('',#18066,#2009);
#197=LINE('',#18068,#2010);
#198=LINE('',#18069,#2011);
#199=LINE('',#18072,#2012);
#200=LINE('',#18074,#2013);
#201=LINE('',#18076,#2014);
#202=LINE('',#18078,#2015);
#203=LINE('',#18079,#2016);
#204=LINE('',#18082,#2017);
#205=LINE('',#18083,#2018);
#206=LINE('',#18102,#2019);
#207=LINE('',#18121,#2020);
#208=LINE('',#18124,#2021);
#209=LINE('',#18126,#2022);
#210=LINE('',#18128,#2023);
#211=LINE('',#18130,#2024);
#212=LINE('',#18131,#2025);
#213=LINE('',#18132,#2026);
#214=LINE('',#18135,#2027);
#215=LINE('',#18136,#2028);
#216=LINE('',#18139,#2029);
#217=LINE('',#18140,#2030);
#218=LINE('',#18142,#2031);
#219=LINE('',#18146,#2032);
#220=LINE('',#18148,#2033);
#221=LINE('',#18150,#2034);
#222=LINE('',#18151,#2035);
#223=LINE('',#18154,#2036);
#224=LINE('',#18156,#2037);
#225=LINE('',#18157,#2038);
#226=LINE('',#18160,#2039);
#227=LINE('',#18162,#2040);
#228=LINE('',#18163,#2041);
#229=LINE('',#18166,#2042);
#230=LINE('',#18168,#2043);
#231=LINE('',#18169,#2044);
#232=LINE('',#18172,#2045);
#233=LINE('',#18174,#2046);
#234=LINE('',#18175,#2047);
#235=LINE('',#18178,#2048);
#236=LINE('',#18180,#2049);
#237=LINE('',#18181,#2050);
#238=LINE('',#18184,#2051);
#239=LINE('',#18186,#2052);
#240=LINE('',#18187,#2053);
#241=LINE('',#18190,#2054);
#242=LINE('',#18192,#2055);
#243=LINE('',#18193,#2056);
#244=LINE('',#18196,#2057);
#245=LINE('',#18198,#2058);
#246=LINE('',#18199,#2059);
#247=LINE('',#18202,#2060);
#248=LINE('',#18204,#2061);
#249=LINE('',#18205,#2062);
#250=LINE('',#18208,#2063);
#251=LINE('',#18210,#2064);
#252=LINE('',#18211,#2065);
#253=LINE('',#18213,#2066);
#254=LINE('',#18214,#2067);
#255=LINE('',#18219,#2068);
#256=LINE('',#18221,#2069);
#257=LINE('',#18223,#2070);
#258=LINE('',#18224,#2071);
#259=LINE('',#18227,#2072);
#260=LINE('',#18229,#2073);
#261=LINE('',#18230,#2074);
#262=LINE('',#18233,#2075);
#263=LINE('',#18235,#2076);
#264=LINE('',#18236,#2077);
#265=LINE('',#18239,#2078);
#266=LINE('',#18241,#2079);
#267=LINE('',#18242,#2080);
#268=LINE('',#18245,#2081);
#269=LINE('',#18247,#2082);
#270=LINE('',#18248,#2083);
#271=LINE('',#18251,#2084);
#272=LINE('',#18253,#2085);
#273=LINE('',#18254,#2086);
#274=LINE('',#18257,#2087);
#275=LINE('',#18259,#2088);
#276=LINE('',#18260,#2089);
#277=LINE('',#18263,#2090);
#278=LINE('',#18265,#2091);
#279=LINE('',#18266,#2092);
#280=LINE('',#18269,#2093);
#281=LINE('',#18271,#2094);
#282=LINE('',#18272,#2095);
#283=LINE('',#18275,#2096);
#284=LINE('',#18277,#2097);
#285=LINE('',#18278,#2098);
#286=LINE('',#18281,#2099);
#287=LINE('',#18283,#2100);
#288=LINE('',#18284,#2101);
#289=LINE('',#18286,#2102);
#290=LINE('',#18287,#2103);
#291=LINE('',#18292,#2104);
#292=LINE('',#18294,#2105);
#293=LINE('',#18296,#2106);
#294=LINE('',#18297,#2107);
#295=LINE('',#18300,#2108);
#296=LINE('',#18302,#2109);
#297=LINE('',#18303,#2110);
#298=LINE('',#18306,#2111);
#299=LINE('',#18308,#2112);
#300=LINE('',#18309,#2113);
#301=LINE('',#18312,#2114);
#302=LINE('',#18314,#2115);
#303=LINE('',#18315,#2116);
#304=LINE('',#18318,#2117);
#305=LINE('',#18320,#2118);
#306=LINE('',#18321,#2119);
#307=LINE('',#18324,#2120);
#308=LINE('',#18326,#2121);
#309=LINE('',#18327,#2122);
#310=LINE('',#18330,#2123);
#311=LINE('',#18332,#2124);
#312=LINE('',#18333,#2125);
#313=LINE('',#18336,#2126);
#314=LINE('',#18338,#2127);
#315=LINE('',#18339,#2128);
#316=LINE('',#18342,#2129);
#317=LINE('',#18344,#2130);
#318=LINE('',#18345,#2131);
#319=LINE('',#18348,#2132);
#320=LINE('',#18350,#2133);
#321=LINE('',#18351,#2134);
#322=LINE('',#18354,#2135);
#323=LINE('',#18356,#2136);
#324=LINE('',#18357,#2137);
#325=LINE('',#18359,#2138);
#326=LINE('',#18360,#2139);
#327=LINE('',#18365,#2140);
#328=LINE('',#18367,#2141);
#329=LINE('',#18369,#2142);
#330=LINE('',#18370,#2143);
#331=LINE('',#18373,#2144);
#332=LINE('',#18375,#2145);
#333=LINE('',#18376,#2146);
#334=LINE('',#18379,#2147);
#335=LINE('',#18381,#2148);
#336=LINE('',#18382,#2149);
#337=LINE('',#18385,#2150);
#338=LINE('',#18387,#2151);
#339=LINE('',#18388,#2152);
#340=LINE('',#18391,#2153);
#341=LINE('',#18393,#2154);
#342=LINE('',#18394,#2155);
#343=LINE('',#18397,#2156);
#344=LINE('',#18399,#2157);
#345=LINE('',#18400,#2158);
#346=LINE('',#18403,#2159);
#347=LINE('',#18405,#2160);
#348=LINE('',#18406,#2161);
#349=LINE('',#18409,#2162);
#350=LINE('',#18411,#2163);
#351=LINE('',#18412,#2164);
#352=LINE('',#18415,#2165);
#353=LINE('',#18417,#2166);
#354=LINE('',#18418,#2167);
#355=LINE('',#18421,#2168);
#356=LINE('',#18423,#2169);
#357=LINE('',#18424,#2170);
#358=LINE('',#18427,#2171);
#359=LINE('',#18429,#2172);
#360=LINE('',#18430,#2173);
#361=LINE('',#18432,#2174);
#362=LINE('',#18433,#2175);
#363=LINE('',#18438,#2176);
#364=LINE('',#18440,#2177);
#365=LINE('',#18442,#2178);
#366=LINE('',#18443,#2179);
#367=LINE('',#18446,#2180);
#368=LINE('',#18448,#2181);
#369=LINE('',#18449,#2182);
#370=LINE('',#18452,#2183);
#371=LINE('',#18454,#2184);
#372=LINE('',#18455,#2185);
#373=LINE('',#18458,#2186);
#374=LINE('',#18460,#2187);
#375=LINE('',#18461,#2188);
#376=LINE('',#18464,#2189);
#377=LINE('',#18466,#2190);
#378=LINE('',#18467,#2191);
#379=LINE('',#18470,#2192);
#380=LINE('',#18472,#2193);
#381=LINE('',#18473,#2194);
#382=LINE('',#18476,#2195);
#383=LINE('',#18478,#2196);
#384=LINE('',#18479,#2197);
#385=LINE('',#18482,#2198);
#386=LINE('',#18484,#2199);
#387=LINE('',#18485,#2200);
#388=LINE('',#18488,#2201);
#389=LINE('',#18490,#2202);
#390=LINE('',#18491,#2203);
#391=LINE('',#18494,#2204);
#392=LINE('',#18496,#2205);
#393=LINE('',#18497,#2206);
#394=LINE('',#18500,#2207);
#395=LINE('',#18502,#2208);
#396=LINE('',#18503,#2209);
#397=LINE('',#18505,#2210);
#398=LINE('',#18506,#2211);
#399=LINE('',#18511,#2212);
#400=LINE('',#18513,#2213);
#401=LINE('',#18515,#2214);
#402=LINE('',#18516,#2215);
#403=LINE('',#18519,#2216);
#404=LINE('',#18521,#2217);
#405=LINE('',#18522,#2218);
#406=LINE('',#18525,#2219);
#407=LINE('',#18527,#2220);
#408=LINE('',#18528,#2221);
#409=LINE('',#18531,#2222);
#410=LINE('',#18533,#2223);
#411=LINE('',#18534,#2224);
#412=LINE('',#18537,#2225);
#413=LINE('',#18539,#2226);
#414=LINE('',#18540,#2227);
#415=LINE('',#18543,#2228);
#416=LINE('',#18545,#2229);
#417=LINE('',#18546,#2230);
#418=LINE('',#18549,#2231);
#419=LINE('',#18551,#2232);
#420=LINE('',#18552,#2233);
#421=LINE('',#18555,#2234);
#422=LINE('',#18557,#2235);
#423=LINE('',#18558,#2236);
#424=LINE('',#18561,#2237);
#425=LINE('',#18563,#2238);
#426=LINE('',#18564,#2239);
#427=LINE('',#18567,#2240);
#428=LINE('',#18569,#2241);
#429=LINE('',#18570,#2242);
#430=LINE('',#18573,#2243);
#431=LINE('',#18575,#2244);
#432=LINE('',#18576,#2245);
#433=LINE('',#18578,#2246);
#434=LINE('',#18579,#2247);
#435=LINE('',#18585,#2248);
#436=LINE('',#18591,#2249);
#437=LINE('',#18595,#2250);
#438=LINE('',#18599,#2251);
#439=LINE('',#18605,#2252);
#440=LINE('',#18607,#2253);
#441=LINE('',#18609,#2254);
#442=LINE('',#18611,#2255);
#443=LINE('',#18613,#2256);
#444=LINE('',#18615,#2257);
#445=LINE('',#18617,#2258);
#446=LINE('',#18619,#2259);
#447=LINE('',#18621,#2260);
#448=LINE('',#18623,#2261);
#449=LINE('',#18625,#2262);
#450=LINE('',#18627,#2263);
#451=LINE('',#18629,#2264);
#452=LINE('',#18631,#2265);
#453=LINE('',#18633,#2266);
#454=LINE('',#18635,#2267);
#455=LINE('',#18637,#2268);
#456=LINE('',#18639,#2269);
#457=LINE('',#18641,#2270);
#458=LINE('',#18643,#2271);
#459=LINE('',#18645,#2272);
#460=LINE('',#18647,#2273);
#461=LINE('',#18649,#2274);
#462=LINE('',#18651,#2275);
#463=LINE('',#18653,#2276);
#464=LINE('',#18655,#2277);
#465=LINE('',#18657,#2278);
#466=LINE('',#18659,#2279);
#467=LINE('',#18661,#2280);
#468=LINE('',#18663,#2281);
#469=LINE('',#18665,#2282);
#470=LINE('',#18667,#2283);
#471=LINE('',#18669,#2284);
#472=LINE('',#18671,#2285);
#473=LINE('',#18673,#2286);
#474=LINE('',#18675,#2287);
#475=LINE('',#18677,#2288);
#476=LINE('',#18679,#2289);
#477=LINE('',#18681,#2290);
#478=LINE('',#18683,#2291);
#479=LINE('',#18685,#2292);
#480=LINE('',#18687,#2293);
#481=LINE('',#18689,#2294);
#482=LINE('',#18691,#2295);
#483=LINE('',#18693,#2296);
#484=LINE('',#18695,#2297);
#485=LINE('',#18696,#2298);
#486=LINE('',#18698,#2299);
#487=LINE('',#18700,#2300);
#488=LINE('',#18702,#2301);
#489=LINE('',#18704,#2302);
#490=LINE('',#18706,#2303);
#491=LINE('',#18708,#2304);
#492=LINE('',#18710,#2305);
#493=LINE('',#18712,#2306);
#494=LINE('',#18714,#2307);
#495=LINE('',#18716,#2308);
#496=LINE('',#18718,#2309);
#497=LINE('',#18720,#2310);
#498=LINE('',#18722,#2311);
#499=LINE('',#18724,#2312);
#500=LINE('',#18726,#2313);
#501=LINE('',#18728,#2314);
#502=LINE('',#18730,#2315);
#503=LINE('',#18732,#2316);
#504=LINE('',#18734,#2317);
#505=LINE('',#18736,#2318);
#506=LINE('',#18738,#2319);
#507=LINE('',#18740,#2320);
#508=LINE('',#18741,#2321);
#509=LINE('',#18743,#2322);
#510=LINE('',#18745,#2323);
#511=LINE('',#18747,#2324);
#512=LINE('',#18749,#2325);
#513=LINE('',#18751,#2326);
#514=LINE('',#18753,#2327);
#515=LINE('',#18755,#2328);
#516=LINE('',#18757,#2329);
#517=LINE('',#18759,#2330);
#518=LINE('',#18761,#2331);
#519=LINE('',#18763,#2332);
#520=LINE('',#18765,#2333);
#521=LINE('',#18767,#2334);
#522=LINE('',#18769,#2335);
#523=LINE('',#18771,#2336);
#524=LINE('',#18773,#2337);
#525=LINE('',#18775,#2338);
#526=LINE('',#18777,#2339);
#527=LINE('',#18779,#2340);
#528=LINE('',#18781,#2341);
#529=LINE('',#18783,#2342);
#530=LINE('',#18785,#2343);
#531=LINE('',#18786,#2344);
#532=LINE('',#18791,#2345);
#533=LINE('',#18793,#2346);
#534=LINE('',#18795,#2347);
#535=LINE('',#18796,#2348);
#536=LINE('',#18799,#2349);
#537=LINE('',#18801,#2350);
#538=LINE('',#18803,#2351);
#539=LINE('',#18804,#2352);
#540=LINE('',#18807,#2353);
#541=LINE('',#18809,#2354);
#542=LINE('',#18811,#2355);
#543=LINE('',#18812,#2356);
#544=LINE('',#18815,#2357);
#545=LINE('',#18817,#2358);
#546=LINE('',#18819,#2359);
#547=LINE('',#18820,#2360);
#548=LINE('',#18823,#2361);
#549=LINE('',#18825,#2362);
#550=LINE('',#18827,#2363);
#551=LINE('',#18828,#2364);
#552=LINE('',#18831,#2365);
#553=LINE('',#18833,#2366);
#554=LINE('',#18835,#2367);
#555=LINE('',#18836,#2368);
#556=LINE('',#18839,#2369);
#557=LINE('',#18841,#2370);
#558=LINE('',#18843,#2371);
#559=LINE('',#18844,#2372);
#560=LINE('',#18847,#2373);
#561=LINE('',#18849,#2374);
#562=LINE('',#18851,#2375);
#563=LINE('',#18852,#2376);
#564=LINE('',#18855,#2377);
#565=LINE('',#18857,#2378);
#566=LINE('',#18859,#2379);
#567=LINE('',#18860,#2380);
#568=LINE('',#18863,#2381);
#569=LINE('',#18865,#2382);
#570=LINE('',#18867,#2383);
#571=LINE('',#18868,#2384);
#572=LINE('',#18871,#2385);
#573=LINE('',#18873,#2386);
#574=LINE('',#18875,#2387);
#575=LINE('',#18876,#2388);
#576=LINE('',#18879,#2389);
#577=LINE('',#18881,#2390);
#578=LINE('',#18883,#2391);
#579=LINE('',#18884,#2392);
#580=LINE('',#18887,#2393);
#581=LINE('',#18889,#2394);
#582=LINE('',#18891,#2395);
#583=LINE('',#18892,#2396);
#584=LINE('',#18895,#2397);
#585=LINE('',#18897,#2398);
#586=LINE('',#18899,#2399);
#587=LINE('',#18900,#2400);
#588=LINE('',#18902,#2401);
#589=LINE('',#18904,#2402);
#590=LINE('',#18906,#2403);
#591=LINE('',#18908,#2404);
#592=LINE('',#18909,#2405);
#593=LINE('',#18912,#2406);
#594=LINE('',#18914,#2407);
#595=LINE('',#18916,#2408);
#596=LINE('',#18917,#2409);
#597=LINE('',#18920,#2410);
#598=LINE('',#18922,#2411);
#599=LINE('',#18924,#2412);
#600=LINE('',#18925,#2413);
#601=LINE('',#18928,#2414);
#602=LINE('',#18930,#2415);
#603=LINE('',#18932,#2416);
#604=LINE('',#18933,#2417);
#605=LINE('',#18936,#2418);
#606=LINE('',#18938,#2419);
#607=LINE('',#18940,#2420);
#608=LINE('',#18941,#2421);
#609=LINE('',#18944,#2422);
#610=LINE('',#18948,#2423);
#611=LINE('',#18950,#2424);
#612=LINE('',#18952,#2425);
#613=LINE('',#18956,#2426);
#614=LINE('',#18957,#2427);
#615=LINE('',#18960,#2428);
#616=LINE('',#18962,#2429);
#617=LINE('',#18963,#2430);
#618=LINE('',#18966,#2431);
#619=LINE('',#18970,#2432);
#620=LINE('',#18971,#2433);
#621=LINE('',#18974,#2434);
#622=LINE('',#18975,#2435);
#623=LINE('',#18978,#2436);
#624=LINE('',#18979,#2437);
#625=LINE('',#18985,#2438);
#626=LINE('',#18987,#2439);
#627=LINE('',#18988,#2440);
#628=LINE('',#18991,#2441);
#629=LINE('',#18992,#2442);
#630=LINE('',#18995,#2443);
#631=LINE('',#18996,#2444);
#632=LINE('',#18998,#2445);
#633=LINE('',#19002,#2446);
#634=LINE('',#19004,#2447);
#635=LINE('',#19006,#2448);
#636=LINE('',#19007,#2449);
#637=LINE('',#19010,#2450);
#638=LINE('',#19012,#2451);
#639=LINE('',#19013,#2452);
#640=LINE('',#19016,#2453);
#641=LINE('',#19017,#2454);
#642=LINE('',#19020,#2455);
#643=LINE('',#19021,#2456);
#644=LINE('',#19023,#2457);
#645=LINE('',#19027,#2458);
#646=LINE('',#19029,#2459);
#647=LINE('',#19031,#2460);
#648=LINE('',#19032,#2461);
#649=LINE('',#19035,#2462);
#650=LINE('',#19037,#2463);
#651=LINE('',#19038,#2464);
#652=LINE('',#19041,#2465);
#653=LINE('',#19042,#2466);
#654=LINE('',#19045,#2467);
#655=LINE('',#19047,#2468);
#656=LINE('',#19048,#2469);
#657=LINE('',#19051,#2470);
#658=LINE('',#19052,#2471);
#659=LINE('',#19055,#2472);
#660=LINE('',#19057,#2473);
#661=LINE('',#19058,#2474);
#662=LINE('',#19061,#2475);
#663=LINE('',#19062,#2476);
#664=LINE('',#19065,#2477);
#665=LINE('',#19066,#2478);
#666=LINE('',#19068,#2479);
#667=LINE('',#19072,#2480);
#668=LINE('',#19074,#2481);
#669=LINE('',#19076,#2482);
#670=LINE('',#19077,#2483);
#671=LINE('',#19080,#2484);
#672=LINE('',#19082,#2485);
#673=LINE('',#19083,#2486);
#674=LINE('',#19086,#2487);
#675=LINE('',#19087,#2488);
#676=LINE('',#19090,#2489);
#677=LINE('',#19091,#2490);
#678=LINE('',#19093,#2491);
#679=LINE('',#19097,#2492);
#680=LINE('',#19099,#2493);
#681=LINE('',#19101,#2494);
#682=LINE('',#19102,#2495);
#683=LINE('',#19105,#2496);
#684=LINE('',#19107,#2497);
#685=LINE('',#19108,#2498);
#686=LINE('',#19111,#2499);
#687=LINE('',#19112,#2500);
#688=LINE('',#19115,#2501);
#689=LINE('',#19117,#2502);
#690=LINE('',#19118,#2503);
#691=LINE('',#19121,#2504);
#692=LINE('',#19122,#2505);
#693=LINE('',#19125,#2506);
#694=LINE('',#19126,#2507);
#695=LINE('',#19129,#2508);
#696=LINE('',#19130,#2509);
#697=LINE('',#19133,#2510);
#698=LINE('',#19134,#2511);
#699=LINE('',#19136,#2512);
#700=LINE('',#19140,#2513);
#701=LINE('',#19142,#2514);
#702=LINE('',#19144,#2515);
#703=LINE('',#19145,#2516);
#704=LINE('',#19148,#2517);
#705=LINE('',#19150,#2518);
#706=LINE('',#19151,#2519);
#707=LINE('',#19154,#2520);
#708=LINE('',#19155,#2521);
#709=LINE('',#19158,#2522);
#710=LINE('',#19160,#2523);
#711=LINE('',#19161,#2524);
#712=LINE('',#19164,#2525);
#713=LINE('',#19165,#2526);
#714=LINE('',#19168,#2527);
#715=LINE('',#19169,#2528);
#716=LINE('',#19171,#2529);
#717=LINE('',#19175,#2530);
#718=LINE('',#19177,#2531);
#719=LINE('',#19179,#2532);
#720=LINE('',#19180,#2533);
#721=LINE('',#19183,#2534);
#722=LINE('',#19185,#2535);
#723=LINE('',#19186,#2536);
#724=LINE('',#19189,#2537);
#725=LINE('',#19190,#2538);
#726=LINE('',#19193,#2539);
#727=LINE('',#19194,#2540);
#728=LINE('',#19196,#2541);
#729=LINE('',#19200,#2542);
#730=LINE('',#19202,#2543);
#731=LINE('',#19204,#2544);
#732=LINE('',#19205,#2545);
#733=LINE('',#19208,#2546);
#734=LINE('',#19210,#2547);
#735=LINE('',#19211,#2548);
#736=LINE('',#19214,#2549);
#737=LINE('',#19215,#2550);
#738=LINE('',#19218,#2551);
#739=LINE('',#19219,#2552);
#740=LINE('',#19221,#2553);
#741=LINE('',#19225,#2554);
#742=LINE('',#19227,#2555);
#743=LINE('',#19229,#2556);
#744=LINE('',#19230,#2557);
#745=LINE('',#19233,#2558);
#746=LINE('',#19235,#2559);
#747=LINE('',#19236,#2560);
#748=LINE('',#19239,#2561);
#749=LINE('',#19240,#2562);
#750=LINE('',#19243,#2563);
#751=LINE('',#19244,#2564);
#752=LINE('',#19246,#2565);
#753=LINE('',#19250,#2566);
#754=LINE('',#19252,#2567);
#755=LINE('',#19254,#2568);
#756=LINE('',#19255,#2569);
#757=LINE('',#19258,#2570);
#758=LINE('',#19260,#2571);
#759=LINE('',#19261,#2572);
#760=LINE('',#19264,#2573);
#761=LINE('',#19265,#2574);
#762=LINE('',#19268,#2575);
#763=LINE('',#19269,#2576);
#764=LINE('',#19271,#2577);
#765=LINE('',#19275,#2578);
#766=LINE('',#19277,#2579);
#767=LINE('',#19279,#2580);
#768=LINE('',#19280,#2581);
#769=LINE('',#19283,#2582);
#770=LINE('',#19285,#2583);
#771=LINE('',#19286,#2584);
#772=LINE('',#19289,#2585);
#773=LINE('',#19290,#2586);
#774=LINE('',#19293,#2587);
#775=LINE('',#19294,#2588);
#776=LINE('',#19296,#2589);
#777=LINE('',#19300,#2590);
#778=LINE('',#19302,#2591);
#779=LINE('',#19304,#2592);
#780=LINE('',#19305,#2593);
#781=LINE('',#19308,#2594);
#782=LINE('',#19310,#2595);
#783=LINE('',#19311,#2596);
#784=LINE('',#19314,#2597);
#785=LINE('',#19315,#2598);
#786=LINE('',#19318,#2599);
#787=LINE('',#19319,#2600);
#788=LINE('',#19321,#2601);
#789=LINE('',#19325,#2602);
#790=LINE('',#19327,#2603);
#791=LINE('',#19329,#2604);
#792=LINE('',#19330,#2605);
#793=LINE('',#19333,#2606);
#794=LINE('',#19335,#2607);
#795=LINE('',#19336,#2608);
#796=LINE('',#19339,#2609);
#797=LINE('',#19340,#2610);
#798=LINE('',#19343,#2611);
#799=LINE('',#19344,#2612);
#800=LINE('',#19346,#2613);
#801=LINE('',#19350,#2614);
#802=LINE('',#19352,#2615);
#803=LINE('',#19354,#2616);
#804=LINE('',#19355,#2617);
#805=LINE('',#19358,#2618);
#806=LINE('',#19360,#2619);
#807=LINE('',#19361,#2620);
#808=LINE('',#19364,#2621);
#809=LINE('',#19365,#2622);
#810=LINE('',#19368,#2623);
#811=LINE('',#19369,#2624);
#812=LINE('',#19371,#2625);
#813=LINE('',#19375,#2626);
#814=LINE('',#19377,#2627);
#815=LINE('',#19379,#2628);
#816=LINE('',#19380,#2629);
#817=LINE('',#19383,#2630);
#818=LINE('',#19385,#2631);
#819=LINE('',#19386,#2632);
#820=LINE('',#19389,#2633);
#821=LINE('',#19390,#2634);
#822=LINE('',#19393,#2635);
#823=LINE('',#19394,#2636);
#824=LINE('',#19396,#2637);
#825=LINE('',#19400,#2638);
#826=LINE('',#19402,#2639);
#827=LINE('',#19404,#2640);
#828=LINE('',#19405,#2641);
#829=LINE('',#19408,#2642);
#830=LINE('',#19410,#2643);
#831=LINE('',#19411,#2644);
#832=LINE('',#19414,#2645);
#833=LINE('',#19415,#2646);
#834=LINE('',#19418,#2647);
#835=LINE('',#19419,#2648);
#836=LINE('',#19421,#2649);
#837=LINE('',#19425,#2650);
#838=LINE('',#19427,#2651);
#839=LINE('',#19429,#2652);
#840=LINE('',#19430,#2653);
#841=LINE('',#19433,#2654);
#842=LINE('',#19435,#2655);
#843=LINE('',#19436,#2656);
#844=LINE('',#19439,#2657);
#845=LINE('',#19440,#2658);
#846=LINE('',#19443,#2659);
#847=LINE('',#19444,#2660);
#848=LINE('',#19446,#2661);
#849=LINE('',#19450,#2662);
#850=LINE('',#19452,#2663);
#851=LINE('',#19454,#2664);
#852=LINE('',#19455,#2665);
#853=LINE('',#19458,#2666);
#854=LINE('',#19460,#2667);
#855=LINE('',#19461,#2668);
#856=LINE('',#19464,#2669);
#857=LINE('',#19465,#2670);
#858=LINE('',#19468,#2671);
#859=LINE('',#19469,#2672);
#860=LINE('',#19471,#2673);
#861=LINE('',#19475,#2674);
#862=LINE('',#19477,#2675);
#863=LINE('',#19479,#2676);
#864=LINE('',#19480,#2677);
#865=LINE('',#19483,#2678);
#866=LINE('',#19485,#2679);
#867=LINE('',#19486,#2680);
#868=LINE('',#19489,#2681);
#869=LINE('',#19490,#2682);
#870=LINE('',#19493,#2683);
#871=LINE('',#19494,#2684);
#872=LINE('',#19496,#2685);
#873=LINE('',#19500,#2686);
#874=LINE('',#19502,#2687);
#875=LINE('',#19504,#2688);
#876=LINE('',#19505,#2689);
#877=LINE('',#19508,#2690);
#878=LINE('',#19510,#2691);
#879=LINE('',#19511,#2692);
#880=LINE('',#19514,#2693);
#881=LINE('',#19515,#2694);
#882=LINE('',#19518,#2695);
#883=LINE('',#19520,#2696);
#884=LINE('',#19521,#2697);
#885=LINE('',#19524,#2698);
#886=LINE('',#19525,#2699);
#887=LINE('',#19528,#2700);
#888=LINE('',#19530,#2701);
#889=LINE('',#19531,#2702);
#890=LINE('',#19534,#2703);
#891=LINE('',#19535,#2704);
#892=LINE('',#19538,#2705);
#893=LINE('',#19540,#2706);
#894=LINE('',#19541,#2707);
#895=LINE('',#19544,#2708);
#896=LINE('',#19545,#2709);
#897=LINE('',#19548,#2710);
#898=LINE('',#19550,#2711);
#899=LINE('',#19551,#2712);
#900=LINE('',#19554,#2713);
#901=LINE('',#19555,#2714);
#902=LINE('',#19558,#2715);
#903=LINE('',#19560,#2716);
#904=LINE('',#19561,#2717);
#905=LINE('',#19564,#2718);
#906=LINE('',#19565,#2719);
#907=LINE('',#19568,#2720);
#908=LINE('',#19570,#2721);
#909=LINE('',#19571,#2722);
#910=LINE('',#19574,#2723);
#911=LINE('',#19575,#2724);
#912=LINE('',#19578,#2725);
#913=LINE('',#19580,#2726);
#914=LINE('',#19581,#2727);
#915=LINE('',#19584,#2728);
#916=LINE('',#19585,#2729);
#917=LINE('',#19588,#2730);
#918=LINE('',#19590,#2731);
#919=LINE('',#19591,#2732);
#920=LINE('',#19594,#2733);
#921=LINE('',#19595,#2734);
#922=LINE('',#19598,#2735);
#923=LINE('',#19600,#2736);
#924=LINE('',#19601,#2737);
#925=LINE('',#19604,#2738);
#926=LINE('',#19605,#2739);
#927=LINE('',#19608,#2740);
#928=LINE('',#19610,#2741);
#929=LINE('',#19611,#2742);
#930=LINE('',#19614,#2743);
#931=LINE('',#19615,#2744);
#932=LINE('',#19618,#2745);
#933=LINE('',#19620,#2746);
#934=LINE('',#19621,#2747);
#935=LINE('',#19624,#2748);
#936=LINE('',#19625,#2749);
#937=LINE('',#19628,#2750);
#938=LINE('',#19630,#2751);
#939=LINE('',#19631,#2752);
#940=LINE('',#19634,#2753);
#941=LINE('',#19635,#2754);
#942=LINE('',#19638,#2755);
#943=LINE('',#19640,#2756);
#944=LINE('',#19641,#2757);
#945=LINE('',#19644,#2758);
#946=LINE('',#19645,#2759);
#947=LINE('',#19649,#2760);
#948=LINE('',#19651,#2761);
#949=LINE('',#19653,#2762);
#950=LINE('',#19654,#2763);
#951=LINE('',#19656,#2764);
#952=LINE('',#19658,#2765);
#953=LINE('',#19660,#2766);
#954=LINE('',#19662,#2767);
#955=LINE('',#19663,#2768);
#956=LINE('',#19666,#2769);
#957=LINE('',#19667,#2770);
#958=LINE('',#19670,#2771);
#959=LINE('',#19671,#2772);
#960=LINE('',#19674,#2773);
#961=LINE('',#19675,#2774);
#962=LINE('',#19678,#2775);
#963=LINE('',#19679,#2776);
#964=LINE('',#19682,#2777);
#965=LINE('',#19683,#2778);
#966=LINE('',#19686,#2779);
#967=LINE('',#19687,#2780);
#968=LINE('',#19690,#2781);
#969=LINE('',#19691,#2782);
#970=LINE('',#19694,#2783);
#971=LINE('',#19695,#2784);
#972=LINE('',#19698,#2785);
#973=LINE('',#19699,#2786);
#974=LINE('',#19702,#2787);
#975=LINE('',#19703,#2788);
#976=LINE('',#19706,#2789);
#977=LINE('',#19707,#2790);
#978=LINE('',#19710,#2791);
#979=LINE('',#19711,#2792);
#980=LINE('',#19714,#2793);
#981=LINE('',#19715,#2794);
#982=LINE('',#19718,#2795);
#983=LINE('',#19719,#2796);
#984=LINE('',#19722,#2797);
#985=LINE('',#19723,#2798);
#986=LINE('',#19726,#2799);
#987=LINE('',#19727,#2800);
#988=LINE('',#19730,#2801);
#989=LINE('',#19731,#2802);
#990=LINE('',#19734,#2803);
#991=LINE('',#19735,#2804);
#992=LINE('',#19738,#2805);
#993=LINE('',#19739,#2806);
#994=LINE('',#19742,#2807);
#995=LINE('',#19743,#2808);
#996=LINE('',#19746,#2809);
#997=LINE('',#19747,#2810);
#998=LINE('',#19750,#2811);
#999=LINE('',#19751,#2812);
#1000=LINE('',#19754,#2813);
#1001=LINE('',#19755,#2814);
#1002=LINE('',#19758,#2815);
#1003=LINE('',#19760,#2816);
#1004=LINE('',#19762,#2817);
#1005=LINE('',#19764,#2818);
#1006=LINE('',#19766,#2819);
#1007=LINE('',#19768,#2820);
#1008=LINE('',#19769,#2821);
#1009=LINE('',#19772,#2822);
#1010=LINE('',#19773,#2823);
#1011=LINE('',#19774,#2824);
#1012=LINE('',#19777,#2825);
#1013=LINE('',#19778,#2826);
#1014=LINE('',#19780,#2827);
#1015=LINE('',#19782,#2828);
#1016=LINE('',#19783,#2829);
#1017=LINE('',#19786,#2830);
#1018=LINE('',#19788,#2831);
#1019=LINE('',#19789,#2832);
#1020=LINE('',#19792,#2833);
#1021=LINE('',#19793,#2834);
#1022=LINE('',#19794,#2835);
#1023=LINE('',#19797,#2836);
#1024=LINE('',#19799,#2837);
#1025=LINE('',#19801,#2838);
#1026=LINE('',#19803,#2839);
#1027=LINE('',#19804,#2840);
#1028=LINE('',#19805,#2841);
#1029=LINE('',#19807,#2842);
#1030=LINE('',#19808,#2843);
#1031=LINE('',#19810,#2844);
#1032=LINE('',#19813,#2845);
#1033=LINE('',#19814,#2846);
#1034=LINE('',#19817,#2847);
#1035=LINE('',#19818,#2848);
#1036=LINE('',#19821,#2849);
#1037=LINE('',#19822,#2850);
#1038=LINE('',#19825,#2851);
#1039=LINE('',#19826,#2852);
#1040=LINE('',#19829,#2853);
#1041=LINE('',#19830,#2854);
#1042=LINE('',#19833,#2855);
#1043=LINE('',#19834,#2856);
#1044=LINE('',#19837,#2857);
#1045=LINE('',#19838,#2858);
#1046=LINE('',#19841,#2859);
#1047=LINE('',#19842,#2860);
#1048=LINE('',#19845,#2861);
#1049=LINE('',#19846,#2862);
#1050=LINE('',#19849,#2863);
#1051=LINE('',#19850,#2864);
#1052=LINE('',#19853,#2865);
#1053=LINE('',#19854,#2866);
#1054=LINE('',#19857,#2867);
#1055=LINE('',#19858,#2868);
#1056=LINE('',#19861,#2869);
#1057=LINE('',#19862,#2870);
#1058=LINE('',#19865,#2871);
#1059=LINE('',#19866,#2872);
#1060=LINE('',#19869,#2873);
#1061=LINE('',#19870,#2874);
#1062=LINE('',#19873,#2875);
#1063=LINE('',#19874,#2876);
#1064=LINE('',#19877,#2877);
#1065=LINE('',#19878,#2878);
#1066=LINE('',#19881,#2879);
#1067=LINE('',#19882,#2880);
#1068=LINE('',#19885,#2881);
#1069=LINE('',#19886,#2882);
#1070=LINE('',#19889,#2883);
#1071=LINE('',#19890,#2884);
#1072=LINE('',#19893,#2885);
#1073=LINE('',#19894,#2886);
#1074=LINE('',#19897,#2887);
#1075=LINE('',#19898,#2888);
#1076=LINE('',#19900,#2889);
#1077=LINE('',#19903,#2890);
#1078=LINE('',#19904,#2891);
#1079=LINE('',#19907,#2892);
#1080=LINE('',#19908,#2893);
#1081=LINE('',#19911,#2894);
#1082=LINE('',#19912,#2895);
#1083=LINE('',#19915,#2896);
#1084=LINE('',#19916,#2897);
#1085=LINE('',#19919,#2898);
#1086=LINE('',#19920,#2899);
#1087=LINE('',#19923,#2900);
#1088=LINE('',#19924,#2901);
#1089=LINE('',#19927,#2902);
#1090=LINE('',#19928,#2903);
#1091=LINE('',#19931,#2904);
#1092=LINE('',#19932,#2905);
#1093=LINE('',#19935,#2906);
#1094=LINE('',#19936,#2907);
#1095=LINE('',#19939,#2908);
#1096=LINE('',#19940,#2909);
#1097=LINE('',#19943,#2910);
#1098=LINE('',#19944,#2911);
#1099=LINE('',#19947,#2912);
#1100=LINE('',#19948,#2913);
#1101=LINE('',#19951,#2914);
#1102=LINE('',#19952,#2915);
#1103=LINE('',#19955,#2916);
#1104=LINE('',#19956,#2917);
#1105=LINE('',#19959,#2918);
#1106=LINE('',#19960,#2919);
#1107=LINE('',#19963,#2920);
#1108=LINE('',#19964,#2921);
#1109=LINE('',#19967,#2922);
#1110=LINE('',#19968,#2923);
#1111=LINE('',#19971,#2924);
#1112=LINE('',#19972,#2925);
#1113=LINE('',#19975,#2926);
#1114=LINE('',#19976,#2927);
#1115=LINE('',#19979,#2928);
#1116=LINE('',#19980,#2929);
#1117=LINE('',#19983,#2930);
#1118=LINE('',#19984,#2931);
#1119=LINE('',#19987,#2932);
#1120=LINE('',#19988,#2933);
#1121=LINE('',#19990,#2934);
#1122=LINE('',#19992,#2935);
#1123=LINE('',#19994,#2936);
#1124=LINE('',#19996,#2937);
#1125=LINE('',#19999,#2938);
#1126=LINE('',#20001,#2939);
#1127=LINE('',#20004,#2940);
#1128=LINE('',#20006,#2941);
#1129=LINE('',#20008,#2942);
#1130=LINE('',#20011,#2943);
#1131=LINE('',#20013,#2944);
#1132=LINE('',#20016,#2945);
#1133=LINE('',#20018,#2946);
#1134=LINE('',#20022,#2947);
#1135=LINE('',#20023,#2948);
#1136=LINE('',#20025,#2949);
#1137=LINE('',#20028,#2950);
#1138=LINE('',#20029,#2951);
#1139=LINE('',#20031,#2952);
#1140=LINE('',#20034,#2953);
#1141=LINE('',#20035,#2954);
#1142=LINE('',#20037,#2955);
#1143=LINE('',#20040,#2956);
#1144=LINE('',#20041,#2957);
#1145=LINE('',#20043,#2958);
#1146=LINE('',#20046,#2959);
#1147=LINE('',#20047,#2960);
#1148=LINE('',#20049,#2961);
#1149=LINE('',#20052,#2962);
#1150=LINE('',#20053,#2963);
#1151=LINE('',#20055,#2964);
#1152=LINE('',#20058,#2965);
#1153=LINE('',#20059,#2966);
#1154=LINE('',#20061,#2967);
#1155=LINE('',#20064,#2968);
#1156=LINE('',#20065,#2969);
#1157=LINE('',#20067,#2970);
#1158=LINE('',#20070,#2971);
#1159=LINE('',#20071,#2972);
#1160=LINE('',#20073,#2973);
#1161=LINE('',#20076,#2974);
#1162=LINE('',#20077,#2975);
#1163=LINE('',#20079,#2976);
#1164=LINE('',#20082,#2977);
#1165=LINE('',#20083,#2978);
#1166=LINE('',#20085,#2979);
#1167=LINE('',#20088,#2980);
#1168=LINE('',#20089,#2981);
#1169=LINE('',#20091,#2982);
#1170=LINE('',#20094,#2983);
#1171=LINE('',#20095,#2984);
#1172=LINE('',#20097,#2985);
#1173=LINE('',#20100,#2986);
#1174=LINE('',#20101,#2987);
#1175=LINE('',#20103,#2988);
#1176=LINE('',#20106,#2989);
#1177=LINE('',#20107,#2990);
#1178=LINE('',#20109,#2991);
#1179=LINE('',#20112,#2992);
#1180=LINE('',#20113,#2993);
#1181=LINE('',#20115,#2994);
#1182=LINE('',#20118,#2995);
#1183=LINE('',#20119,#2996);
#1184=LINE('',#20121,#2997);
#1185=LINE('',#20125,#2998);
#1186=LINE('',#20128,#2999);
#1187=LINE('',#20129,#3000);
#1188=LINE('',#20131,#3001);
#1189=LINE('',#20134,#3002);
#1190=LINE('',#20135,#3003);
#1191=LINE('',#20137,#3004);
#1192=LINE('',#20140,#3005);
#1193=LINE('',#20141,#3006);
#1194=LINE('',#20144,#3007);
#1195=LINE('',#20145,#3008);
#1196=LINE('',#20148,#3009);
#1197=LINE('',#20149,#3010);
#1198=LINE('',#20152,#3011);
#1199=LINE('',#20153,#3012);
#1200=LINE('',#20156,#3013);
#1201=LINE('',#20157,#3014);
#1202=LINE('',#20160,#3015);
#1203=LINE('',#20161,#3016);
#1204=LINE('',#20164,#3017);
#1205=LINE('',#20165,#3018);
#1206=LINE('',#20168,#3019);
#1207=LINE('',#20169,#3020);
#1208=LINE('',#20172,#3021);
#1209=LINE('',#20173,#3022);
#1210=LINE('',#20176,#3023);
#1211=LINE('',#20177,#3024);
#1212=LINE('',#20180,#3025);
#1213=LINE('',#20181,#3026);
#1214=LINE('',#20184,#3027);
#1215=LINE('',#20185,#3028);
#1216=LINE('',#20188,#3029);
#1217=LINE('',#20189,#3030);
#1218=LINE('',#20192,#3031);
#1219=LINE('',#20193,#3032);
#1220=LINE('',#20196,#3033);
#1221=LINE('',#20197,#3034);
#1222=LINE('',#20200,#3035);
#1223=LINE('',#20201,#3036);
#1224=LINE('',#20204,#3037);
#1225=LINE('',#20205,#3038);
#1226=LINE('',#20208,#3039);
#1227=LINE('',#20209,#3040);
#1228=LINE('',#20212,#3041);
#1229=LINE('',#20213,#3042);
#1230=LINE('',#20216,#3043);
#1231=LINE('',#20217,#3044);
#1232=LINE('',#20220,#3045);
#1233=LINE('',#20221,#3046);
#1234=LINE('',#20224,#3047);
#1235=LINE('',#20225,#3048);
#1236=LINE('',#20227,#3049);
#1237=LINE('',#20230,#3050);
#1238=LINE('',#20231,#3051);
#1239=LINE('',#20234,#3052);
#1240=LINE('',#20235,#3053);
#1241=LINE('',#20238,#3054);
#1242=LINE('',#20239,#3055);
#1243=LINE('',#20242,#3056);
#1244=LINE('',#20243,#3057);
#1245=LINE('',#20246,#3058);
#1246=LINE('',#20247,#3059);
#1247=LINE('',#20250,#3060);
#1248=LINE('',#20251,#3061);
#1249=LINE('',#20254,#3062);
#1250=LINE('',#20255,#3063);
#1251=LINE('',#20258,#3064);
#1252=LINE('',#20259,#3065);
#1253=LINE('',#20262,#3066);
#1254=LINE('',#20263,#3067);
#1255=LINE('',#20266,#3068);
#1256=LINE('',#20267,#3069);
#1257=LINE('',#20270,#3070);
#1258=LINE('',#20271,#3071);
#1259=LINE('',#20274,#3072);
#1260=LINE('',#20275,#3073);
#1261=LINE('',#20278,#3074);
#1262=LINE('',#20279,#3075);
#1263=LINE('',#20282,#3076);
#1264=LINE('',#20283,#3077);
#1265=LINE('',#20286,#3078);
#1266=LINE('',#20287,#3079);
#1267=LINE('',#20290,#3080);
#1268=LINE('',#20291,#3081);
#1269=LINE('',#20294,#3082);
#1270=LINE('',#20295,#3083);
#1271=LINE('',#20298,#3084);
#1272=LINE('',#20299,#3085);
#1273=LINE('',#20302,#3086);
#1274=LINE('',#20303,#3087);
#1275=LINE('',#20306,#3088);
#1276=LINE('',#20307,#3089);
#1277=LINE('',#20310,#3090);
#1278=LINE('',#20311,#3091);
#1279=LINE('',#20314,#3092);
#1280=LINE('',#20315,#3093);
#1281=LINE('',#20317,#3094);
#1282=LINE('',#20320,#3095);
#1283=LINE('',#20321,#3096);
#1284=LINE('',#20324,#3097);
#1285=LINE('',#20325,#3098);
#1286=LINE('',#20328,#3099);
#1287=LINE('',#20329,#3100);
#1288=LINE('',#20332,#3101);
#1289=LINE('',#20333,#3102);
#1290=LINE('',#20336,#3103);
#1291=LINE('',#20337,#3104);
#1292=LINE('',#20340,#3105);
#1293=LINE('',#20341,#3106);
#1294=LINE('',#20344,#3107);
#1295=LINE('',#20345,#3108);
#1296=LINE('',#20348,#3109);
#1297=LINE('',#20349,#3110);
#1298=LINE('',#20352,#3111);
#1299=LINE('',#20353,#3112);
#1300=LINE('',#20356,#3113);
#1301=LINE('',#20357,#3114);
#1302=LINE('',#20360,#3115);
#1303=LINE('',#20361,#3116);
#1304=LINE('',#20364,#3117);
#1305=LINE('',#20365,#3118);
#1306=LINE('',#20368,#3119);
#1307=LINE('',#20369,#3120);
#1308=LINE('',#20372,#3121);
#1309=LINE('',#20373,#3122);
#1310=LINE('',#20376,#3123);
#1311=LINE('',#20377,#3124);
#1312=LINE('',#20380,#3125);
#1313=LINE('',#20381,#3126);
#1314=LINE('',#20384,#3127);
#1315=LINE('',#20385,#3128);
#1316=LINE('',#20388,#3129);
#1317=LINE('',#20389,#3130);
#1318=LINE('',#20392,#3131);
#1319=LINE('',#20393,#3132);
#1320=LINE('',#20396,#3133);
#1321=LINE('',#20397,#3134);
#1322=LINE('',#20400,#3135);
#1323=LINE('',#20401,#3136);
#1324=LINE('',#20404,#3137);
#1325=LINE('',#20405,#3138);
#1326=LINE('',#20408,#3139);
#1327=LINE('',#20409,#3140);
#1328=LINE('',#20412,#3141);
#1329=LINE('',#20413,#3142);
#1330=LINE('',#20416,#3143);
#1331=LINE('',#20417,#3144);
#1332=LINE('',#20420,#3145);
#1333=LINE('',#20421,#3146);
#1334=LINE('',#20424,#3147);
#1335=LINE('',#20425,#3148);
#1336=LINE('',#20428,#3149);
#1337=LINE('',#20429,#3150);
#1338=LINE('',#20431,#3151);
#1339=LINE('',#20437,#3152);
#1340=LINE('',#20456,#3153);
#1341=LINE('',#20474,#3154);
#1342=LINE('',#20478,#3155);
#1343=LINE('',#20482,#3156);
#1344=LINE('',#20488,#3157);
#1345=LINE('',#20494,#3158);
#1346=LINE('',#20500,#3159);
#1347=LINE('',#20506,#3160);
#1348=LINE('',#20510,#3161);
#1349=LINE('',#20513,#3162);
#1350=LINE('',#20514,#3163);
#1351=LINE('',#20525,#3164);
#1352=LINE('',#20527,#3165);
#1353=LINE('',#20529,#3166);
#1354=LINE('',#20530,#3167);
#1355=LINE('',#20533,#3168);
#1356=LINE('',#20535,#3169);
#1357=LINE('',#20537,#3170);
#1358=LINE('',#20538,#3171);
#1359=LINE('',#20541,#3172);
#1360=LINE('',#20543,#3173);
#1361=LINE('',#20545,#3174);
#1362=LINE('',#20546,#3175);
#1363=LINE('',#20549,#3176);
#1364=LINE('',#20551,#3177);
#1365=LINE('',#20553,#3178);
#1366=LINE('',#20554,#3179);
#1367=LINE('',#20557,#3180);
#1368=LINE('',#20559,#3181);
#1369=LINE('',#20561,#3182);
#1370=LINE('',#20562,#3183);
#1371=LINE('',#20565,#3184);
#1372=LINE('',#20567,#3185);
#1373=LINE('',#20569,#3186);
#1374=LINE('',#20570,#3187);
#1375=LINE('',#20573,#3188);
#1376=LINE('',#20575,#3189);
#1377=LINE('',#20577,#3190);
#1378=LINE('',#20578,#3191);
#1379=LINE('',#20581,#3192);
#1380=LINE('',#20583,#3193);
#1381=LINE('',#20585,#3194);
#1382=LINE('',#20586,#3195);
#1383=LINE('',#20589,#3196);
#1384=LINE('',#20591,#3197);
#1385=LINE('',#20593,#3198);
#1386=LINE('',#20594,#3199);
#1387=LINE('',#20597,#3200);
#1388=LINE('',#20599,#3201);
#1389=LINE('',#20601,#3202);
#1390=LINE('',#20602,#3203);
#1391=LINE('',#20605,#3204);
#1392=LINE('',#20607,#3205);
#1393=LINE('',#20609,#3206);
#1394=LINE('',#20610,#3207);
#1395=LINE('',#20613,#3208);
#1396=LINE('',#20615,#3209);
#1397=LINE('',#20617,#3210);
#1398=LINE('',#20618,#3211);
#1399=LINE('',#20621,#3212);
#1400=LINE('',#20623,#3213);
#1401=LINE('',#20625,#3214);
#1402=LINE('',#20626,#3215);
#1403=LINE('',#20629,#3216);
#1404=LINE('',#20631,#3217);
#1405=LINE('',#20633,#3218);
#1406=LINE('',#20634,#3219);
#1407=LINE('',#20637,#3220);
#1408=LINE('',#20639,#3221);
#1409=LINE('',#20641,#3222);
#1410=LINE('',#20642,#3223);
#1411=LINE('',#20645,#3224);
#1412=LINE('',#20647,#3225);
#1413=LINE('',#20649,#3226);
#1414=LINE('',#20650,#3227);
#1415=LINE('',#20653,#3228);
#1416=LINE('',#20655,#3229);
#1417=LINE('',#20657,#3230);
#1418=LINE('',#20658,#3231);
#1419=LINE('',#20661,#3232);
#1420=LINE('',#20663,#3233);
#1421=LINE('',#20665,#3234);
#1422=LINE('',#20666,#3235);
#1423=LINE('',#20669,#3236);
#1424=LINE('',#20671,#3237);
#1425=LINE('',#20673,#3238);
#1426=LINE('',#20674,#3239);
#1427=LINE('',#20677,#3240);
#1428=LINE('',#20679,#3241);
#1429=LINE('',#20681,#3242);
#1430=LINE('',#20682,#3243);
#1431=LINE('',#20685,#3244);
#1432=LINE('',#20687,#3245);
#1433=LINE('',#20689,#3246);
#1434=LINE('',#20690,#3247);
#1435=LINE('',#20693,#3248);
#1436=LINE('',#20695,#3249);
#1437=LINE('',#20697,#3250);
#1438=LINE('',#20699,#3251);
#1439=LINE('',#20701,#3252);
#1440=LINE('',#20703,#3253);
#1441=LINE('',#20705,#3254);
#1442=LINE('',#20707,#3255);
#1443=LINE('',#20709,#3256);
#1444=LINE('',#20711,#3257);
#1445=LINE('',#20713,#3258);
#1446=LINE('',#20714,#3259);
#1447=LINE('',#20717,#3260);
#1448=LINE('',#20719,#3261);
#1449=LINE('',#20721,#3262);
#1450=LINE('',#20723,#3263);
#1451=LINE('',#20725,#3264);
#1452=LINE('',#20727,#3265);
#1453=LINE('',#20729,#3266);
#1454=LINE('',#20731,#3267);
#1455=LINE('',#20733,#3268);
#1456=LINE('',#20735,#3269);
#1457=LINE('',#20737,#3270);
#1458=LINE('',#20738,#3271);
#1459=LINE('',#20741,#3272);
#1460=LINE('',#20743,#3273);
#1461=LINE('',#20745,#3274);
#1462=LINE('',#20747,#3275);
#1463=LINE('',#20749,#3276);
#1464=LINE('',#20751,#3277);
#1465=LINE('',#20753,#3278);
#1466=LINE('',#20755,#3279);
#1467=LINE('',#20757,#3280);
#1468=LINE('',#20759,#3281);
#1469=LINE('',#20761,#3282);
#1470=LINE('',#20762,#3283);
#1471=LINE('',#20767,#3284);
#1472=LINE('',#20768,#3285);
#1473=LINE('',#20771,#3286);
#1474=LINE('',#20772,#3287);
#1475=LINE('',#20791,#3288);
#1476=LINE('',#20793,#3289);
#1477=LINE('',#20795,#3290);
#1478=LINE('',#20797,#3291);
#1479=LINE('',#20798,#3292);
#1480=LINE('',#20799,#3293);
#1481=LINE('',#20801,#3294);
#1482=LINE('',#20803,#3295);
#1483=LINE('',#20807,#3296);
#1484=LINE('',#20812,#3297);
#1485=LINE('',#20814,#3298);
#1486=LINE('',#20815,#3299);
#1487=LINE('',#20818,#3300);
#1488=LINE('',#20819,#3301);
#1489=LINE('',#20822,#3302);
#1490=LINE('',#20823,#3303);
#1491=LINE('',#20826,#3304);
#1492=LINE('',#20827,#3305);
#1493=LINE('',#20830,#3306);
#1494=LINE('',#20831,#3307);
#1495=LINE('',#20834,#3308);
#1496=LINE('',#20835,#3309);
#1497=LINE('',#20838,#3310);
#1498=LINE('',#20839,#3311);
#1499=LINE('',#20842,#3312);
#1500=LINE('',#20843,#3313);
#1501=LINE('',#20846,#3314);
#1502=LINE('',#20847,#3315);
#1503=LINE('',#20850,#3316);
#1504=LINE('',#20851,#3317);
#1505=LINE('',#20854,#3318);
#1506=LINE('',#20855,#3319);
#1507=LINE('',#20857,#3320);
#1508=LINE('',#20861,#3321);
#1509=LINE('',#20863,#3322);
#1510=LINE('',#20864,#3323);
#1511=LINE('',#20867,#3324);
#1512=LINE('',#20868,#3325);
#1513=LINE('',#20871,#3326);
#1514=LINE('',#20872,#3327);
#1515=LINE('',#20875,#3328);
#1516=LINE('',#20876,#3329);
#1517=LINE('',#20879,#3330);
#1518=LINE('',#20880,#3331);
#1519=LINE('',#20883,#3332);
#1520=LINE('',#20884,#3333);
#1521=LINE('',#20887,#3334);
#1522=LINE('',#20888,#3335);
#1523=LINE('',#20891,#3336);
#1524=LINE('',#20892,#3337);
#1525=LINE('',#20895,#3338);
#1526=LINE('',#20896,#3339);
#1527=LINE('',#20899,#3340);
#1528=LINE('',#20900,#3341);
#1529=LINE('',#20903,#3342);
#1530=LINE('',#20904,#3343);
#1531=LINE('',#20906,#3344);
#1532=LINE('',#20910,#3345);
#1533=LINE('',#20912,#3346);
#1534=LINE('',#20913,#3347);
#1535=LINE('',#20916,#3348);
#1536=LINE('',#20917,#3349);
#1537=LINE('',#20920,#3350);
#1538=LINE('',#20921,#3351);
#1539=LINE('',#20924,#3352);
#1540=LINE('',#20925,#3353);
#1541=LINE('',#20928,#3354);
#1542=LINE('',#20929,#3355);
#1543=LINE('',#20932,#3356);
#1544=LINE('',#20933,#3357);
#1545=LINE('',#20936,#3358);
#1546=LINE('',#20937,#3359);
#1547=LINE('',#20940,#3360);
#1548=LINE('',#20941,#3361);
#1549=LINE('',#20944,#3362);
#1550=LINE('',#20945,#3363);
#1551=LINE('',#20948,#3364);
#1552=LINE('',#20949,#3365);
#1553=LINE('',#20952,#3366);
#1554=LINE('',#20953,#3367);
#1555=LINE('',#20955,#3368);
#1556=LINE('',#20959,#3369);
#1557=LINE('',#20961,#3370);
#1558=LINE('',#20962,#3371);
#1559=LINE('',#20965,#3372);
#1560=LINE('',#20966,#3373);
#1561=LINE('',#20969,#3374);
#1562=LINE('',#20970,#3375);
#1563=LINE('',#20972,#3376);
#1564=LINE('',#20976,#3377);
#1565=LINE('',#20978,#3378);
#1566=LINE('',#20980,#3379);
#1567=LINE('',#20981,#3380);
#1568=LINE('',#20984,#3381);
#1569=LINE('',#20986,#3382);
#1570=LINE('',#20987,#3383);
#1571=LINE('',#20990,#3384);
#1572=LINE('',#20991,#3385);
#1573=LINE('',#20994,#3386);
#1574=LINE('',#20995,#3387);
#1575=LINE('',#20997,#3388);
#1576=LINE('',#21001,#3389);
#1577=LINE('',#21003,#3390);
#1578=LINE('',#21005,#3391);
#1579=LINE('',#21006,#3392);
#1580=LINE('',#21009,#3393);
#1581=LINE('',#21011,#3394);
#1582=LINE('',#21012,#3395);
#1583=LINE('',#21015,#3396);
#1584=LINE('',#21016,#3397);
#1585=LINE('',#21019,#3398);
#1586=LINE('',#21020,#3399);
#1587=LINE('',#21022,#3400);
#1588=LINE('',#21026,#3401);
#1589=LINE('',#21028,#3402);
#1590=LINE('',#21030,#3403);
#1591=LINE('',#21031,#3404);
#1592=LINE('',#21034,#3405);
#1593=LINE('',#21036,#3406);
#1594=LINE('',#21037,#3407);
#1595=LINE('',#21040,#3408);
#1596=LINE('',#21041,#3409);
#1597=LINE('',#21044,#3410);
#1598=LINE('',#21046,#3411);
#1599=LINE('',#21047,#3412);
#1600=LINE('',#21050,#3413);
#1601=LINE('',#21051,#3414);
#1602=LINE('',#21054,#3415);
#1603=LINE('',#21056,#3416);
#1604=LINE('',#21057,#3417);
#1605=LINE('',#21060,#3418);
#1606=LINE('',#21061,#3419);
#1607=LINE('',#21064,#3420);
#1608=LINE('',#21066,#3421);
#1609=LINE('',#21067,#3422);
#1610=LINE('',#21070,#3423);
#1611=LINE('',#21071,#3424);
#1612=LINE('',#21074,#3425);
#1613=LINE('',#21075,#3426);
#1614=LINE('',#21077,#3427);
#1615=LINE('',#21081,#3428);
#1616=LINE('',#21083,#3429);
#1617=LINE('',#21085,#3430);
#1618=LINE('',#21086,#3431);
#1619=LINE('',#21089,#3432);
#1620=LINE('',#21091,#3433);
#1621=LINE('',#21092,#3434);
#1622=LINE('',#21095,#3435);
#1623=LINE('',#21096,#3436);
#1624=LINE('',#21099,#3437);
#1625=LINE('',#21101,#3438);
#1626=LINE('',#21102,#3439);
#1627=LINE('',#21105,#3440);
#1628=LINE('',#21106,#3441);
#1629=LINE('',#21109,#3442);
#1630=LINE('',#21110,#3443);
#1631=LINE('',#21112,#3444);
#1632=LINE('',#21116,#3445);
#1633=LINE('',#21118,#3446);
#1634=LINE('',#21120,#3447);
#1635=LINE('',#21121,#3448);
#1636=LINE('',#21124,#3449);
#1637=LINE('',#21126,#3450);
#1638=LINE('',#21127,#3451);
#1639=LINE('',#21130,#3452);
#1640=LINE('',#21131,#3453);
#1641=LINE('',#21134,#3454);
#1642=LINE('',#21135,#3455);
#1643=LINE('',#21137,#3456);
#1644=LINE('',#21141,#3457);
#1645=LINE('',#21143,#3458);
#1646=LINE('',#21145,#3459);
#1647=LINE('',#21146,#3460);
#1648=LINE('',#21149,#3461);
#1649=LINE('',#21151,#3462);
#1650=LINE('',#21152,#3463);
#1651=LINE('',#21155,#3464);
#1652=LINE('',#21156,#3465);
#1653=LINE('',#21159,#3466);
#1654=LINE('',#21160,#3467);
#1655=LINE('',#21162,#3468);
#1656=LINE('',#21166,#3469);
#1657=LINE('',#21168,#3470);
#1658=LINE('',#21170,#3471);
#1659=LINE('',#21171,#3472);
#1660=LINE('',#21174,#3473);
#1661=LINE('',#21176,#3474);
#1662=LINE('',#21177,#3475);
#1663=LINE('',#21180,#3476);
#1664=LINE('',#21181,#3477);
#1665=LINE('',#21184,#3478);
#1666=LINE('',#21185,#3479);
#1667=LINE('',#21187,#3480);
#1668=LINE('',#21191,#3481);
#1669=LINE('',#21193,#3482);
#1670=LINE('',#21195,#3483);
#1671=LINE('',#21196,#3484);
#1672=LINE('',#21199,#3485);
#1673=LINE('',#21201,#3486);
#1674=LINE('',#21202,#3487);
#1675=LINE('',#21205,#3488);
#1676=LINE('',#21206,#3489);
#1677=LINE('',#21209,#3490);
#1678=LINE('',#21210,#3491);
#1679=LINE('',#21212,#3492);
#1680=LINE('',#21216,#3493);
#1681=LINE('',#21218,#3494);
#1682=LINE('',#21220,#3495);
#1683=LINE('',#21221,#3496);
#1684=LINE('',#21224,#3497);
#1685=LINE('',#21226,#3498);
#1686=LINE('',#21227,#3499);
#1687=LINE('',#21230,#3500);
#1688=LINE('',#21231,#3501);
#1689=LINE('',#21234,#3502);
#1690=LINE('',#21235,#3503);
#1691=LINE('',#21237,#3504);
#1692=LINE('',#21241,#3505);
#1693=LINE('',#21243,#3506);
#1694=LINE('',#21245,#3507);
#1695=LINE('',#21246,#3508);
#1696=LINE('',#21249,#3509);
#1697=LINE('',#21251,#3510);
#1698=LINE('',#21252,#3511);
#1699=LINE('',#21255,#3512);
#1700=LINE('',#21256,#3513);
#1701=LINE('',#21259,#3514);
#1702=LINE('',#21260,#3515);
#1703=LINE('',#21262,#3516);
#1704=LINE('',#21266,#3517);
#1705=LINE('',#21268,#3518);
#1706=LINE('',#21270,#3519);
#1707=LINE('',#21271,#3520);
#1708=LINE('',#21274,#3521);
#1709=LINE('',#21276,#3522);
#1710=LINE('',#21277,#3523);
#1711=LINE('',#21280,#3524);
#1712=LINE('',#21281,#3525);
#1713=LINE('',#21284,#3526);
#1714=LINE('',#21285,#3527);
#1715=LINE('',#21287,#3528);
#1716=LINE('',#21291,#3529);
#1717=LINE('',#21293,#3530);
#1718=LINE('',#21295,#3531);
#1719=LINE('',#21296,#3532);
#1720=LINE('',#21299,#3533);
#1721=LINE('',#21301,#3534);
#1722=LINE('',#21302,#3535);
#1723=LINE('',#21305,#3536);
#1724=LINE('',#21306,#3537);
#1725=LINE('',#21309,#3538);
#1726=LINE('',#21310,#3539);
#1727=LINE('',#21312,#3540);
#1728=LINE('',#21316,#3541);
#1729=LINE('',#21318,#3542);
#1730=LINE('',#21320,#3543);
#1731=LINE('',#21321,#3544);
#1732=LINE('',#21324,#3545);
#1733=LINE('',#21326,#3546);
#1734=LINE('',#21327,#3547);
#1735=LINE('',#21330,#3548);
#1736=LINE('',#21331,#3549);
#1737=LINE('',#21334,#3550);
#1738=LINE('',#21335,#3551);
#1739=LINE('',#21337,#3552);
#1740=LINE('',#21341,#3553);
#1741=LINE('',#21343,#3554);
#1742=LINE('',#21345,#3555);
#1743=LINE('',#21346,#3556);
#1744=LINE('',#21349,#3557);
#1745=LINE('',#21351,#3558);
#1746=LINE('',#21352,#3559);
#1747=LINE('',#21355,#3560);
#1748=LINE('',#21356,#3561);
#1749=LINE('',#21359,#3562);
#1750=LINE('',#21360,#3563);
#1751=LINE('',#21362,#3564);
#1752=LINE('',#21366,#3565);
#1753=LINE('',#21368,#3566);
#1754=LINE('',#21370,#3567);
#1755=LINE('',#21371,#3568);
#1756=LINE('',#21374,#3569);
#1757=LINE('',#21376,#3570);
#1758=LINE('',#21377,#3571);
#1759=LINE('',#21380,#3572);
#1760=LINE('',#21381,#3573);
#1761=LINE('',#21384,#3574);
#1762=LINE('',#21385,#3575);
#1763=LINE('',#21387,#3576);
#1764=LINE('',#21391,#3577);
#1765=LINE('',#21393,#3578);
#1766=LINE('',#21395,#3579);
#1767=LINE('',#21396,#3580);
#1768=LINE('',#21399,#3581);
#1769=LINE('',#21401,#3582);
#1770=LINE('',#21402,#3583);
#1771=LINE('',#21405,#3584);
#1772=LINE('',#21406,#3585);
#1773=LINE('',#21409,#3586);
#1774=LINE('',#21410,#3587);
#1775=LINE('',#21412,#3588);
#1776=LINE('',#21416,#3589);
#1777=LINE('',#21418,#3590);
#1778=LINE('',#21420,#3591);
#1779=LINE('',#21421,#3592);
#1780=LINE('',#21424,#3593);
#1781=LINE('',#21426,#3594);
#1782=LINE('',#21427,#3595);
#1783=LINE('',#21430,#3596);
#1784=LINE('',#21431,#3597);
#1785=LINE('',#21434,#3598);
#1786=LINE('',#21435,#3599);
#1787=LINE('',#21437,#3600);
#1788=LINE('',#21441,#3601);
#1789=LINE('',#21443,#3602);
#1790=LINE('',#21445,#3603);
#1791=LINE('',#21446,#3604);
#1792=LINE('',#21449,#3605);
#1793=LINE('',#21451,#3606);
#1794=LINE('',#21452,#3607);
#1795=LINE('',#21455,#3608);
#1796=LINE('',#21456,#3609);
#1797=LINE('',#21459,#3610);
#1798=LINE('',#21461,#3611);
#1799=LINE('',#21462,#3612);
#1800=LINE('',#21465,#3613);
#1801=LINE('',#21466,#3614);
#1802=LINE('',#21469,#3615);
#1803=LINE('',#21471,#3616);
#1804=LINE('',#21472,#3617);
#1805=LINE('',#21475,#3618);
#1806=LINE('',#21476,#3619);
#1807=LINE('',#21479,#3620);
#1808=LINE('',#21481,#3621);
#1809=LINE('',#21482,#3622);
#1810=LINE('',#21485,#3623);
#1811=LINE('',#21486,#3624);
#1812=LINE('',#21489,#3625);
#1813=LINE('',#21491,#3626);
#1814=LINE('',#21492,#3627);
#1815=LINE('',#21495,#3628);
#1816=LINE('',#21496,#3629);
#1817=LINE('',#21499,#3630);
#1818=LINE('',#21501,#3631);
#1819=LINE('',#21502,#3632);
#1820=LINE('',#21505,#3633);
#1821=LINE('',#21506,#3634);
#1822=LINE('',#21509,#3635);
#1823=LINE('',#21511,#3636);
#1824=LINE('',#21512,#3637);
#1825=LINE('',#21515,#3638);
#1826=LINE('',#21516,#3639);
#1827=LINE('',#21519,#3640);
#1828=LINE('',#21521,#3641);
#1829=LINE('',#21522,#3642);
#1830=LINE('',#21525,#3643);
#1831=LINE('',#21526,#3644);
#1832=LINE('',#21529,#3645);
#1833=LINE('',#21531,#3646);
#1834=LINE('',#21532,#3647);
#1835=LINE('',#21535,#3648);
#1836=LINE('',#21536,#3649);
#1837=LINE('',#21539,#3650);
#1838=LINE('',#21541,#3651);
#1839=LINE('',#21542,#3652);
#1840=LINE('',#21545,#3653);
#1841=LINE('',#21546,#3654);
#1842=LINE('',#21549,#3655);
#1843=LINE('',#21551,#3656);
#1844=LINE('',#21552,#3657);
#1845=LINE('',#21555,#3658);
#1846=LINE('',#21556,#3659);
#1847=LINE('',#21559,#3660);
#1848=LINE('',#21561,#3661);
#1849=LINE('',#21562,#3662);
#1850=LINE('',#21565,#3663);
#1851=LINE('',#21566,#3664);
#1852=LINE('',#21569,#3665);
#1853=LINE('',#21571,#3666);
#1854=LINE('',#21572,#3667);
#1855=LINE('',#21575,#3668);
#1856=LINE('',#21576,#3669);
#1857=LINE('',#21579,#3670);
#1858=LINE('',#21581,#3671);
#1859=LINE('',#21582,#3672);
#1860=LINE('',#21585,#3673);
#1861=LINE('',#21586,#3674);
#1862=LINE('',#21589,#3675);
#1863=LINE('',#21591,#3676);
#1864=LINE('',#21592,#3677);
#1865=LINE('',#21595,#3678);
#1866=LINE('',#21596,#3679);
#1867=LINE('',#21599,#3680);
#1868=LINE('',#21600,#3681);
#1869=LINE('',#21602,#3682);
#1870=LINE('',#21606,#3683);
#1871=LINE('',#21608,#3684);
#1872=LINE('',#21610,#3685);
#1873=LINE('',#21611,#3686);
#1874=LINE('',#21614,#3687);
#1875=LINE('',#21616,#3688);
#1876=LINE('',#21617,#3689);
#1877=LINE('',#21620,#3690);
#1878=LINE('',#21621,#3691);
#1879=LINE('',#21624,#3692);
#1880=LINE('',#21625,#3693);
#1881=LINE('',#21627,#3694);
#1882=LINE('',#21631,#3695);
#1883=LINE('',#21633,#3696);
#1884=LINE('',#21635,#3697);
#1885=LINE('',#21636,#3698);
#1886=LINE('',#21639,#3699);
#1887=LINE('',#21641,#3700);
#1888=LINE('',#21642,#3701);
#1889=LINE('',#21645,#3702);
#1890=LINE('',#21646,#3703);
#1891=LINE('',#21649,#3704);
#1892=LINE('',#21650,#3705);
#1893=LINE('',#21652,#3706);
#1894=LINE('',#21656,#3707);
#1895=LINE('',#21658,#3708);
#1896=LINE('',#21660,#3709);
#1897=LINE('',#21661,#3710);
#1898=LINE('',#21664,#3711);
#1899=LINE('',#21666,#3712);
#1900=LINE('',#21667,#3713);
#1901=LINE('',#21670,#3714);
#1902=LINE('',#21671,#3715);
#1903=LINE('',#21674,#3716);
#1904=LINE('',#21676,#3717);
#1905=LINE('',#21677,#3718);
#1906=LINE('',#21680,#3719);
#1907=LINE('',#21681,#3720);
#1908=LINE('',#21684,#3721);
#1909=LINE('',#21686,#3722);
#1910=LINE('',#21687,#3723);
#1911=LINE('',#21690,#3724);
#1912=LINE('',#21691,#3725);
#1913=LINE('',#21694,#3726);
#1914=LINE('',#21696,#3727);
#1915=LINE('',#21697,#3728);
#1916=LINE('',#21702,#3729);
#1917=LINE('',#21706,#3730);
#1918=LINE('',#21707,#3731);
#1919=LINE('',#21711,#3732);
#1920=LINE('',#21716,#3733);
#1921=LINE('',#21717,#3734);
#1922=LINE('',#21719,#3735);
#1923=LINE('',#21722,#3736);
#1924=LINE('',#21723,#3737);
#1925=LINE('',#21725,#3738);
#1926=LINE('',#21729,#3739);
#1927=LINE('',#21732,#3740);
#1928=LINE('',#21733,#3741);
#1929=LINE('',#21735,#3742);
#1930=LINE('',#21738,#3743);
#1931=LINE('',#21739,#3744);
#1932=LINE('',#21741,#3745);
#1933=LINE('',#21744,#3746);
#1934=LINE('',#21745,#3747);
#1935=LINE('',#21747,#3748);
#1936=LINE('',#21751,#3749);
#1937=LINE('',#21755,#3750);
#1938=LINE('',#21758,#3751);
#1939=LINE('',#21759,#3752);
#1940=LINE('',#21761,#3753);
#1941=LINE('',#21764,#3754);
#1942=LINE('',#21765,#3755);
#1943=LINE('',#21767,#3756);
#1944=LINE('',#21770,#3757);
#1945=LINE('',#21771,#3758);
#1946=LINE('',#21773,#3759);
#1947=LINE('',#21776,#3760);
#1948=LINE('',#21777,#3761);
#1949=LINE('',#21779,#3762);
#1950=LINE('',#21783,#3763);
#1951=LINE('',#21786,#3764);
#1952=LINE('',#21787,#3765);
#1953=LINE('',#21789,#3766);
#1954=LINE('',#21792,#3767);
#1955=LINE('',#21793,#3768);
#1956=LINE('',#21795,#3769);
#1957=LINE('',#21798,#3770);
#1958=LINE('',#21799,#3771);
#1959=LINE('',#21801,#3772);
#1960=LINE('',#21804,#3773);
#1961=LINE('',#21805,#3774);
#1962=LINE('',#21807,#3775);
#1963=LINE('',#21810,#3776);
#1964=LINE('',#21811,#3777);
#1965=LINE('',#21813,#3778);
#1966=LINE('',#21816,#3779);
#1967=LINE('',#21817,#3780);
#1968=LINE('',#21819,#3781);
#1969=LINE('',#21822,#3782);
#1970=LINE('',#21823,#3783);
#1971=LINE('',#21825,#3784);
#1972=LINE('',#21828,#3785);
#1973=LINE('',#21829,#3786);
#1974=LINE('',#21831,#3787);
#1975=LINE('',#21834,#3788);
#1976=LINE('',#21835,#3789);
#1977=LINE('',#21837,#3790);
#1978=LINE('',#21840,#3791);
#1979=LINE('',#21841,#3792);
#1980=LINE('',#21843,#3793);
#1981=LINE('',#21846,#3794);
#1982=LINE('',#21847,#3795);
#1983=LINE('',#21849,#3796);
#1984=LINE('',#21852,#3797);
#1985=LINE('',#21853,#3798);
#1986=LINE('',#21855,#3799);
#1987=LINE('',#21859,#3800);
#1988=LINE('',#21862,#3801);
#1989=LINE('',#21863,#3802);
#1990=LINE('',#21867,#3803);
#1991=LINE('',#21870,#3804);
#1992=LINE('',#21871,#3805);
#1993=LINE('',#21875,#3806);
#1994=LINE('',#21878,#3807);
#1995=LINE('',#21879,#3808);
#1996=VECTOR('',#14631,10.);
#1997=VECTOR('',#14644,10.);
#1998=VECTOR('',#14647,10.);
#1999=VECTOR('',#14648,10.);
#2000=VECTOR('',#14649,10.);
#2001=VECTOR('',#14650,10.);
#2002=VECTOR('',#14651,10.);
#2003=VECTOR('',#14654,10.);
#2004=VECTOR('',#14655,10.);
#2005=VECTOR('',#14658,10.);
#2006=VECTOR('',#14659,10.);
#2007=VECTOR('',#14662,10.);
#2008=VECTOR('',#14663,10.);
#2009=VECTOR('',#14664,10.);
#2010=VECTOR('',#14665,10.);
#2011=VECTOR('',#14666,10.);
#2012=VECTOR('',#14669,10.);
#2013=VECTOR('',#14670,10.);
#2014=VECTOR('',#14671,10.);
#2015=VECTOR('',#14672,10.);
#2016=VECTOR('',#14673,10.);
#2017=VECTOR('',#14676,10.);
#2018=VECTOR('',#14677,10.);
#2019=VECTOR('',#14690,10.);
#2020=VECTOR('',#14703,10.);
#2021=VECTOR('',#14706,10.);
#2022=VECTOR('',#14707,10.);
#2023=VECTOR('',#14708,10.);
#2024=VECTOR('',#14709,10.);
#2025=VECTOR('',#14710,10.);
#2026=VECTOR('',#14711,10.);
#2027=VECTOR('',#14714,10.);
#2028=VECTOR('',#14715,10.);
#2029=VECTOR('',#14718,10.);
#2030=VECTOR('',#14719,10.);
#2031=VECTOR('',#14722,10.);
#2032=VECTOR('',#14725,10.);
#2033=VECTOR('',#14726,10.);
#2034=VECTOR('',#14727,10.);
#2035=VECTOR('',#14728,10.);
#2036=VECTOR('',#14731,10.);
#2037=VECTOR('',#14732,10.);
#2038=VECTOR('',#14733,10.);
#2039=VECTOR('',#14736,10.);
#2040=VECTOR('',#14737,10.);
#2041=VECTOR('',#14738,10.);
#2042=VECTOR('',#14741,10.);
#2043=VECTOR('',#14742,10.);
#2044=VECTOR('',#14743,10.);
#2045=VECTOR('',#14746,10.);
#2046=VECTOR('',#14747,10.);
#2047=VECTOR('',#14748,10.);
#2048=VECTOR('',#14751,10.);
#2049=VECTOR('',#14752,10.);
#2050=VECTOR('',#14753,10.);
#2051=VECTOR('',#14756,10.);
#2052=VECTOR('',#14757,10.);
#2053=VECTOR('',#14758,10.);
#2054=VECTOR('',#14761,10.);
#2055=VECTOR('',#14762,10.);
#2056=VECTOR('',#14763,10.);
#2057=VECTOR('',#14766,10.);
#2058=VECTOR('',#14767,10.);
#2059=VECTOR('',#14768,10.);
#2060=VECTOR('',#14771,10.);
#2061=VECTOR('',#14772,10.);
#2062=VECTOR('',#14773,10.);
#2063=VECTOR('',#14776,10.);
#2064=VECTOR('',#14777,10.);
#2065=VECTOR('',#14778,10.);
#2066=VECTOR('',#14781,10.);
#2067=VECTOR('',#14782,10.);
#2068=VECTOR('',#14787,10.);
#2069=VECTOR('',#14788,10.);
#2070=VECTOR('',#14789,10.);
#2071=VECTOR('',#14790,10.);
#2072=VECTOR('',#14793,10.);
#2073=VECTOR('',#14794,10.);
#2074=VECTOR('',#14795,10.);
#2075=VECTOR('',#14798,10.);
#2076=VECTOR('',#14799,10.);
#2077=VECTOR('',#14800,10.);
#2078=VECTOR('',#14803,10.);
#2079=VECTOR('',#14804,10.);
#2080=VECTOR('',#14805,10.);
#2081=VECTOR('',#14808,10.);
#2082=VECTOR('',#14809,10.);
#2083=VECTOR('',#14810,10.);
#2084=VECTOR('',#14813,10.);
#2085=VECTOR('',#14814,10.);
#2086=VECTOR('',#14815,10.);
#2087=VECTOR('',#14818,10.);
#2088=VECTOR('',#14819,10.);
#2089=VECTOR('',#14820,10.);
#2090=VECTOR('',#14823,10.);
#2091=VECTOR('',#14824,10.);
#2092=VECTOR('',#14825,10.);
#2093=VECTOR('',#14828,10.);
#2094=VECTOR('',#14829,10.);
#2095=VECTOR('',#14830,10.);
#2096=VECTOR('',#14833,10.);
#2097=VECTOR('',#14834,10.);
#2098=VECTOR('',#14835,10.);
#2099=VECTOR('',#14838,10.);
#2100=VECTOR('',#14839,10.);
#2101=VECTOR('',#14840,10.);
#2102=VECTOR('',#14843,10.);
#2103=VECTOR('',#14844,10.);
#2104=VECTOR('',#14849,10.);
#2105=VECTOR('',#14850,10.);
#2106=VECTOR('',#14851,10.);
#2107=VECTOR('',#14852,10.);
#2108=VECTOR('',#14855,10.);
#2109=VECTOR('',#14856,10.);
#2110=VECTOR('',#14857,10.);
#2111=VECTOR('',#14860,10.);
#2112=VECTOR('',#14861,10.);
#2113=VECTOR('',#14862,10.);
#2114=VECTOR('',#14865,10.);
#2115=VECTOR('',#14866,10.);
#2116=VECTOR('',#14867,10.);
#2117=VECTOR('',#14870,10.);
#2118=VECTOR('',#14871,10.);
#2119=VECTOR('',#14872,10.);
#2120=VECTOR('',#14875,10.);
#2121=VECTOR('',#14876,10.);
#2122=VECTOR('',#14877,10.);
#2123=VECTOR('',#14880,10.);
#2124=VECTOR('',#14881,10.);
#2125=VECTOR('',#14882,10.);
#2126=VECTOR('',#14885,10.);
#2127=VECTOR('',#14886,10.);
#2128=VECTOR('',#14887,10.);
#2129=VECTOR('',#14890,10.);
#2130=VECTOR('',#14891,10.);
#2131=VECTOR('',#14892,10.);
#2132=VECTOR('',#14895,10.);
#2133=VECTOR('',#14896,10.);
#2134=VECTOR('',#14897,10.);
#2135=VECTOR('',#14900,10.);
#2136=VECTOR('',#14901,10.);
#2137=VECTOR('',#14902,10.);
#2138=VECTOR('',#14905,10.);
#2139=VECTOR('',#14906,10.);
#2140=VECTOR('',#14911,10.);
#2141=VECTOR('',#14912,10.);
#2142=VECTOR('',#14913,10.);
#2143=VECTOR('',#14914,10.);
#2144=VECTOR('',#14917,10.);
#2145=VECTOR('',#14918,10.);
#2146=VECTOR('',#14919,10.);
#2147=VECTOR('',#14922,10.);
#2148=VECTOR('',#14923,10.);
#2149=VECTOR('',#14924,10.);
#2150=VECTOR('',#14927,10.);
#2151=VECTOR('',#14928,10.);
#2152=VECTOR('',#14929,10.);
#2153=VECTOR('',#14932,10.);
#2154=VECTOR('',#14933,10.);
#2155=VECTOR('',#14934,10.);
#2156=VECTOR('',#14937,10.);
#2157=VECTOR('',#14938,10.);
#2158=VECTOR('',#14939,10.);
#2159=VECTOR('',#14942,10.);
#2160=VECTOR('',#14943,10.);
#2161=VECTOR('',#14944,10.);
#2162=VECTOR('',#14947,10.);
#2163=VECTOR('',#14948,10.);
#2164=VECTOR('',#14949,10.);
#2165=VECTOR('',#14952,10.);
#2166=VECTOR('',#14953,10.);
#2167=VECTOR('',#14954,10.);
#2168=VECTOR('',#14957,10.);
#2169=VECTOR('',#14958,10.);
#2170=VECTOR('',#14959,10.);
#2171=VECTOR('',#14962,10.);
#2172=VECTOR('',#14963,10.);
#2173=VECTOR('',#14964,10.);
#2174=VECTOR('',#14967,10.);
#2175=VECTOR('',#14968,10.);
#2176=VECTOR('',#14973,10.);
#2177=VECTOR('',#14974,10.);
#2178=VECTOR('',#14975,10.);
#2179=VECTOR('',#14976,10.);
#2180=VECTOR('',#14979,10.);
#2181=VECTOR('',#14980,10.);
#2182=VECTOR('',#14981,10.);
#2183=VECTOR('',#14984,10.);
#2184=VECTOR('',#14985,10.);
#2185=VECTOR('',#14986,10.);
#2186=VECTOR('',#14989,10.);
#2187=VECTOR('',#14990,10.);
#2188=VECTOR('',#14991,10.);
#2189=VECTOR('',#14994,10.);
#2190=VECTOR('',#14995,10.);
#2191=VECTOR('',#14996,10.);
#2192=VECTOR('',#14999,10.);
#2193=VECTOR('',#15000,10.);
#2194=VECTOR('',#15001,10.);
#2195=VECTOR('',#15004,10.);
#2196=VECTOR('',#15005,10.);
#2197=VECTOR('',#15006,10.);
#2198=VECTOR('',#15009,10.);
#2199=VECTOR('',#15010,10.);
#2200=VECTOR('',#15011,10.);
#2201=VECTOR('',#15014,10.);
#2202=VECTOR('',#15015,10.);
#2203=VECTOR('',#15016,10.);
#2204=VECTOR('',#15019,10.);
#2205=VECTOR('',#15020,10.);
#2206=VECTOR('',#15021,10.);
#2207=VECTOR('',#15024,10.);
#2208=VECTOR('',#15025,10.);
#2209=VECTOR('',#15026,10.);
#2210=VECTOR('',#15029,10.);
#2211=VECTOR('',#15030,10.);
#2212=VECTOR('',#15035,10.);
#2213=VECTOR('',#15036,10.);
#2214=VECTOR('',#15037,10.);
#2215=VECTOR('',#15038,10.);
#2216=VECTOR('',#15041,10.);
#2217=VECTOR('',#15042,10.);
#2218=VECTOR('',#15043,10.);
#2219=VECTOR('',#15046,10.);
#2220=VECTOR('',#15047,10.);
#2221=VECTOR('',#15048,10.);
#2222=VECTOR('',#15051,10.);
#2223=VECTOR('',#15052,10.);
#2224=VECTOR('',#15053,10.);
#2225=VECTOR('',#15056,10.);
#2226=VECTOR('',#15057,10.);
#2227=VECTOR('',#15058,10.);
#2228=VECTOR('',#15061,10.);
#2229=VECTOR('',#15062,10.);
#2230=VECTOR('',#15063,10.);
#2231=VECTOR('',#15066,10.);
#2232=VECTOR('',#15067,10.);
#2233=VECTOR('',#15068,10.);
#2234=VECTOR('',#15071,10.);
#2235=VECTOR('',#15072,10.);
#2236=VECTOR('',#15073,10.);
#2237=VECTOR('',#15076,10.);
#2238=VECTOR('',#15077,10.);
#2239=VECTOR('',#15078,10.);
#2240=VECTOR('',#15081,10.);
#2241=VECTOR('',#15082,10.);
#2242=VECTOR('',#15083,10.);
#2243=VECTOR('',#15086,10.);
#2244=VECTOR('',#15087,10.);
#2245=VECTOR('',#15088,10.);
#2246=VECTOR('',#15091,10.);
#2247=VECTOR('',#15092,10.);
#2248=VECTOR('',#15099,2.225);
#2249=VECTOR('',#15106,10.);
#2250=VECTOR('',#15109,10.);
#2251=VECTOR('',#15112,3.825);
#2252=VECTOR('',#15121,10.);
#2253=VECTOR('',#15122,10.);
#2254=VECTOR('',#15123,10.);
#2255=VECTOR('',#15124,10.);
#2256=VECTOR('',#15125,10.);
#2257=VECTOR('',#15126,10.);
#2258=VECTOR('',#15127,10.);
#2259=VECTOR('',#15128,10.);
#2260=VECTOR('',#15129,10.);
#2261=VECTOR('',#15130,10.);
#2262=VECTOR('',#15131,10.);
#2263=VECTOR('',#15132,10.);
#2264=VECTOR('',#15133,10.);
#2265=VECTOR('',#15134,10.);
#2266=VECTOR('',#15135,10.);
#2267=VECTOR('',#15136,10.);
#2268=VECTOR('',#15137,10.);
#2269=VECTOR('',#15138,10.);
#2270=VECTOR('',#15139,10.);
#2271=VECTOR('',#15140,10.);
#2272=VECTOR('',#15141,10.);
#2273=VECTOR('',#15142,10.);
#2274=VECTOR('',#15143,10.);
#2275=VECTOR('',#15144,10.);
#2276=VECTOR('',#15145,10.);
#2277=VECTOR('',#15146,10.);
#2278=VECTOR('',#15147,10.);
#2279=VECTOR('',#15148,10.);
#2280=VECTOR('',#15149,10.);
#2281=VECTOR('',#15150,10.);
#2282=VECTOR('',#15151,10.);
#2283=VECTOR('',#15152,10.);
#2284=VECTOR('',#15153,10.);
#2285=VECTOR('',#15154,10.);
#2286=VECTOR('',#15155,10.);
#2287=VECTOR('',#15156,10.);
#2288=VECTOR('',#15157,10.);
#2289=VECTOR('',#15158,10.);
#2290=VECTOR('',#15159,10.);
#2291=VECTOR('',#15160,10.);
#2292=VECTOR('',#15161,10.);
#2293=VECTOR('',#15162,10.);
#2294=VECTOR('',#15163,10.);
#2295=VECTOR('',#15164,10.);
#2296=VECTOR('',#15165,10.);
#2297=VECTOR('',#15166,10.);
#2298=VECTOR('',#15167,10.);
#2299=VECTOR('',#15168,10.);
#2300=VECTOR('',#15169,10.);
#2301=VECTOR('',#15170,10.);
#2302=VECTOR('',#15171,10.);
#2303=VECTOR('',#15172,10.);
#2304=VECTOR('',#15173,10.);
#2305=VECTOR('',#15174,10.);
#2306=VECTOR('',#15175,10.);
#2307=VECTOR('',#15176,10.);
#2308=VECTOR('',#15177,10.);
#2309=VECTOR('',#15178,10.);
#2310=VECTOR('',#15179,10.);
#2311=VECTOR('',#15180,10.);
#2312=VECTOR('',#15181,10.);
#2313=VECTOR('',#15182,10.);
#2314=VECTOR('',#15183,10.);
#2315=VECTOR('',#15184,10.);
#2316=VECTOR('',#15185,10.);
#2317=VECTOR('',#15186,10.);
#2318=VECTOR('',#15187,10.);
#2319=VECTOR('',#15188,10.);
#2320=VECTOR('',#15189,10.);
#2321=VECTOR('',#15190,10.);
#2322=VECTOR('',#15191,10.);
#2323=VECTOR('',#15192,10.);
#2324=VECTOR('',#15193,10.);
#2325=VECTOR('',#15194,10.);
#2326=VECTOR('',#15195,10.);
#2327=VECTOR('',#15196,10.);
#2328=VECTOR('',#15197,10.);
#2329=VECTOR('',#15198,10.);
#2330=VECTOR('',#15199,10.);
#2331=VECTOR('',#15200,10.);
#2332=VECTOR('',#15201,10.);
#2333=VECTOR('',#15202,10.);
#2334=VECTOR('',#15203,10.);
#2335=VECTOR('',#15204,10.);
#2336=VECTOR('',#15205,10.);
#2337=VECTOR('',#15206,10.);
#2338=VECTOR('',#15207,10.);
#2339=VECTOR('',#15208,10.);
#2340=VECTOR('',#15209,10.);
#2341=VECTOR('',#15210,10.);
#2342=VECTOR('',#15211,10.);
#2343=VECTOR('',#15212,10.);
#2344=VECTOR('',#15213,10.);
#2345=VECTOR('',#15216,10.);
#2346=VECTOR('',#15217,10.);
#2347=VECTOR('',#15218,10.);
#2348=VECTOR('',#15219,10.);
#2349=VECTOR('',#15220,10.);
#2350=VECTOR('',#15221,10.);
#2351=VECTOR('',#15222,10.);
#2352=VECTOR('',#15223,10.);
#2353=VECTOR('',#15224,10.);
#2354=VECTOR('',#15225,10.);
#2355=VECTOR('',#15226,10.);
#2356=VECTOR('',#15227,10.);
#2357=VECTOR('',#15228,10.);
#2358=VECTOR('',#15229,10.);
#2359=VECTOR('',#15230,10.);
#2360=VECTOR('',#15231,10.);
#2361=VECTOR('',#15232,10.);
#2362=VECTOR('',#15233,10.);
#2363=VECTOR('',#15234,10.);
#2364=VECTOR('',#15235,10.);
#2365=VECTOR('',#15236,10.);
#2366=VECTOR('',#15237,10.);
#2367=VECTOR('',#15238,10.);
#2368=VECTOR('',#15239,10.);
#2369=VECTOR('',#15240,10.);
#2370=VECTOR('',#15241,10.);
#2371=VECTOR('',#15242,10.);
#2372=VECTOR('',#15243,10.);
#2373=VECTOR('',#15244,10.);
#2374=VECTOR('',#15245,10.);
#2375=VECTOR('',#15246,10.);
#2376=VECTOR('',#15247,10.);
#2377=VECTOR('',#15248,10.);
#2378=VECTOR('',#15249,10.);
#2379=VECTOR('',#15250,10.);
#2380=VECTOR('',#15251,10.);
#2381=VECTOR('',#15252,10.);
#2382=VECTOR('',#15253,10.);
#2383=VECTOR('',#15254,10.);
#2384=VECTOR('',#15255,10.);
#2385=VECTOR('',#15256,10.);
#2386=VECTOR('',#15257,10.);
#2387=VECTOR('',#15258,10.);
#2388=VECTOR('',#15259,10.);
#2389=VECTOR('',#15260,10.);
#2390=VECTOR('',#15261,10.);
#2391=VECTOR('',#15262,10.);
#2392=VECTOR('',#15263,10.);
#2393=VECTOR('',#15264,10.);
#2394=VECTOR('',#15265,10.);
#2395=VECTOR('',#15266,10.);
#2396=VECTOR('',#15267,10.);
#2397=VECTOR('',#15268,10.);
#2398=VECTOR('',#15269,10.);
#2399=VECTOR('',#15270,10.);
#2400=VECTOR('',#15271,10.);
#2401=VECTOR('',#15272,10.);
#2402=VECTOR('',#15273,10.);
#2403=VECTOR('',#15274,10.);
#2404=VECTOR('',#15275,10.);
#2405=VECTOR('',#15276,10.);
#2406=VECTOR('',#15277,10.);
#2407=VECTOR('',#15278,10.);
#2408=VECTOR('',#15279,10.);
#2409=VECTOR('',#15280,10.);
#2410=VECTOR('',#15281,10.);
#2411=VECTOR('',#15282,10.);
#2412=VECTOR('',#15283,10.);
#2413=VECTOR('',#15284,10.);
#2414=VECTOR('',#15285,10.);
#2415=VECTOR('',#15286,10.);
#2416=VECTOR('',#15287,10.);
#2417=VECTOR('',#15288,10.);
#2418=VECTOR('',#15289,10.);
#2419=VECTOR('',#15290,10.);
#2420=VECTOR('',#15291,10.);
#2421=VECTOR('',#15292,10.);
#2422=VECTOR('',#15293,10.);
#2423=VECTOR('',#15296,10.);
#2424=VECTOR('',#15297,10.);
#2425=VECTOR('',#15298,10.);
#2426=VECTOR('',#15303,10.);
#2427=VECTOR('',#15304,10.);
#2428=VECTOR('',#15307,10.);
#2429=VECTOR('',#15308,10.);
#2430=VECTOR('',#15309,10.);
#2431=VECTOR('',#15312,10.);
#2432=VECTOR('',#15317,10.);
#2433=VECTOR('',#15318,10.);
#2434=VECTOR('',#15321,10.);
#2435=VECTOR('',#15322,10.);
#2436=VECTOR('',#15325,10.);
#2437=VECTOR('',#15326,10.);
#2438=VECTOR('',#15335,10.);
#2439=VECTOR('',#15336,10.);
#2440=VECTOR('',#15337,10.);
#2441=VECTOR('',#15340,10.);
#2442=VECTOR('',#15341,10.);
#2443=VECTOR('',#15344,10.);
#2444=VECTOR('',#15345,10.);
#2445=VECTOR('',#15348,10.);
#2446=VECTOR('',#15351,10.);
#2447=VECTOR('',#15352,10.);
#2448=VECTOR('',#15353,10.);
#2449=VECTOR('',#15354,10.);
#2450=VECTOR('',#15357,10.);
#2451=VECTOR('',#15358,10.);
#2452=VECTOR('',#15359,10.);
#2453=VECTOR('',#15362,10.);
#2454=VECTOR('',#15363,10.);
#2455=VECTOR('',#15366,10.);
#2456=VECTOR('',#15367,10.);
#2457=VECTOR('',#15370,10.);
#2458=VECTOR('',#15373,10.);
#2459=VECTOR('',#15374,10.);
#2460=VECTOR('',#15375,10.);
#2461=VECTOR('',#15376,10.);
#2462=VECTOR('',#15379,10.);
#2463=VECTOR('',#15380,10.);
#2464=VECTOR('',#15381,10.);
#2465=VECTOR('',#15384,10.);
#2466=VECTOR('',#15385,10.);
#2467=VECTOR('',#15388,10.);
#2468=VECTOR('',#15389,10.);
#2469=VECTOR('',#15390,10.);
#2470=VECTOR('',#15393,10.);
#2471=VECTOR('',#15394,10.);
#2472=VECTOR('',#15397,10.);
#2473=VECTOR('',#15398,10.);
#2474=VECTOR('',#15399,10.);
#2475=VECTOR('',#15402,10.);
#2476=VECTOR('',#15403,10.);
#2477=VECTOR('',#15406,10.);
#2478=VECTOR('',#15407,10.);
#2479=VECTOR('',#15410,10.);
#2480=VECTOR('',#15413,10.);
#2481=VECTOR('',#15414,10.);
#2482=VECTOR('',#15415,10.);
#2483=VECTOR('',#15416,10.);
#2484=VECTOR('',#15419,10.);
#2485=VECTOR('',#15420,10.);
#2486=VECTOR('',#15421,10.);
#2487=VECTOR('',#15424,10.);
#2488=VECTOR('',#15425,10.);
#2489=VECTOR('',#15428,10.);
#2490=VECTOR('',#15429,10.);
#2491=VECTOR('',#15432,10.);
#2492=VECTOR('',#15435,10.);
#2493=VECTOR('',#15436,10.);
#2494=VECTOR('',#15437,10.);
#2495=VECTOR('',#15438,10.);
#2496=VECTOR('',#15441,10.);
#2497=VECTOR('',#15442,10.);
#2498=VECTOR('',#15443,10.);
#2499=VECTOR('',#15446,10.);
#2500=VECTOR('',#15447,10.);
#2501=VECTOR('',#15450,10.);
#2502=VECTOR('',#15451,10.);
#2503=VECTOR('',#15452,10.);
#2504=VECTOR('',#15455,10.);
#2505=VECTOR('',#15456,10.);
#2506=VECTOR('',#15459,10.);
#2507=VECTOR('',#15460,10.);
#2508=VECTOR('',#15463,10.);
#2509=VECTOR('',#15464,10.);
#2510=VECTOR('',#15467,10.);
#2511=VECTOR('',#15468,10.);
#2512=VECTOR('',#15471,10.);
#2513=VECTOR('',#15474,10.);
#2514=VECTOR('',#15475,10.);
#2515=VECTOR('',#15476,10.);
#2516=VECTOR('',#15477,10.);
#2517=VECTOR('',#15480,10.);
#2518=VECTOR('',#15481,10.);
#2519=VECTOR('',#15482,10.);
#2520=VECTOR('',#15485,10.);
#2521=VECTOR('',#15486,10.);
#2522=VECTOR('',#15489,10.);
#2523=VECTOR('',#15490,10.);
#2524=VECTOR('',#15491,10.);
#2525=VECTOR('',#15494,10.);
#2526=VECTOR('',#15495,10.);
#2527=VECTOR('',#15498,10.);
#2528=VECTOR('',#15499,10.);
#2529=VECTOR('',#15502,10.);
#2530=VECTOR('',#15505,10.);
#2531=VECTOR('',#15506,10.);
#2532=VECTOR('',#15507,10.);
#2533=VECTOR('',#15508,10.);
#2534=VECTOR('',#15511,10.);
#2535=VECTOR('',#15512,10.);
#2536=VECTOR('',#15513,10.);
#2537=VECTOR('',#15516,10.);
#2538=VECTOR('',#15517,10.);
#2539=VECTOR('',#15520,10.);
#2540=VECTOR('',#15521,10.);
#2541=VECTOR('',#15524,10.);
#2542=VECTOR('',#15527,10.);
#2543=VECTOR('',#15528,10.);
#2544=VECTOR('',#15529,10.);
#2545=VECTOR('',#15530,10.);
#2546=VECTOR('',#15533,10.);
#2547=VECTOR('',#15534,10.);
#2548=VECTOR('',#15535,10.);
#2549=VECTOR('',#15538,10.);
#2550=VECTOR('',#15539,10.);
#2551=VECTOR('',#15542,10.);
#2552=VECTOR('',#15543,10.);
#2553=VECTOR('',#15546,10.);
#2554=VECTOR('',#15549,10.);
#2555=VECTOR('',#15550,10.);
#2556=VECTOR('',#15551,10.);
#2557=VECTOR('',#15552,10.);
#2558=VECTOR('',#15555,10.);
#2559=VECTOR('',#15556,10.);
#2560=VECTOR('',#15557,10.);
#2561=VECTOR('',#15560,10.);
#2562=VECTOR('',#15561,10.);
#2563=VECTOR('',#15564,10.);
#2564=VECTOR('',#15565,10.);
#2565=VECTOR('',#15568,10.);
#2566=VECTOR('',#15571,10.);
#2567=VECTOR('',#15572,10.);
#2568=VECTOR('',#15573,10.);
#2569=VECTOR('',#15574,10.);
#2570=VECTOR('',#15577,10.);
#2571=VECTOR('',#15578,10.);
#2572=VECTOR('',#15579,10.);
#2573=VECTOR('',#15582,10.);
#2574=VECTOR('',#15583,10.);
#2575=VECTOR('',#15586,10.);
#2576=VECTOR('',#15587,10.);
#2577=VECTOR('',#15590,10.);
#2578=VECTOR('',#15593,10.);
#2579=VECTOR('',#15594,10.);
#2580=VECTOR('',#15595,10.);
#2581=VECTOR('',#15596,10.);
#2582=VECTOR('',#15599,10.);
#2583=VECTOR('',#15600,10.);
#2584=VECTOR('',#15601,10.);
#2585=VECTOR('',#15604,10.);
#2586=VECTOR('',#15605,10.);
#2587=VECTOR('',#15608,10.);
#2588=VECTOR('',#15609,10.);
#2589=VECTOR('',#15612,10.);
#2590=VECTOR('',#15615,10.);
#2591=VECTOR('',#15616,10.);
#2592=VECTOR('',#15617,10.);
#2593=VECTOR('',#15618,10.);
#2594=VECTOR('',#15621,10.);
#2595=VECTOR('',#15622,10.);
#2596=VECTOR('',#15623,10.);
#2597=VECTOR('',#15626,10.);
#2598=VECTOR('',#15627,10.);
#2599=VECTOR('',#15630,10.);
#2600=VECTOR('',#15631,10.);
#2601=VECTOR('',#15634,10.);
#2602=VECTOR('',#15637,10.);
#2603=VECTOR('',#15638,10.);
#2604=VECTOR('',#15639,10.);
#2605=VECTOR('',#15640,10.);
#2606=VECTOR('',#15643,10.);
#2607=VECTOR('',#15644,10.);
#2608=VECTOR('',#15645,10.);
#2609=VECTOR('',#15648,10.);
#2610=VECTOR('',#15649,10.);
#2611=VECTOR('',#15652,10.);
#2612=VECTOR('',#15653,10.);
#2613=VECTOR('',#15656,10.);
#2614=VECTOR('',#15659,10.);
#2615=VECTOR('',#15660,10.);
#2616=VECTOR('',#15661,10.);
#2617=VECTOR('',#15662,10.);
#2618=VECTOR('',#15665,10.);
#2619=VECTOR('',#15666,10.);
#2620=VECTOR('',#15667,10.);
#2621=VECTOR('',#15670,10.);
#2622=VECTOR('',#15671,10.);
#2623=VECTOR('',#15674,10.);
#2624=VECTOR('',#15675,10.);
#2625=VECTOR('',#15678,10.);
#2626=VECTOR('',#15681,10.);
#2627=VECTOR('',#15682,10.);
#2628=VECTOR('',#15683,10.);
#2629=VECTOR('',#15684,10.);
#2630=VECTOR('',#15687,10.);
#2631=VECTOR('',#15688,10.);
#2632=VECTOR('',#15689,10.);
#2633=VECTOR('',#15692,10.);
#2634=VECTOR('',#15693,10.);
#2635=VECTOR('',#15696,10.);
#2636=VECTOR('',#15697,10.);
#2637=VECTOR('',#15700,10.);
#2638=VECTOR('',#15703,10.);
#2639=VECTOR('',#15704,10.);
#2640=VECTOR('',#15705,10.);
#2641=VECTOR('',#15706,10.);
#2642=VECTOR('',#15709,10.);
#2643=VECTOR('',#15710,10.);
#2644=VECTOR('',#15711,10.);
#2645=VECTOR('',#15714,10.);
#2646=VECTOR('',#15715,10.);
#2647=VECTOR('',#15718,10.);
#2648=VECTOR('',#15719,10.);
#2649=VECTOR('',#15722,10.);
#2650=VECTOR('',#15725,10.);
#2651=VECTOR('',#15726,10.);
#2652=VECTOR('',#15727,10.);
#2653=VECTOR('',#15728,10.);
#2654=VECTOR('',#15731,10.);
#2655=VECTOR('',#15732,10.);
#2656=VECTOR('',#15733,10.);
#2657=VECTOR('',#15736,10.);
#2658=VECTOR('',#15737,10.);
#2659=VECTOR('',#15740,10.);
#2660=VECTOR('',#15741,10.);
#2661=VECTOR('',#15744,10.);
#2662=VECTOR('',#15747,10.);
#2663=VECTOR('',#15748,10.);
#2664=VECTOR('',#15749,10.);
#2665=VECTOR('',#15750,10.);
#2666=VECTOR('',#15753,10.);
#2667=VECTOR('',#15754,10.);
#2668=VECTOR('',#15755,10.);
#2669=VECTOR('',#15758,10.);
#2670=VECTOR('',#15759,10.);
#2671=VECTOR('',#15762,10.);
#2672=VECTOR('',#15763,10.);
#2673=VECTOR('',#15766,10.);
#2674=VECTOR('',#15769,10.);
#2675=VECTOR('',#15770,10.);
#2676=VECTOR('',#15771,10.);
#2677=VECTOR('',#15772,10.);
#2678=VECTOR('',#15775,10.);
#2679=VECTOR('',#15776,10.);
#2680=VECTOR('',#15777,10.);
#2681=VECTOR('',#15780,10.);
#2682=VECTOR('',#15781,10.);
#2683=VECTOR('',#15784,10.);
#2684=VECTOR('',#15785,10.);
#2685=VECTOR('',#15788,10.);
#2686=VECTOR('',#15791,10.);
#2687=VECTOR('',#15792,10.);
#2688=VECTOR('',#15793,10.);
#2689=VECTOR('',#15794,10.);
#2690=VECTOR('',#15797,10.);
#2691=VECTOR('',#15798,10.);
#2692=VECTOR('',#15799,10.);
#2693=VECTOR('',#15802,10.);
#2694=VECTOR('',#15803,10.);
#2695=VECTOR('',#15806,10.);
#2696=VECTOR('',#15807,10.);
#2697=VECTOR('',#15808,10.);
#2698=VECTOR('',#15811,10.);
#2699=VECTOR('',#15812,10.);
#2700=VECTOR('',#15815,10.);
#2701=VECTOR('',#15816,10.);
#2702=VECTOR('',#15817,10.);
#2703=VECTOR('',#15820,10.);
#2704=VECTOR('',#15821,10.);
#2705=VECTOR('',#15824,10.);
#2706=VECTOR('',#15825,10.);
#2707=VECTOR('',#15826,10.);
#2708=VECTOR('',#15829,10.);
#2709=VECTOR('',#15830,10.);
#2710=VECTOR('',#15833,10.);
#2711=VECTOR('',#15834,10.);
#2712=VECTOR('',#15835,10.);
#2713=VECTOR('',#15838,10.);
#2714=VECTOR('',#15839,10.);
#2715=VECTOR('',#15842,10.);
#2716=VECTOR('',#15843,10.);
#2717=VECTOR('',#15844,10.);
#2718=VECTOR('',#15847,10.);
#2719=VECTOR('',#15848,10.);
#2720=VECTOR('',#15851,10.);
#2721=VECTOR('',#15852,10.);
#2722=VECTOR('',#15853,10.);
#2723=VECTOR('',#15856,10.);
#2724=VECTOR('',#15857,10.);
#2725=VECTOR('',#15860,10.);
#2726=VECTOR('',#15861,10.);
#2727=VECTOR('',#15862,10.);
#2728=VECTOR('',#15865,10.);
#2729=VECTOR('',#15866,10.);
#2730=VECTOR('',#15869,10.);
#2731=VECTOR('',#15870,10.);
#2732=VECTOR('',#15871,10.);
#2733=VECTOR('',#15874,10.);
#2734=VECTOR('',#15875,10.);
#2735=VECTOR('',#15878,10.);
#2736=VECTOR('',#15879,10.);
#2737=VECTOR('',#15880,10.);
#2738=VECTOR('',#15883,10.);
#2739=VECTOR('',#15884,10.);
#2740=VECTOR('',#15887,10.);
#2741=VECTOR('',#15888,10.);
#2742=VECTOR('',#15889,10.);
#2743=VECTOR('',#15892,10.);
#2744=VECTOR('',#15893,10.);
#2745=VECTOR('',#15896,10.);
#2746=VECTOR('',#15897,10.);
#2747=VECTOR('',#15898,10.);
#2748=VECTOR('',#15901,10.);
#2749=VECTOR('',#15902,10.);
#2750=VECTOR('',#15905,10.);
#2751=VECTOR('',#15906,10.);
#2752=VECTOR('',#15907,10.);
#2753=VECTOR('',#15910,10.);
#2754=VECTOR('',#15911,10.);
#2755=VECTOR('',#15914,10.);
#2756=VECTOR('',#15915,10.);
#2757=VECTOR('',#15916,10.);
#2758=VECTOR('',#15919,10.);
#2759=VECTOR('',#15920,10.);
#2760=VECTOR('',#15923,10.);
#2761=VECTOR('',#15924,10.);
#2762=VECTOR('',#15925,10.);
#2763=VECTOR('',#15926,10.);
#2764=VECTOR('',#15927,10.);
#2765=VECTOR('',#15928,10.);
#2766=VECTOR('',#15929,10.);
#2767=VECTOR('',#15930,10.);
#2768=VECTOR('',#15931,10.);
#2769=VECTOR('',#15934,10.);
#2770=VECTOR('',#15935,10.);
#2771=VECTOR('',#15938,10.);
#2772=VECTOR('',#15939,10.);
#2773=VECTOR('',#15942,10.);
#2774=VECTOR('',#15943,10.);
#2775=VECTOR('',#15946,10.);
#2776=VECTOR('',#15947,10.);
#2777=VECTOR('',#15950,10.);
#2778=VECTOR('',#15951,10.);
#2779=VECTOR('',#15954,10.);
#2780=VECTOR('',#15955,10.);
#2781=VECTOR('',#15958,10.);
#2782=VECTOR('',#15959,10.);
#2783=VECTOR('',#15962,10.);
#2784=VECTOR('',#15963,10.);
#2785=VECTOR('',#15966,10.);
#2786=VECTOR('',#15967,10.);
#2787=VECTOR('',#15970,10.);
#2788=VECTOR('',#15971,10.);
#2789=VECTOR('',#15974,10.);
#2790=VECTOR('',#15975,10.);
#2791=VECTOR('',#15978,10.);
#2792=VECTOR('',#15979,10.);
#2793=VECTOR('',#15982,10.);
#2794=VECTOR('',#15983,10.);
#2795=VECTOR('',#15986,10.);
#2796=VECTOR('',#15987,10.);
#2797=VECTOR('',#15990,10.);
#2798=VECTOR('',#15991,10.);
#2799=VECTOR('',#15994,10.);
#2800=VECTOR('',#15995,10.);
#2801=VECTOR('',#15998,10.);
#2802=VECTOR('',#15999,10.);
#2803=VECTOR('',#16002,10.);
#2804=VECTOR('',#16003,10.);
#2805=VECTOR('',#16006,10.);
#2806=VECTOR('',#16007,10.);
#2807=VECTOR('',#16010,10.);
#2808=VECTOR('',#16011,10.);
#2809=VECTOR('',#16014,10.);
#2810=VECTOR('',#16015,10.);
#2811=VECTOR('',#16018,10.);
#2812=VECTOR('',#16019,10.);
#2813=VECTOR('',#16022,10.);
#2814=VECTOR('',#16023,10.);
#2815=VECTOR('',#16026,10.);
#2816=VECTOR('',#16027,10.);
#2817=VECTOR('',#16028,10.);
#2818=VECTOR('',#16029,10.);
#2819=VECTOR('',#16030,10.);
#2820=VECTOR('',#16031,10.);
#2821=VECTOR('',#16032,10.);
#2822=VECTOR('',#16035,10.);
#2823=VECTOR('',#16036,10.);
#2824=VECTOR('',#16037,10.);
#2825=VECTOR('',#16040,10.);
#2826=VECTOR('',#16041,10.);
#2827=VECTOR('',#16042,10.);
#2828=VECTOR('',#16043,10.);
#2829=VECTOR('',#16044,10.);
#2830=VECTOR('',#16047,10.);
#2831=VECTOR('',#16048,10.);
#2832=VECTOR('',#16049,10.);
#2833=VECTOR('',#16052,10.);
#2834=VECTOR('',#16053,10.);
#2835=VECTOR('',#16054,10.);
#2836=VECTOR('',#16057,10.);
#2837=VECTOR('',#16058,10.);
#2838=VECTOR('',#16059,10.);
#2839=VECTOR('',#16060,10.);
#2840=VECTOR('',#16061,10.);
#2841=VECTOR('',#16062,10.);
#2842=VECTOR('',#16065,10.);
#2843=VECTOR('',#16066,10.);
#2844=VECTOR('',#16069,10.);
#2845=VECTOR('',#16072,10.);
#2846=VECTOR('',#16073,10.);
#2847=VECTOR('',#16076,10.);
#2848=VECTOR('',#16077,10.);
#2849=VECTOR('',#16080,10.);
#2850=VECTOR('',#16081,10.);
#2851=VECTOR('',#16084,10.);
#2852=VECTOR('',#16085,10.);
#2853=VECTOR('',#16088,10.);
#2854=VECTOR('',#16089,10.);
#2855=VECTOR('',#16092,10.);
#2856=VECTOR('',#16093,10.);
#2857=VECTOR('',#16096,10.);
#2858=VECTOR('',#16097,10.);
#2859=VECTOR('',#16100,10.);
#2860=VECTOR('',#16101,10.);
#2861=VECTOR('',#16104,10.);
#2862=VECTOR('',#16105,10.);
#2863=VECTOR('',#16108,10.);
#2864=VECTOR('',#16109,10.);
#2865=VECTOR('',#16112,10.);
#2866=VECTOR('',#16113,10.);
#2867=VECTOR('',#16116,10.);
#2868=VECTOR('',#16117,10.);
#2869=VECTOR('',#16120,10.);
#2870=VECTOR('',#16121,10.);
#2871=VECTOR('',#16124,10.);
#2872=VECTOR('',#16125,10.);
#2873=VECTOR('',#16128,10.);
#2874=VECTOR('',#16129,10.);
#2875=VECTOR('',#16132,10.);
#2876=VECTOR('',#16133,10.);
#2877=VECTOR('',#16136,10.);
#2878=VECTOR('',#16137,10.);
#2879=VECTOR('',#16140,10.);
#2880=VECTOR('',#16141,10.);
#2881=VECTOR('',#16144,10.);
#2882=VECTOR('',#16145,10.);
#2883=VECTOR('',#16148,10.);
#2884=VECTOR('',#16149,10.);
#2885=VECTOR('',#16152,10.);
#2886=VECTOR('',#16153,10.);
#2887=VECTOR('',#16156,10.);
#2888=VECTOR('',#16157,10.);
#2889=VECTOR('',#16160,10.);
#2890=VECTOR('',#16163,10.);
#2891=VECTOR('',#16164,10.);
#2892=VECTOR('',#16167,10.);
#2893=VECTOR('',#16168,10.);
#2894=VECTOR('',#16171,10.);
#2895=VECTOR('',#16172,10.);
#2896=VECTOR('',#16175,10.);
#2897=VECTOR('',#16176,10.);
#2898=VECTOR('',#16179,10.);
#2899=VECTOR('',#16180,10.);
#2900=VECTOR('',#16183,10.);
#2901=VECTOR('',#16184,10.);
#2902=VECTOR('',#16187,10.);
#2903=VECTOR('',#16188,10.);
#2904=VECTOR('',#16191,10.);
#2905=VECTOR('',#16192,10.);
#2906=VECTOR('',#16195,10.);
#2907=VECTOR('',#16196,10.);
#2908=VECTOR('',#16199,10.);
#2909=VECTOR('',#16200,10.);
#2910=VECTOR('',#16203,10.);
#2911=VECTOR('',#16204,10.);
#2912=VECTOR('',#16207,10.);
#2913=VECTOR('',#16208,10.);
#2914=VECTOR('',#16211,10.);
#2915=VECTOR('',#16212,10.);
#2916=VECTOR('',#16215,10.);
#2917=VECTOR('',#16216,10.);
#2918=VECTOR('',#16219,10.);
#2919=VECTOR('',#16220,10.);
#2920=VECTOR('',#16223,10.);
#2921=VECTOR('',#16224,10.);
#2922=VECTOR('',#16227,10.);
#2923=VECTOR('',#16228,10.);
#2924=VECTOR('',#16231,10.);
#2925=VECTOR('',#16232,10.);
#2926=VECTOR('',#16235,10.);
#2927=VECTOR('',#16236,10.);
#2928=VECTOR('',#16239,10.);
#2929=VECTOR('',#16240,10.);
#2930=VECTOR('',#16243,10.);
#2931=VECTOR('',#16244,10.);
#2932=VECTOR('',#16247,10.);
#2933=VECTOR('',#16248,10.);
#2934=VECTOR('',#16251,10.);
#2935=VECTOR('',#16254,10.);
#2936=VECTOR('',#16257,10.);
#2937=VECTOR('',#16260,10.);
#2938=VECTOR('',#16265,10.);
#2939=VECTOR('',#16268,10.);
#2940=VECTOR('',#16273,10.);
#2941=VECTOR('',#16276,10.);
#2942=VECTOR('',#16279,10.);
#2943=VECTOR('',#16284,10.);
#2944=VECTOR('',#16287,10.);
#2945=VECTOR('',#16292,10.);
#2946=VECTOR('',#16295,10.);
#2947=VECTOR('',#16300,10.);
#2948=VECTOR('',#16301,10.);
#2949=VECTOR('',#16304,10.);
#2950=VECTOR('',#16307,10.);
#2951=VECTOR('',#16308,10.);
#2952=VECTOR('',#16311,10.);
#2953=VECTOR('',#16314,10.);
#2954=VECTOR('',#16315,10.);
#2955=VECTOR('',#16318,10.);
#2956=VECTOR('',#16321,10.);
#2957=VECTOR('',#16322,10.);
#2958=VECTOR('',#16325,10.);
#2959=VECTOR('',#16328,10.);
#2960=VECTOR('',#16329,10.);
#2961=VECTOR('',#16332,10.);
#2962=VECTOR('',#16335,10.);
#2963=VECTOR('',#16336,10.);
#2964=VECTOR('',#16339,10.);
#2965=VECTOR('',#16342,10.);
#2966=VECTOR('',#16343,10.);
#2967=VECTOR('',#16346,10.);
#2968=VECTOR('',#16349,10.);
#2969=VECTOR('',#16350,10.);
#2970=VECTOR('',#16353,10.);
#2971=VECTOR('',#16356,10.);
#2972=VECTOR('',#16357,10.);
#2973=VECTOR('',#16360,10.);
#2974=VECTOR('',#16363,10.);
#2975=VECTOR('',#16364,10.);
#2976=VECTOR('',#16367,10.);
#2977=VECTOR('',#16370,10.);
#2978=VECTOR('',#16371,10.);
#2979=VECTOR('',#16374,10.);
#2980=VECTOR('',#16377,10.);
#2981=VECTOR('',#16378,10.);
#2982=VECTOR('',#16381,10.);
#2983=VECTOR('',#16384,10.);
#2984=VECTOR('',#16385,10.);
#2985=VECTOR('',#16388,10.);
#2986=VECTOR('',#16391,10.);
#2987=VECTOR('',#16392,10.);
#2988=VECTOR('',#16395,10.);
#2989=VECTOR('',#16398,10.);
#2990=VECTOR('',#16399,10.);
#2991=VECTOR('',#16402,10.);
#2992=VECTOR('',#16405,10.);
#2993=VECTOR('',#16406,10.);
#2994=VECTOR('',#16409,10.);
#2995=VECTOR('',#16412,10.);
#2996=VECTOR('',#16413,10.);
#2997=VECTOR('',#16416,10.);
#2998=VECTOR('',#16421,1.6);
#2999=VECTOR('',#16424,10.);
#3000=VECTOR('',#16425,10.);
#3001=VECTOR('',#16428,10.);
#3002=VECTOR('',#16431,10.);
#3003=VECTOR('',#16432,10.);
#3004=VECTOR('',#16435,10.);
#3005=VECTOR('',#16438,10.);
#3006=VECTOR('',#16439,10.);
#3007=VECTOR('',#16442,10.);
#3008=VECTOR('',#16443,10.);
#3009=VECTOR('',#16446,10.);
#3010=VECTOR('',#16447,10.);
#3011=VECTOR('',#16450,10.);
#3012=VECTOR('',#16451,10.);
#3013=VECTOR('',#16454,10.);
#3014=VECTOR('',#16455,10.);
#3015=VECTOR('',#16458,10.);
#3016=VECTOR('',#16459,10.);
#3017=VECTOR('',#16462,10.);
#3018=VECTOR('',#16463,10.);
#3019=VECTOR('',#16466,10.);
#3020=VECTOR('',#16467,10.);
#3021=VECTOR('',#16470,10.);
#3022=VECTOR('',#16471,10.);
#3023=VECTOR('',#16474,10.);
#3024=VECTOR('',#16475,10.);
#3025=VECTOR('',#16478,10.);
#3026=VECTOR('',#16479,10.);
#3027=VECTOR('',#16482,10.);
#3028=VECTOR('',#16483,10.);
#3029=VECTOR('',#16486,10.);
#3030=VECTOR('',#16487,10.);
#3031=VECTOR('',#16490,10.);
#3032=VECTOR('',#16491,10.);
#3033=VECTOR('',#16494,10.);
#3034=VECTOR('',#16495,10.);
#3035=VECTOR('',#16498,10.);
#3036=VECTOR('',#16499,10.);
#3037=VECTOR('',#16502,10.);
#3038=VECTOR('',#16503,10.);
#3039=VECTOR('',#16506,10.);
#3040=VECTOR('',#16507,10.);
#3041=VECTOR('',#16510,10.);
#3042=VECTOR('',#16511,10.);
#3043=VECTOR('',#16514,10.);
#3044=VECTOR('',#16515,10.);
#3045=VECTOR('',#16518,10.);
#3046=VECTOR('',#16519,10.);
#3047=VECTOR('',#16522,10.);
#3048=VECTOR('',#16523,10.);
#3049=VECTOR('',#16526,10.);
#3050=VECTOR('',#16529,10.);
#3051=VECTOR('',#16530,10.);
#3052=VECTOR('',#16533,10.);
#3053=VECTOR('',#16534,10.);
#3054=VECTOR('',#16537,10.);
#3055=VECTOR('',#16538,10.);
#3056=VECTOR('',#16541,10.);
#3057=VECTOR('',#16542,10.);
#3058=VECTOR('',#16545,10.);
#3059=VECTOR('',#16546,10.);
#3060=VECTOR('',#16549,10.);
#3061=VECTOR('',#16550,10.);
#3062=VECTOR('',#16553,10.);
#3063=VECTOR('',#16554,10.);
#3064=VECTOR('',#16557,10.);
#3065=VECTOR('',#16558,10.);
#3066=VECTOR('',#16561,10.);
#3067=VECTOR('',#16562,10.);
#3068=VECTOR('',#16565,10.);
#3069=VECTOR('',#16566,10.);
#3070=VECTOR('',#16569,10.);
#3071=VECTOR('',#16570,10.);
#3072=VECTOR('',#16573,10.);
#3073=VECTOR('',#16574,10.);
#3074=VECTOR('',#16577,10.);
#3075=VECTOR('',#16578,10.);
#3076=VECTOR('',#16581,10.);
#3077=VECTOR('',#16582,10.);
#3078=VECTOR('',#16585,10.);
#3079=VECTOR('',#16586,10.);
#3080=VECTOR('',#16589,10.);
#3081=VECTOR('',#16590,10.);
#3082=VECTOR('',#16593,10.);
#3083=VECTOR('',#16594,10.);
#3084=VECTOR('',#16597,10.);
#3085=VECTOR('',#16598,10.);
#3086=VECTOR('',#16601,10.);
#3087=VECTOR('',#16602,10.);
#3088=VECTOR('',#16605,10.);
#3089=VECTOR('',#16606,10.);
#3090=VECTOR('',#16609,10.);
#3091=VECTOR('',#16610,10.);
#3092=VECTOR('',#16613,10.);
#3093=VECTOR('',#16614,10.);
#3094=VECTOR('',#16617,10.);
#3095=VECTOR('',#16620,10.);
#3096=VECTOR('',#16621,10.);
#3097=VECTOR('',#16624,10.);
#3098=VECTOR('',#16625,10.);
#3099=VECTOR('',#16628,10.);
#3100=VECTOR('',#16629,10.);
#3101=VECTOR('',#16632,10.);
#3102=VECTOR('',#16633,10.);
#3103=VECTOR('',#16636,10.);
#3104=VECTOR('',#16637,10.);
#3105=VECTOR('',#16640,10.);
#3106=VECTOR('',#16641,10.);
#3107=VECTOR('',#16644,10.);
#3108=VECTOR('',#16645,10.);
#3109=VECTOR('',#16648,10.);
#3110=VECTOR('',#16649,10.);
#3111=VECTOR('',#16652,10.);
#3112=VECTOR('',#16653,10.);
#3113=VECTOR('',#16656,10.);
#3114=VECTOR('',#16657,10.);
#3115=VECTOR('',#16660,10.);
#3116=VECTOR('',#16661,10.);
#3117=VECTOR('',#16664,10.);
#3118=VECTOR('',#16665,10.);
#3119=VECTOR('',#16668,10.);
#3120=VECTOR('',#16669,10.);
#3121=VECTOR('',#16672,10.);
#3122=VECTOR('',#16673,10.);
#3123=VECTOR('',#16676,10.);
#3124=VECTOR('',#16677,10.);
#3125=VECTOR('',#16680,10.);
#3126=VECTOR('',#16681,10.);
#3127=VECTOR('',#16684,10.);
#3128=VECTOR('',#16685,10.);
#3129=VECTOR('',#16688,10.);
#3130=VECTOR('',#16689,10.);
#3131=VECTOR('',#16692,10.);
#3132=VECTOR('',#16693,10.);
#3133=VECTOR('',#16696,10.);
#3134=VECTOR('',#16697,10.);
#3135=VECTOR('',#16700,10.);
#3136=VECTOR('',#16701,10.);
#3137=VECTOR('',#16704,10.);
#3138=VECTOR('',#16705,10.);
#3139=VECTOR('',#16708,10.);
#3140=VECTOR('',#16709,10.);
#3141=VECTOR('',#16712,10.);
#3142=VECTOR('',#16713,10.);
#3143=VECTOR('',#16716,10.);
#3144=VECTOR('',#16717,10.);
#3145=VECTOR('',#16720,10.);
#3146=VECTOR('',#16721,10.);
#3147=VECTOR('',#16724,10.);
#3148=VECTOR('',#16725,10.);
#3149=VECTOR('',#16728,10.);
#3150=VECTOR('',#16729,10.);
#3151=VECTOR('',#16732,10.);
#3152=VECTOR('',#16739,10.);
#3153=VECTOR('',#16752,10.);
#3154=VECTOR('',#16765,10.);
#3155=VECTOR('',#16768,10.);
#3156=VECTOR('',#16771,10.);
#3157=VECTOR('',#16772,10.);
#3158=VECTOR('',#16773,10.);
#3159=VECTOR('',#16774,10.);
#3160=VECTOR('',#16775,10.);
#3161=VECTOR('',#16778,10.);
#3162=VECTOR('',#16781,10.);
#3163=VECTOR('',#16782,10.);
#3164=VECTOR('',#16791,10.);
#3165=VECTOR('',#16792,10.);
#3166=VECTOR('',#16793,10.);
#3167=VECTOR('',#16794,10.);
#3168=VECTOR('',#16795,10.);
#3169=VECTOR('',#16796,10.);
#3170=VECTOR('',#16797,10.);
#3171=VECTOR('',#16798,10.);
#3172=VECTOR('',#16799,10.);
#3173=VECTOR('',#16800,10.);
#3174=VECTOR('',#16801,10.);
#3175=VECTOR('',#16802,10.);
#3176=VECTOR('',#16803,10.);
#3177=VECTOR('',#16804,10.);
#3178=VECTOR('',#16805,10.);
#3179=VECTOR('',#16806,10.);
#3180=VECTOR('',#16807,10.);
#3181=VECTOR('',#16808,10.);
#3182=VECTOR('',#16809,10.);
#3183=VECTOR('',#16810,10.);
#3184=VECTOR('',#16811,10.);
#3185=VECTOR('',#16812,10.);
#3186=VECTOR('',#16813,10.);
#3187=VECTOR('',#16814,10.);
#3188=VECTOR('',#16815,10.);
#3189=VECTOR('',#16816,10.);
#3190=VECTOR('',#16817,10.);
#3191=VECTOR('',#16818,10.);
#3192=VECTOR('',#16819,10.);
#3193=VECTOR('',#16820,10.);
#3194=VECTOR('',#16821,10.);
#3195=VECTOR('',#16822,10.);
#3196=VECTOR('',#16823,10.);
#3197=VECTOR('',#16824,10.);
#3198=VECTOR('',#16825,10.);
#3199=VECTOR('',#16826,10.);
#3200=VECTOR('',#16827,10.);
#3201=VECTOR('',#16828,10.);
#3202=VECTOR('',#16829,10.);
#3203=VECTOR('',#16830,10.);
#3204=VECTOR('',#16831,10.);
#3205=VECTOR('',#16832,10.);
#3206=VECTOR('',#16833,10.);
#3207=VECTOR('',#16834,10.);
#3208=VECTOR('',#16835,10.);
#3209=VECTOR('',#16836,10.);
#3210=VECTOR('',#16837,10.);
#3211=VECTOR('',#16838,10.);
#3212=VECTOR('',#16839,10.);
#3213=VECTOR('',#16840,10.);
#3214=VECTOR('',#16841,10.);
#3215=VECTOR('',#16842,10.);
#3216=VECTOR('',#16843,10.);
#3217=VECTOR('',#16844,10.);
#3218=VECTOR('',#16845,10.);
#3219=VECTOR('',#16846,10.);
#3220=VECTOR('',#16847,10.);
#3221=VECTOR('',#16848,10.);
#3222=VECTOR('',#16849,10.);
#3223=VECTOR('',#16850,10.);
#3224=VECTOR('',#16851,10.);
#3225=VECTOR('',#16852,10.);
#3226=VECTOR('',#16853,10.);
#3227=VECTOR('',#16854,10.);
#3228=VECTOR('',#16855,10.);
#3229=VECTOR('',#16856,10.);
#3230=VECTOR('',#16857,10.);
#3231=VECTOR('',#16858,10.);
#3232=VECTOR('',#16859,10.);
#3233=VECTOR('',#16860,10.);
#3234=VECTOR('',#16861,10.);
#3235=VECTOR('',#16862,10.);
#3236=VECTOR('',#16863,10.);
#3237=VECTOR('',#16864,10.);
#3238=VECTOR('',#16865,10.);
#3239=VECTOR('',#16866,10.);
#3240=VECTOR('',#16867,10.);
#3241=VECTOR('',#16868,10.);
#3242=VECTOR('',#16869,10.);
#3243=VECTOR('',#16870,10.);
#3244=VECTOR('',#16871,10.);
#3245=VECTOR('',#16872,10.);
#3246=VECTOR('',#16873,10.);
#3247=VECTOR('',#16874,10.);
#3248=VECTOR('',#16875,10.);
#3249=VECTOR('',#16876,10.);
#3250=VECTOR('',#16877,10.);
#3251=VECTOR('',#16878,10.);
#3252=VECTOR('',#16879,10.);
#3253=VECTOR('',#16880,10.);
#3254=VECTOR('',#16881,10.);
#3255=VECTOR('',#16882,10.);
#3256=VECTOR('',#16883,10.);
#3257=VECTOR('',#16884,10.);
#3258=VECTOR('',#16885,10.);
#3259=VECTOR('',#16886,10.);
#3260=VECTOR('',#16887,10.);
#3261=VECTOR('',#16888,10.);
#3262=VECTOR('',#16889,10.);
#3263=VECTOR('',#16890,10.);
#3264=VECTOR('',#16891,10.);
#3265=VECTOR('',#16892,10.);
#3266=VECTOR('',#16893,10.);
#3267=VECTOR('',#16894,10.);
#3268=VECTOR('',#16895,10.);
#3269=VECTOR('',#16896,10.);
#3270=VECTOR('',#16897,10.);
#3271=VECTOR('',#16898,10.);
#3272=VECTOR('',#16899,10.);
#3273=VECTOR('',#16900,10.);
#3274=VECTOR('',#16901,10.);
#3275=VECTOR('',#16902,10.);
#3276=VECTOR('',#16903,10.);
#3277=VECTOR('',#16904,10.);
#3278=VECTOR('',#16905,10.);
#3279=VECTOR('',#16906,10.);
#3280=VECTOR('',#16907,10.);
#3281=VECTOR('',#16908,10.);
#3282=VECTOR('',#16909,10.);
#3283=VECTOR('',#16910,10.);
#3284=VECTOR('',#16915,10.);
#3285=VECTOR('',#16916,10.);
#3286=VECTOR('',#16919,10.);
#3287=VECTOR('',#16920,10.);
#3288=VECTOR('',#16947,10.);
#3289=VECTOR('',#16948,10.);
#3290=VECTOR('',#16949,10.);
#3291=VECTOR('',#16950,10.);
#3292=VECTOR('',#16951,10.);
#3293=VECTOR('',#16952,10.);
#3294=VECTOR('',#16955,10.);
#3295=VECTOR('',#16958,10.);
#3296=VECTOR('',#16963,3.825);
#3297=VECTOR('',#16970,10.);
#3298=VECTOR('',#16971,10.);
#3299=VECTOR('',#16972,10.);
#3300=VECTOR('',#16975,10.);
#3301=VECTOR('',#16976,10.);
#3302=VECTOR('',#16979,10.);
#3303=VECTOR('',#16980,10.);
#3304=VECTOR('',#16983,10.);
#3305=VECTOR('',#16984,10.);
#3306=VECTOR('',#16987,10.);
#3307=VECTOR('',#16988,10.);
#3308=VECTOR('',#16991,10.);
#3309=VECTOR('',#16992,10.);
#3310=VECTOR('',#16995,10.);
#3311=VECTOR('',#16996,10.);
#3312=VECTOR('',#16999,10.);
#3313=VECTOR('',#17000,10.);
#3314=VECTOR('',#17003,10.);
#3315=VECTOR('',#17004,10.);
#3316=VECTOR('',#17007,10.);
#3317=VECTOR('',#17008,10.);
#3318=VECTOR('',#17011,10.);
#3319=VECTOR('',#17012,10.);
#3320=VECTOR('',#17015,10.);
#3321=VECTOR('',#17020,10.);
#3322=VECTOR('',#17021,10.);
#3323=VECTOR('',#17022,10.);
#3324=VECTOR('',#17025,10.);
#3325=VECTOR('',#17026,10.);
#3326=VECTOR('',#17029,10.);
#3327=VECTOR('',#17030,10.);
#3328=VECTOR('',#17033,10.);
#3329=VECTOR('',#17034,10.);
#3330=VECTOR('',#17037,10.);
#3331=VECTOR('',#17038,10.);
#3332=VECTOR('',#17041,10.);
#3333=VECTOR('',#17042,10.);
#3334=VECTOR('',#17045,10.);
#3335=VECTOR('',#17046,10.);
#3336=VECTOR('',#17049,10.);
#3337=VECTOR('',#17050,10.);
#3338=VECTOR('',#17053,10.);
#3339=VECTOR('',#17054,10.);
#3340=VECTOR('',#17057,10.);
#3341=VECTOR('',#17058,10.);
#3342=VECTOR('',#17061,10.);
#3343=VECTOR('',#17062,10.);
#3344=VECTOR('',#17065,10.);
#3345=VECTOR('',#17070,10.);
#3346=VECTOR('',#17071,10.);
#3347=VECTOR('',#17072,10.);
#3348=VECTOR('',#17075,10.);
#3349=VECTOR('',#17076,10.);
#3350=VECTOR('',#17079,10.);
#3351=VECTOR('',#17080,10.);
#3352=VECTOR('',#17083,10.);
#3353=VECTOR('',#17084,10.);
#3354=VECTOR('',#17087,10.);
#3355=VECTOR('',#17088,10.);
#3356=VECTOR('',#17091,10.);
#3357=VECTOR('',#17092,10.);
#3358=VECTOR('',#17095,10.);
#3359=VECTOR('',#17096,10.);
#3360=VECTOR('',#17099,10.);
#3361=VECTOR('',#17100,10.);
#3362=VECTOR('',#17103,10.);
#3363=VECTOR('',#17104,10.);
#3364=VECTOR('',#17107,10.);
#3365=VECTOR('',#17108,10.);
#3366=VECTOR('',#17111,10.);
#3367=VECTOR('',#17112,10.);
#3368=VECTOR('',#17115,10.);
#3369=VECTOR('',#17120,10.);
#3370=VECTOR('',#17121,10.);
#3371=VECTOR('',#17122,10.);
#3372=VECTOR('',#17125,10.);
#3373=VECTOR('',#17126,10.);
#3374=VECTOR('',#17129,10.);
#3375=VECTOR('',#17130,10.);
#3376=VECTOR('',#17133,10.);
#3377=VECTOR('',#17136,10.);
#3378=VECTOR('',#17137,10.);
#3379=VECTOR('',#17138,10.);
#3380=VECTOR('',#17139,10.);
#3381=VECTOR('',#17142,10.);
#3382=VECTOR('',#17143,10.);
#3383=VECTOR('',#17144,10.);
#3384=VECTOR('',#17147,10.);
#3385=VECTOR('',#17148,10.);
#3386=VECTOR('',#17151,10.);
#3387=VECTOR('',#17152,10.);
#3388=VECTOR('',#17155,10.);
#3389=VECTOR('',#17158,10.);
#3390=VECTOR('',#17159,10.);
#3391=VECTOR('',#17160,10.);
#3392=VECTOR('',#17161,10.);
#3393=VECTOR('',#17164,10.);
#3394=VECTOR('',#17165,10.);
#3395=VECTOR('',#17166,10.);
#3396=VECTOR('',#17169,10.);
#3397=VECTOR('',#17170,10.);
#3398=VECTOR('',#17173,10.);
#3399=VECTOR('',#17174,10.);
#3400=VECTOR('',#17177,10.);
#3401=VECTOR('',#17180,10.);
#3402=VECTOR('',#17181,10.);
#3403=VECTOR('',#17182,10.);
#3404=VECTOR('',#17183,10.);
#3405=VECTOR('',#17186,10.);
#3406=VECTOR('',#17187,10.);
#3407=VECTOR('',#17188,10.);
#3408=VECTOR('',#17191,10.);
#3409=VECTOR('',#17192,10.);
#3410=VECTOR('',#17195,10.);
#3411=VECTOR('',#17196,10.);
#3412=VECTOR('',#17197,10.);
#3413=VECTOR('',#17200,10.);
#3414=VECTOR('',#17201,10.);
#3415=VECTOR('',#17204,10.);
#3416=VECTOR('',#17205,10.);
#3417=VECTOR('',#17206,10.);
#3418=VECTOR('',#17209,10.);
#3419=VECTOR('',#17210,10.);
#3420=VECTOR('',#17213,10.);
#3421=VECTOR('',#17214,10.);
#3422=VECTOR('',#17215,10.);
#3423=VECTOR('',#17218,10.);
#3424=VECTOR('',#17219,10.);
#3425=VECTOR('',#17222,10.);
#3426=VECTOR('',#17223,10.);
#3427=VECTOR('',#17226,10.);
#3428=VECTOR('',#17229,10.);
#3429=VECTOR('',#17230,10.);
#3430=VECTOR('',#17231,10.);
#3431=VECTOR('',#17232,10.);
#3432=VECTOR('',#17235,10.);
#3433=VECTOR('',#17236,10.);
#3434=VECTOR('',#17237,10.);
#3435=VECTOR('',#17240,10.);
#3436=VECTOR('',#17241,10.);
#3437=VECTOR('',#17244,10.);
#3438=VECTOR('',#17245,10.);
#3439=VECTOR('',#17246,10.);
#3440=VECTOR('',#17249,10.);
#3441=VECTOR('',#17250,10.);
#3442=VECTOR('',#17253,10.);
#3443=VECTOR('',#17254,10.);
#3444=VECTOR('',#17257,10.);
#3445=VECTOR('',#17260,10.);
#3446=VECTOR('',#17261,10.);
#3447=VECTOR('',#17262,10.);
#3448=VECTOR('',#17263,10.);
#3449=VECTOR('',#17266,10.);
#3450=VECTOR('',#17267,10.);
#3451=VECTOR('',#17268,10.);
#3452=VECTOR('',#17271,10.);
#3453=VECTOR('',#17272,10.);
#3454=VECTOR('',#17275,10.);
#3455=VECTOR('',#17276,10.);
#3456=VECTOR('',#17279,10.);
#3457=VECTOR('',#17282,10.);
#3458=VECTOR('',#17283,10.);
#3459=VECTOR('',#17284,10.);
#3460=VECTOR('',#17285,10.);
#3461=VECTOR('',#17288,10.);
#3462=VECTOR('',#17289,10.);
#3463=VECTOR('',#17290,10.);
#3464=VECTOR('',#17293,10.);
#3465=VECTOR('',#17294,10.);
#3466=VECTOR('',#17297,10.);
#3467=VECTOR('',#17298,10.);
#3468=VECTOR('',#17301,10.);
#3469=VECTOR('',#17304,10.);
#3470=VECTOR('',#17305,10.);
#3471=VECTOR('',#17306,10.);
#3472=VECTOR('',#17307,10.);
#3473=VECTOR('',#17310,10.);
#3474=VECTOR('',#17311,10.);
#3475=VECTOR('',#17312,10.);
#3476=VECTOR('',#17315,10.);
#3477=VECTOR('',#17316,10.);
#3478=VECTOR('',#17319,10.);
#3479=VECTOR('',#17320,10.);
#3480=VECTOR('',#17323,10.);
#3481=VECTOR('',#17326,10.);
#3482=VECTOR('',#17327,10.);
#3483=VECTOR('',#17328,10.);
#3484=VECTOR('',#17329,10.);
#3485=VECTOR('',#17332,10.);
#3486=VECTOR('',#17333,10.);
#3487=VECTOR('',#17334,10.);
#3488=VECTOR('',#17337,10.);
#3489=VECTOR('',#17338,10.);
#3490=VECTOR('',#17341,10.);
#3491=VECTOR('',#17342,10.);
#3492=VECTOR('',#17345,10.);
#3493=VECTOR('',#17348,10.);
#3494=VECTOR('',#17349,10.);
#3495=VECTOR('',#17350,10.);
#3496=VECTOR('',#17351,10.);
#3497=VECTOR('',#17354,10.);
#3498=VECTOR('',#17355,10.);
#3499=VECTOR('',#17356,10.);
#3500=VECTOR('',#17359,10.);
#3501=VECTOR('',#17360,10.);
#3502=VECTOR('',#17363,10.);
#3503=VECTOR('',#17364,10.);
#3504=VECTOR('',#17367,10.);
#3505=VECTOR('',#17370,10.);
#3506=VECTOR('',#17371,10.);
#3507=VECTOR('',#17372,10.);
#3508=VECTOR('',#17373,10.);
#3509=VECTOR('',#17376,10.);
#3510=VECTOR('',#17377,10.);
#3511=VECTOR('',#17378,10.);
#3512=VECTOR('',#17381,10.);
#3513=VECTOR('',#17382,10.);
#3514=VECTOR('',#17385,10.);
#3515=VECTOR('',#17386,10.);
#3516=VECTOR('',#17389,10.);
#3517=VECTOR('',#17392,10.);
#3518=VECTOR('',#17393,10.);
#3519=VECTOR('',#17394,10.);
#3520=VECTOR('',#17395,10.);
#3521=VECTOR('',#17398,10.);
#3522=VECTOR('',#17399,10.);
#3523=VECTOR('',#17400,10.);
#3524=VECTOR('',#17403,10.);
#3525=VECTOR('',#17404,10.);
#3526=VECTOR('',#17407,10.);
#3527=VECTOR('',#17408,10.);
#3528=VECTOR('',#17411,10.);
#3529=VECTOR('',#17414,10.);
#3530=VECTOR('',#17415,10.);
#3531=VECTOR('',#17416,10.);
#3532=VECTOR('',#17417,10.);
#3533=VECTOR('',#17420,10.);
#3534=VECTOR('',#17421,10.);
#3535=VECTOR('',#17422,10.);
#3536=VECTOR('',#17425,10.);
#3537=VECTOR('',#17426,10.);
#3538=VECTOR('',#17429,10.);
#3539=VECTOR('',#17430,10.);
#3540=VECTOR('',#17433,10.);
#3541=VECTOR('',#17436,10.);
#3542=VECTOR('',#17437,10.);
#3543=VECTOR('',#17438,10.);
#3544=VECTOR('',#17439,10.);
#3545=VECTOR('',#17442,10.);
#3546=VECTOR('',#17443,10.);
#3547=VECTOR('',#17444,10.);
#3548=VECTOR('',#17447,10.);
#3549=VECTOR('',#17448,10.);
#3550=VECTOR('',#17451,10.);
#3551=VECTOR('',#17452,10.);
#3552=VECTOR('',#17455,10.);
#3553=VECTOR('',#17458,10.);
#3554=VECTOR('',#17459,10.);
#3555=VECTOR('',#17460,10.);
#3556=VECTOR('',#17461,10.);
#3557=VECTOR('',#17464,10.);
#3558=VECTOR('',#17465,10.);
#3559=VECTOR('',#17466,10.);
#3560=VECTOR('',#17469,10.);
#3561=VECTOR('',#17470,10.);
#3562=VECTOR('',#17473,10.);
#3563=VECTOR('',#17474,10.);
#3564=VECTOR('',#17477,10.);
#3565=VECTOR('',#17480,10.);
#3566=VECTOR('',#17481,10.);
#3567=VECTOR('',#17482,10.);
#3568=VECTOR('',#17483,10.);
#3569=VECTOR('',#17486,10.);
#3570=VECTOR('',#17487,10.);
#3571=VECTOR('',#17488,10.);
#3572=VECTOR('',#17491,10.);
#3573=VECTOR('',#17492,10.);
#3574=VECTOR('',#17495,10.);
#3575=VECTOR('',#17496,10.);
#3576=VECTOR('',#17499,10.);
#3577=VECTOR('',#17502,10.);
#3578=VECTOR('',#17503,10.);
#3579=VECTOR('',#17504,10.);
#3580=VECTOR('',#17505,10.);
#3581=VECTOR('',#17508,10.);
#3582=VECTOR('',#17509,10.);
#3583=VECTOR('',#17510,10.);
#3584=VECTOR('',#17513,10.);
#3585=VECTOR('',#17514,10.);
#3586=VECTOR('',#17517,10.);
#3587=VECTOR('',#17518,10.);
#3588=VECTOR('',#17521,10.);
#3589=VECTOR('',#17524,10.);
#3590=VECTOR('',#17525,10.);
#3591=VECTOR('',#17526,10.);
#3592=VECTOR('',#17527,10.);
#3593=VECTOR('',#17530,10.);
#3594=VECTOR('',#17531,10.);
#3595=VECTOR('',#17532,10.);
#3596=VECTOR('',#17535,10.);
#3597=VECTOR('',#17536,10.);
#3598=VECTOR('',#17539,10.);
#3599=VECTOR('',#17540,10.);
#3600=VECTOR('',#17543,10.);
#3601=VECTOR('',#17546,10.);
#3602=VECTOR('',#17547,10.);
#3603=VECTOR('',#17548,10.);
#3604=VECTOR('',#17549,10.);
#3605=VECTOR('',#17552,10.);
#3606=VECTOR('',#17553,10.);
#3607=VECTOR('',#17554,10.);
#3608=VECTOR('',#17557,10.);
#3609=VECTOR('',#17558,10.);
#3610=VECTOR('',#17561,10.);
#3611=VECTOR('',#17562,10.);
#3612=VECTOR('',#17563,10.);
#3613=VECTOR('',#17566,10.);
#3614=VECTOR('',#17567,10.);
#3615=VECTOR('',#17570,10.);
#3616=VECTOR('',#17571,10.);
#3617=VECTOR('',#17572,10.);
#3618=VECTOR('',#17575,10.);
#3619=VECTOR('',#17576,10.);
#3620=VECTOR('',#17579,10.);
#3621=VECTOR('',#17580,10.);
#3622=VECTOR('',#17581,10.);
#3623=VECTOR('',#17584,10.);
#3624=VECTOR('',#17585,10.);
#3625=VECTOR('',#17588,10.);
#3626=VECTOR('',#17589,10.);
#3627=VECTOR('',#17590,10.);
#3628=VECTOR('',#17593,10.);
#3629=VECTOR('',#17594,10.);
#3630=VECTOR('',#17597,10.);
#3631=VECTOR('',#17598,10.);
#3632=VECTOR('',#17599,10.);
#3633=VECTOR('',#17602,10.);
#3634=VECTOR('',#17603,10.);
#3635=VECTOR('',#17606,10.);
#3636=VECTOR('',#17607,10.);
#3637=VECTOR('',#17608,10.);
#3638=VECTOR('',#17611,10.);
#3639=VECTOR('',#17612,10.);
#3640=VECTOR('',#17615,10.);
#3641=VECTOR('',#17616,10.);
#3642=VECTOR('',#17617,10.);
#3643=VECTOR('',#17620,10.);
#3644=VECTOR('',#17621,10.);
#3645=VECTOR('',#17624,10.);
#3646=VECTOR('',#17625,10.);
#3647=VECTOR('',#17626,10.);
#3648=VECTOR('',#17629,10.);
#3649=VECTOR('',#17630,10.);
#3650=VECTOR('',#17633,10.);
#3651=VECTOR('',#17634,10.);
#3652=VECTOR('',#17635,10.);
#3653=VECTOR('',#17638,10.);
#3654=VECTOR('',#17639,10.);
#3655=VECTOR('',#17642,10.);
#3656=VECTOR('',#17643,10.);
#3657=VECTOR('',#17644,10.);
#3658=VECTOR('',#17647,10.);
#3659=VECTOR('',#17648,10.);
#3660=VECTOR('',#17651,10.);
#3661=VECTOR('',#17652,10.);
#3662=VECTOR('',#17653,10.);
#3663=VECTOR('',#17656,10.);
#3664=VECTOR('',#17657,10.);
#3665=VECTOR('',#17660,10.);
#3666=VECTOR('',#17661,10.);
#3667=VECTOR('',#17662,10.);
#3668=VECTOR('',#17665,10.);
#3669=VECTOR('',#17666,10.);
#3670=VECTOR('',#17669,10.);
#3671=VECTOR('',#17670,10.);
#3672=VECTOR('',#17671,10.);
#3673=VECTOR('',#17674,10.);
#3674=VECTOR('',#17675,10.);
#3675=VECTOR('',#17678,10.);
#3676=VECTOR('',#17679,10.);
#3677=VECTOR('',#17680,10.);
#3678=VECTOR('',#17683,10.);
#3679=VECTOR('',#17684,10.);
#3680=VECTOR('',#17687,10.);
#3681=VECTOR('',#17688,10.);
#3682=VECTOR('',#17691,10.);
#3683=VECTOR('',#17694,10.);
#3684=VECTOR('',#17695,10.);
#3685=VECTOR('',#17696,10.);
#3686=VECTOR('',#17697,10.);
#3687=VECTOR('',#17700,10.);
#3688=VECTOR('',#17701,10.);
#3689=VECTOR('',#17702,10.);
#3690=VECTOR('',#17705,10.);
#3691=VECTOR('',#17706,10.);
#3692=VECTOR('',#17709,10.);
#3693=VECTOR('',#17710,10.);
#3694=VECTOR('',#17713,10.);
#3695=VECTOR('',#17716,10.);
#3696=VECTOR('',#17717,10.);
#3697=VECTOR('',#17718,10.);
#3698=VECTOR('',#17719,10.);
#3699=VECTOR('',#17722,10.);
#3700=VECTOR('',#17723,10.);
#3701=VECTOR('',#17724,10.);
#3702=VECTOR('',#17727,10.);
#3703=VECTOR('',#17728,10.);
#3704=VECTOR('',#17731,10.);
#3705=VECTOR('',#17732,10.);
#3706=VECTOR('',#17735,10.);
#3707=VECTOR('',#17738,10.);
#3708=VECTOR('',#17739,10.);
#3709=VECTOR('',#17740,10.);
#3710=VECTOR('',#17741,10.);
#3711=VECTOR('',#17744,10.);
#3712=VECTOR('',#17745,10.);
#3713=VECTOR('',#17746,10.);
#3714=VECTOR('',#17749,10.);
#3715=VECTOR('',#17750,10.);
#3716=VECTOR('',#17753,10.);
#3717=VECTOR('',#17754,10.);
#3718=VECTOR('',#17755,10.);
#3719=VECTOR('',#17758,10.);
#3720=VECTOR('',#17759,10.);
#3721=VECTOR('',#17762,10.);
#3722=VECTOR('',#17763,10.);
#3723=VECTOR('',#17764,10.);
#3724=VECTOR('',#17767,10.);
#3725=VECTOR('',#17768,10.);
#3726=VECTOR('',#17771,10.);
#3727=VECTOR('',#17772,10.);
#3728=VECTOR('',#17773,10.);
#3729=VECTOR('',#17780,10.);
#3730=VECTOR('',#17785,10.);
#3731=VECTOR('',#17786,10.);
#3732=VECTOR('',#17793,10.);
#3733=VECTOR('',#17800,10.);
#3734=VECTOR('',#17801,10.);
#3735=VECTOR('',#17804,10.);
#3736=VECTOR('',#17807,10.);
#3737=VECTOR('',#17808,10.);
#3738=VECTOR('',#17811,10.);
#3739=VECTOR('',#17816,1.6);
#3740=VECTOR('',#17819,10.);
#3741=VECTOR('',#17820,10.);
#3742=VECTOR('',#17823,10.);
#3743=VECTOR('',#17826,10.);
#3744=VECTOR('',#17827,10.);
#3745=VECTOR('',#17830,10.);
#3746=VECTOR('',#17833,10.);
#3747=VECTOR('',#17834,10.);
#3748=VECTOR('',#17837,10.);
#3749=VECTOR('',#17842,1.6);
#3750=VECTOR('',#17847,1.6);
#3751=VECTOR('',#17850,10.);
#3752=VECTOR('',#17851,10.);
#3753=VECTOR('',#17854,10.);
#3754=VECTOR('',#17857,10.);
#3755=VECTOR('',#17858,10.);
#3756=VECTOR('',#17861,10.);
#3757=VECTOR('',#17864,10.);
#3758=VECTOR('',#17865,10.);
#3759=VECTOR('',#17868,10.);
#3760=VECTOR('',#17871,10.);
#3761=VECTOR('',#17872,10.);
#3762=VECTOR('',#17875,10.);
#3763=VECTOR('',#17880,1.6);
#3764=VECTOR('',#17883,10.);
#3765=VECTOR('',#17884,10.);
#3766=VECTOR('',#17887,10.);
#3767=VECTOR('',#17890,10.);
#3768=VECTOR('',#17891,10.);
#3769=VECTOR('',#17894,10.);
#3770=VECTOR('',#17897,10.);
#3771=VECTOR('',#17898,10.);
#3772=VECTOR('',#17901,10.);
#3773=VECTOR('',#17904,10.);
#3774=VECTOR('',#17905,10.);
#3775=VECTOR('',#17908,10.);
#3776=VECTOR('',#17911,10.);
#3777=VECTOR('',#17912,10.);
#3778=VECTOR('',#17915,10.);
#3779=VECTOR('',#17918,10.);
#3780=VECTOR('',#17919,10.);
#3781=VECTOR('',#17922,10.);
#3782=VECTOR('',#17925,10.);
#3783=VECTOR('',#17926,10.);
#3784=VECTOR('',#17929,10.);
#3785=VECTOR('',#17932,10.);
#3786=VECTOR('',#17933,10.);
#3787=VECTOR('',#17936,10.);
#3788=VECTOR('',#17939,10.);
#3789=VECTOR('',#17940,10.);
#3790=VECTOR('',#17943,10.);
#3791=VECTOR('',#17946,10.);
#3792=VECTOR('',#17947,10.);
#3793=VECTOR('',#17950,10.);
#3794=VECTOR('',#17953,10.);
#3795=VECTOR('',#17954,10.);
#3796=VECTOR('',#17957,10.);
#3797=VECTOR('',#17960,10.);
#3798=VECTOR('',#17961,10.);
#3799=VECTOR('',#17964,10.);
#3800=VECTOR('',#17969,10.);
#3801=VECTOR('',#17972,10.);
#3802=VECTOR('',#17973,10.);
#3803=VECTOR('',#17978,10.);
#3804=VECTOR('',#17981,10.);
#3805=VECTOR('',#17982,10.);
#3806=VECTOR('',#17987,10.);
#3807=VECTOR('',#17990,10.);
#3808=VECTOR('',#17991,10.);
#3809=PLANE('',#13835);
#3810=PLANE('',#13841);
#3811=PLANE('',#13842);
#3812=PLANE('',#13843);
#3813=PLANE('',#13844);
#3814=PLANE('',#13845);
#3815=PLANE('',#13846);
#3816=PLANE('',#13847);
#3817=PLANE('',#13853);
#3818=PLANE('',#13859);
#3819=PLANE('',#13860);
#3820=PLANE('',#13861);
#3821=PLANE('',#13862);
#3822=PLANE('',#13863);
#3823=PLANE('',#13864);
#3824=PLANE('',#13865);
#3825=PLANE('',#13866);
#3826=PLANE('',#13867);
#3827=PLANE('',#13868);
#3828=PLANE('',#13869);
#3829=PLANE('',#13870);
#3830=PLANE('',#13871);
#3831=PLANE('',#13872);
#3832=PLANE('',#13873);
#3833=PLANE('',#13874);
#3834=PLANE('',#13875);
#3835=PLANE('',#13876);
#3836=PLANE('',#13877);
#3837=PLANE('',#13878);
#3838=PLANE('',#13879);
#3839=PLANE('',#13880);
#3840=PLANE('',#13881);
#3841=PLANE('',#13882);
#3842=PLANE('',#13883);
#3843=PLANE('',#13884);
#3844=PLANE('',#13885);
#3845=PLANE('',#13886);
#3846=PLANE('',#13887);
#3847=PLANE('',#13888);
#3848=PLANE('',#13889);
#3849=PLANE('',#13890);
#3850=PLANE('',#13891);
#3851=PLANE('',#13892);
#3852=PLANE('',#13893);
#3853=PLANE('',#13894);
#3854=PLANE('',#13895);
#3855=PLANE('',#13896);
#3856=PLANE('',#13897);
#3857=PLANE('',#13898);
#3858=PLANE('',#13899);
#3859=PLANE('',#13900);
#3860=PLANE('',#13901);
#3861=PLANE('',#13902);
#3862=PLANE('',#13903);
#3863=PLANE('',#13904);
#3864=PLANE('',#13905);
#3865=PLANE('',#13906);
#3866=PLANE('',#13907);
#3867=PLANE('',#13908);
#3868=PLANE('',#13909);
#3869=PLANE('',#13910);
#3870=PLANE('',#13911);
#3871=PLANE('',#13912);
#3872=PLANE('',#13913);
#3873=PLANE('',#13914);
#3874=PLANE('',#13915);
#3875=PLANE('',#13916);
#3876=PLANE('',#13917);
#3877=PLANE('',#13918);
#3878=PLANE('',#13919);
#3879=PLANE('',#13920);
#3880=PLANE('',#13921);
#3881=PLANE('',#13922);
#3882=PLANE('',#13923);
#3883=PLANE('',#13924);
#3884=PLANE('',#13925);
#3885=PLANE('',#13926);
#3886=PLANE('',#13927);
#3887=PLANE('',#13928);
#3888=PLANE('',#13929);
#3889=PLANE('',#13930);
#3890=PLANE('',#13931);
#3891=PLANE('',#13932);
#3892=PLANE('',#13933);
#3893=PLANE('',#13934);
#3894=PLANE('',#13935);
#3895=PLANE('',#13936);
#3896=PLANE('',#13937);
#3897=PLANE('',#13938);
#3898=PLANE('',#13939);
#3899=PLANE('',#13940);
#3900=PLANE('',#13941);
#3901=PLANE('',#13945);
#3902=PLANE('',#13951);
#3903=PLANE('',#13952);
#3904=PLANE('',#13956);
#3905=PLANE('',#13957);
#3906=PLANE('',#13960);
#3907=PLANE('',#13961);
#3908=PLANE('',#13962);
#3909=PLANE('',#13965);
#3910=PLANE('',#13966);
#3911=PLANE('',#13967);
#3912=PLANE('',#13968);
#3913=PLANE('',#13969);
#3914=PLANE('',#13970);
#3915=PLANE('',#13971);
#3916=PLANE('',#13972);
#3917=PLANE('',#13973);
#3918=PLANE('',#13974);
#3919=PLANE('',#13975);
#3920=PLANE('',#13976);
#3921=PLANE('',#13977);
#3922=PLANE('',#13978);
#3923=PLANE('',#13979);
#3924=PLANE('',#13980);
#3925=PLANE('',#13981);
#3926=PLANE('',#13982);
#3927=PLANE('',#13983);
#3928=PLANE('',#13984);
#3929=PLANE('',#13985);
#3930=PLANE('',#13986);
#3931=PLANE('',#13987);
#3932=PLANE('',#13988);
#3933=PLANE('',#13989);
#3934=PLANE('',#13990);
#3935=PLANE('',#13991);
#3936=PLANE('',#13992);
#3937=PLANE('',#13993);
#3938=PLANE('',#13994);
#3939=PLANE('',#13995);
#3940=PLANE('',#13996);
#3941=PLANE('',#13997);
#3942=PLANE('',#13998);
#3943=PLANE('',#13999);
#3944=PLANE('',#14000);
#3945=PLANE('',#14001);
#3946=PLANE('',#14002);
#3947=PLANE('',#14003);
#3948=PLANE('',#14004);
#3949=PLANE('',#14005);
#3950=PLANE('',#14006);
#3951=PLANE('',#14007);
#3952=PLANE('',#14008);
#3953=PLANE('',#14009);
#3954=PLANE('',#14010);
#3955=PLANE('',#14011);
#3956=PLANE('',#14012);
#3957=PLANE('',#14013);
#3958=PLANE('',#14014);
#3959=PLANE('',#14015);
#3960=PLANE('',#14016);
#3961=PLANE('',#14017);
#3962=PLANE('',#14018);
#3963=PLANE('',#14019);
#3964=PLANE('',#14020);
#3965=PLANE('',#14021);
#3966=PLANE('',#14022);
#3967=PLANE('',#14023);
#3968=PLANE('',#14024);
#3969=PLANE('',#14025);
#3970=PLANE('',#14026);
#3971=PLANE('',#14027);
#3972=PLANE('',#14028);
#3973=PLANE('',#14029);
#3974=PLANE('',#14030);
#3975=PLANE('',#14031);
#3976=PLANE('',#14032);
#3977=PLANE('',#14033);
#3978=PLANE('',#14034);
#3979=PLANE('',#14035);
#3980=PLANE('',#14036);
#3981=PLANE('',#14037);
#3982=PLANE('',#14038);
#3983=PLANE('',#14039);
#3984=PLANE('',#14040);
#3985=PLANE('',#14041);
#3986=PLANE('',#14042);
#3987=PLANE('',#14043);
#3988=PLANE('',#14044);
#3989=PLANE('',#14045);
#3990=PLANE('',#14046);
#3991=PLANE('',#14047);
#3992=PLANE('',#14048);
#3993=PLANE('',#14049);
#3994=PLANE('',#14050);
#3995=PLANE('',#14051);
#3996=PLANE('',#14052);
#3997=PLANE('',#14053);
#3998=PLANE('',#14054);
#3999=PLANE('',#14055);
#4000=PLANE('',#14056);
#4001=PLANE('',#14057);
#4002=PLANE('',#14058);
#4003=PLANE('',#14059);
#4004=PLANE('',#14060);
#4005=PLANE('',#14061);
#4006=PLANE('',#14062);
#4007=PLANE('',#14063);
#4008=PLANE('',#14064);
#4009=PLANE('',#14065);
#4010=PLANE('',#14066);
#4011=PLANE('',#14067);
#4012=PLANE('',#14068);
#4013=PLANE('',#14069);
#4014=PLANE('',#14070);
#4015=PLANE('',#14071);
#4016=PLANE('',#14072);
#4017=PLANE('',#14073);
#4018=PLANE('',#14074);
#4019=PLANE('',#14075);
#4020=PLANE('',#14076);
#4021=PLANE('',#14077);
#4022=PLANE('',#14078);
#4023=PLANE('',#14079);
#4024=PLANE('',#14080);
#4025=PLANE('',#14081);
#4026=PLANE('',#14082);
#4027=PLANE('',#14083);
#4028=PLANE('',#14084);
#4029=PLANE('',#14085);
#4030=PLANE('',#14086);
#4031=PLANE('',#14087);
#4032=PLANE('',#14088);
#4033=PLANE('',#14089);
#4034=PLANE('',#14090);
#4035=PLANE('',#14091);
#4036=PLANE('',#14092);
#4037=PLANE('',#14093);
#4038=PLANE('',#14094);
#4039=PLANE('',#14095);
#4040=PLANE('',#14096);
#4041=PLANE('',#14097);
#4042=PLANE('',#14098);
#4043=PLANE('',#14099);
#4044=PLANE('',#14100);
#4045=PLANE('',#14101);
#4046=PLANE('',#14102);
#4047=PLANE('',#14103);
#4048=PLANE('',#14104);
#4049=PLANE('',#14105);
#4050=PLANE('',#14106);
#4051=PLANE('',#14107);
#4052=PLANE('',#14108);
#4053=PLANE('',#14109);
#4054=PLANE('',#14110);
#4055=PLANE('',#14111);
#4056=PLANE('',#14112);
#4057=PLANE('',#14113);
#4058=PLANE('',#14114);
#4059=PLANE('',#14115);
#4060=PLANE('',#14116);
#4061=PLANE('',#14117);
#4062=PLANE('',#14118);
#4063=PLANE('',#14119);
#4064=PLANE('',#14120);
#4065=PLANE('',#14121);
#4066=PLANE('',#14122);
#4067=PLANE('',#14123);
#4068=PLANE('',#14124);
#4069=PLANE('',#14125);
#4070=PLANE('',#14126);
#4071=PLANE('',#14127);
#4072=PLANE('',#14128);
#4073=PLANE('',#14129);
#4074=PLANE('',#14130);
#4075=PLANE('',#14131);
#4076=PLANE('',#14132);
#4077=PLANE('',#14133);
#4078=PLANE('',#14134);
#4079=PLANE('',#14135);
#4080=PLANE('',#14136);
#4081=PLANE('',#14137);
#4082=PLANE('',#14138);
#4083=PLANE('',#14139);
#4084=PLANE('',#14140);
#4085=PLANE('',#14141);
#4086=PLANE('',#14142);
#4087=PLANE('',#14143);
#4088=PLANE('',#14144);
#4089=PLANE('',#14145);
#4090=PLANE('',#14146);
#4091=PLANE('',#14147);
#4092=PLANE('',#14148);
#4093=PLANE('',#14149);
#4094=PLANE('',#14150);
#4095=PLANE('',#14151);
#4096=PLANE('',#14152);
#4097=PLANE('',#14153);
#4098=PLANE('',#14154);
#4099=PLANE('',#14155);
#4100=PLANE('',#14156);
#4101=PLANE('',#14157);
#4102=PLANE('',#14158);
#4103=PLANE('',#14159);
#4104=PLANE('',#14160);
#4105=PLANE('',#14161);
#4106=PLANE('',#14162);
#4107=PLANE('',#14163);
#4108=PLANE('',#14164);
#4109=PLANE('',#14165);
#4110=PLANE('',#14166);
#4111=PLANE('',#14167);
#4112=PLANE('',#14168);
#4113=PLANE('',#14169);
#4114=PLANE('',#14170);
#4115=PLANE('',#14171);
#4116=PLANE('',#14172);
#4117=PLANE('',#14173);
#4118=PLANE('',#14174);
#4119=PLANE('',#14175);
#4120=PLANE('',#14176);
#4121=PLANE('',#14177);
#4122=PLANE('',#14178);
#4123=PLANE('',#14179);
#4124=PLANE('',#14180);
#4125=PLANE('',#14181);
#4126=PLANE('',#14182);
#4127=PLANE('',#14183);
#4128=PLANE('',#14184);
#4129=PLANE('',#14185);
#4130=PLANE('',#14186);
#4131=PLANE('',#14187);
#4132=PLANE('',#14188);
#4133=PLANE('',#14189);
#4134=PLANE('',#14190);
#4135=PLANE('',#14191);
#4136=PLANE('',#14192);
#4137=PLANE('',#14193);
#4138=PLANE('',#14194);
#4139=PLANE('',#14195);
#4140=PLANE('',#14196);
#4141=PLANE('',#14197);
#4142=PLANE('',#14198);
#4143=PLANE('',#14199);
#4144=PLANE('',#14200);
#4145=PLANE('',#14201);
#4146=PLANE('',#14202);
#4147=PLANE('',#14203);
#4148=PLANE('',#14204);
#4149=PLANE('',#14205);
#4150=PLANE('',#14206);
#4151=PLANE('',#14207);
#4152=PLANE('',#14208);
#4153=PLANE('',#14209);
#4154=PLANE('',#14210);
#4155=PLANE('',#14211);
#4156=PLANE('',#14212);
#4157=PLANE('',#14213);
#4158=PLANE('',#14214);
#4159=PLANE('',#14215);
#4160=PLANE('',#14216);
#4161=PLANE('',#14217);
#4162=PLANE('',#14218);
#4163=PLANE('',#14219);
#4164=PLANE('',#14220);
#4165=PLANE('',#14221);
#4166=PLANE('',#14222);
#4167=PLANE('',#14223);
#4168=PLANE('',#14224);
#4169=PLANE('',#14225);
#4170=PLANE('',#14226);
#4171=PLANE('',#14227);
#4172=PLANE('',#14230);
#4173=PLANE('',#14231);
#4174=PLANE('',#14232);
#4175=PLANE('',#14233);
#4176=PLANE('',#14234);
#4177=PLANE('',#14235);
#4178=PLANE('',#14236);
#4179=PLANE('',#14237);
#4180=PLANE('',#14238);
#4181=PLANE('',#14239);
#4182=PLANE('',#14240);
#4183=PLANE('',#14241);
#4184=PLANE('',#14242);
#4185=PLANE('',#14243);
#4186=PLANE('',#14244);
#4187=PLANE('',#14245);
#4188=PLANE('',#14246);
#4189=PLANE('',#14247);
#4190=PLANE('',#14248);
#4191=PLANE('',#14249);
#4192=PLANE('',#14250);
#4193=PLANE('',#14251);
#4194=PLANE('',#14252);
#4195=PLANE('',#14253);
#4196=PLANE('',#14254);
#4197=PLANE('',#14255);
#4198=PLANE('',#14256);
#4199=PLANE('',#14257);
#4200=PLANE('',#14258);
#4201=PLANE('',#14259);
#4202=PLANE('',#14260);
#4203=PLANE('',#14261);
#4204=PLANE('',#14262);
#4205=PLANE('',#14263);
#4206=PLANE('',#14264);
#4207=PLANE('',#14265);
#4208=PLANE('',#14266);
#4209=PLANE('',#14267);
#4210=PLANE('',#14268);
#4211=PLANE('',#14269);
#4212=PLANE('',#14270);
#4213=PLANE('',#14271);
#4214=PLANE('',#14272);
#4215=PLANE('',#14273);
#4216=PLANE('',#14274);
#4217=PLANE('',#14275);
#4218=PLANE('',#14276);
#4219=PLANE('',#14277);
#4220=PLANE('',#14278);
#4221=PLANE('',#14279);
#4222=PLANE('',#14280);
#4223=PLANE('',#14281);
#4224=PLANE('',#14282);
#4225=PLANE('',#14283);
#4226=PLANE('',#14284);
#4227=PLANE('',#14285);
#4228=PLANE('',#14286);
#4229=PLANE('',#14287);
#4230=PLANE('',#14288);
#4231=PLANE('',#14289);
#4232=PLANE('',#14290);
#4233=PLANE('',#14291);
#4234=PLANE('',#14292);
#4235=PLANE('',#14293);
#4236=PLANE('',#14294);
#4237=PLANE('',#14295);
#4238=PLANE('',#14296);
#4239=PLANE('',#14297);
#4240=PLANE('',#14298);
#4241=PLANE('',#14299);
#4242=PLANE('',#14300);
#4243=PLANE('',#14301);
#4244=PLANE('',#14302);
#4245=PLANE('',#14303);
#4246=PLANE('',#14304);
#4247=PLANE('',#14305);
#4248=PLANE('',#14306);
#4249=PLANE('',#14307);
#4250=PLANE('',#14308);
#4251=PLANE('',#14309);
#4252=PLANE('',#14311);
#4253=PLANE('',#14317);
#4254=PLANE('',#14323);
#4255=PLANE('',#14333);
#4256=PLANE('',#14334);
#4257=PLANE('',#14340);
#4258=PLANE('',#14346);
#4259=PLANE('',#14347);
#4260=PLANE('',#14348);
#4261=PLANE('',#14349);
#4262=PLANE('',#14350);
#4263=PLANE('',#14353);
#4264=PLANE('',#14354);
#4265=PLANE('',#14355);
#4266=PLANE('',#14356);
#4267=PLANE('',#14357);
#4268=PLANE('',#14358);
#4269=PLANE('',#14359);
#4270=PLANE('',#14360);
#4271=PLANE('',#14361);
#4272=PLANE('',#14362);
#4273=PLANE('',#14363);
#4274=PLANE('',#14364);
#4275=PLANE('',#14365);
#4276=PLANE('',#14366);
#4277=PLANE('',#14367);
#4278=PLANE('',#14368);
#4279=PLANE('',#14369);
#4280=PLANE('',#14370);
#4281=PLANE('',#14371);
#4282=PLANE('',#14372);
#4283=PLANE('',#14373);
#4284=PLANE('',#14374);
#4285=PLANE('',#14375);
#4286=PLANE('',#14376);
#4287=PLANE('',#14377);
#4288=PLANE('',#14378);
#4289=PLANE('',#14379);
#4290=PLANE('',#14380);
#4291=PLANE('',#14381);
#4292=PLANE('',#14382);
#4293=PLANE('',#14383);
#4294=PLANE('',#14384);
#4295=PLANE('',#14385);
#4296=PLANE('',#14386);
#4297=PLANE('',#14387);
#4298=PLANE('',#14388);
#4299=PLANE('',#14389);
#4300=PLANE('',#14390);
#4301=PLANE('',#14391);
#4302=PLANE('',#14392);
#4303=PLANE('',#14393);
#4304=PLANE('',#14394);
#4305=PLANE('',#14395);
#4306=PLANE('',#14396);
#4307=PLANE('',#14397);
#4308=PLANE('',#14398);
#4309=PLANE('',#14399);
#4310=PLANE('',#14400);
#4311=PLANE('',#14401);
#4312=PLANE('',#14402);
#4313=PLANE('',#14403);
#4314=PLANE('',#14404);
#4315=PLANE('',#14405);
#4316=PLANE('',#14406);
#4317=PLANE('',#14407);
#4318=PLANE('',#14408);
#4319=PLANE('',#14409);
#4320=PLANE('',#14410);
#4321=PLANE('',#14411);
#4322=PLANE('',#14412);
#4323=PLANE('',#14413);
#4324=PLANE('',#14414);
#4325=PLANE('',#14415);
#4326=PLANE('',#14416);
#4327=PLANE('',#14417);
#4328=PLANE('',#14418);
#4329=PLANE('',#14419);
#4330=PLANE('',#14420);
#4331=PLANE('',#14421);
#4332=PLANE('',#14422);
#4333=PLANE('',#14423);
#4334=PLANE('',#14424);
#4335=PLANE('',#14425);
#4336=PLANE('',#14426);
#4337=PLANE('',#14427);
#4338=PLANE('',#14428);
#4339=PLANE('',#14429);
#4340=PLANE('',#14430);
#4341=PLANE('',#14431);
#4342=PLANE('',#14432);
#4343=PLANE('',#14433);
#4344=PLANE('',#14434);
#4345=PLANE('',#14435);
#4346=PLANE('',#14436);
#4347=PLANE('',#14437);
#4348=PLANE('',#14438);
#4349=PLANE('',#14439);
#4350=PLANE('',#14440);
#4351=PLANE('',#14441);
#4352=PLANE('',#14442);
#4353=PLANE('',#14443);
#4354=PLANE('',#14444);
#4355=PLANE('',#14445);
#4356=PLANE('',#14446);
#4357=PLANE('',#14447);
#4358=PLANE('',#14448);
#4359=PLANE('',#14449);
#4360=PLANE('',#14450);
#4361=PLANE('',#14451);
#4362=PLANE('',#14452);
#4363=PLANE('',#14453);
#4364=PLANE('',#14454);
#4365=PLANE('',#14455);
#4366=PLANE('',#14456);
#4367=PLANE('',#14457);
#4368=PLANE('',#14458);
#4369=PLANE('',#14459);
#4370=PLANE('',#14460);
#4371=PLANE('',#14461);
#4372=PLANE('',#14462);
#4373=PLANE('',#14463);
#4374=PLANE('',#14464);
#4375=PLANE('',#14465);
#4376=PLANE('',#14466);
#4377=PLANE('',#14467);
#4378=PLANE('',#14468);
#4379=PLANE('',#14469);
#4380=PLANE('',#14470);
#4381=PLANE('',#14471);
#4382=PLANE('',#14472);
#4383=PLANE('',#14473);
#4384=PLANE('',#14474);
#4385=PLANE('',#14475);
#4386=PLANE('',#14476);
#4387=PLANE('',#14477);
#4388=PLANE('',#14478);
#4389=PLANE('',#14479);
#4390=PLANE('',#14480);
#4391=PLANE('',#14481);
#4392=PLANE('',#14482);
#4393=PLANE('',#14483);
#4394=PLANE('',#14484);
#4395=PLANE('',#14485);
#4396=PLANE('',#14486);
#4397=PLANE('',#14487);
#4398=PLANE('',#14488);
#4399=PLANE('',#14489);
#4400=PLANE('',#14490);
#4401=PLANE('',#14491);
#4402=PLANE('',#14492);
#4403=PLANE('',#14493);
#4404=PLANE('',#14494);
#4405=PLANE('',#14495);
#4406=PLANE('',#14496);
#4407=PLANE('',#14497);
#4408=PLANE('',#14498);
#4409=PLANE('',#14499);
#4410=PLANE('',#14500);
#4411=PLANE('',#14501);
#4412=PLANE('',#14502);
#4413=PLANE('',#14503);
#4414=PLANE('',#14504);
#4415=PLANE('',#14505);
#4416=PLANE('',#14506);
#4417=PLANE('',#14507);
#4418=PLANE('',#14508);
#4419=PLANE('',#14509);
#4420=PLANE('',#14510);
#4421=PLANE('',#14511);
#4422=PLANE('',#14512);
#4423=PLANE('',#14513);
#4424=PLANE('',#14514);
#4425=PLANE('',#14515);
#4426=PLANE('',#14516);
#4427=PLANE('',#14517);
#4428=PLANE('',#14518);
#4429=PLANE('',#14519);
#4430=PLANE('',#14520);
#4431=PLANE('',#14521);
#4432=PLANE('',#14522);
#4433=PLANE('',#14523);
#4434=PLANE('',#14524);
#4435=PLANE('',#14525);
#4436=PLANE('',#14526);
#4437=PLANE('',#14527);
#4438=PLANE('',#14528);
#4439=PLANE('',#14529);
#4440=PLANE('',#14530);
#4441=PLANE('',#14531);
#4442=PLANE('',#14532);
#4443=PLANE('',#14533);
#4444=PLANE('',#14534);
#4445=PLANE('',#14535);
#4446=PLANE('',#14536);
#4447=PLANE('',#14537);
#4448=PLANE('',#14538);
#4449=PLANE('',#14539);
#4450=PLANE('',#14540);
#4451=PLANE('',#14545);
#4452=PLANE('',#14548);
#4453=PLANE('',#14551);
#4454=PLANE('',#14552);
#4455=PLANE('',#14553);
#4456=PLANE('',#14554);
#4457=PLANE('',#14557);
#4458=PLANE('',#14558);
#4459=PLANE('',#14559);
#4460=PLANE('',#14560);
#4461=PLANE('',#14561);
#4462=PLANE('',#14562);
#4463=PLANE('',#14567);
#4464=PLANE('',#14568);
#4465=PLANE('',#14569);
#4466=PLANE('',#14570);
#4467=PLANE('',#14571);
#4468=PLANE('',#14572);
#4469=PLANE('',#14573);
#4470=PLANE('',#14574);
#4471=PLANE('',#14577);
#4472=PLANE('',#14578);
#4473=PLANE('',#14579);
#4474=PLANE('',#14580);
#4475=PLANE('',#14581);
#4476=PLANE('',#14582);
#4477=PLANE('',#14583);
#4478=PLANE('',#14584);
#4479=PLANE('',#14585);
#4480=PLANE('',#14586);
#4481=PLANE('',#14587);
#4482=PLANE('',#14588);
#4483=PLANE('',#14589);
#4484=PLANE('',#14590);
#4485=PLANE('',#14591);
#4486=PLANE('',#14592);
#4487=PLANE('',#14593);
#4488=PLANE('',#14594);
#4489=PLANE('',#14595);
#4490=PLANE('',#14596);
#4491=PLANE('',#14597);
#4492=PLANE('',#14598);
#4493=PLANE('',#14599);
#4494=PLANE('',#14600);
#4495=PLANE('',#14603);
#4496=PLANE('',#14606);
#4497=PLANE('',#14609);
#4498=PLANE('',#14612);
#4499=FACE_OUTER_BOUND('',#5215,.T.);
#4500=FACE_OUTER_BOUND('',#5216,.T.);
#4501=FACE_OUTER_BOUND('',#5217,.T.);
#4502=FACE_OUTER_BOUND('',#5218,.T.);
#4503=FACE_OUTER_BOUND('',#5219,.T.);
#4504=FACE_OUTER_BOUND('',#5220,.T.);
#4505=FACE_OUTER_BOUND('',#5221,.T.);
#4506=FACE_OUTER_BOUND('',#5222,.T.);
#4507=FACE_OUTER_BOUND('',#5223,.T.);
#4508=FACE_OUTER_BOUND('',#5224,.T.);
#4509=FACE_OUTER_BOUND('',#5225,.T.);
#4510=FACE_OUTER_BOUND('',#5226,.T.);
#4511=FACE_OUTER_BOUND('',#5227,.T.);
#4512=FACE_OUTER_BOUND('',#5228,.T.);
#4513=FACE_OUTER_BOUND('',#5229,.T.);
#4514=FACE_OUTER_BOUND('',#5230,.T.);
#4515=FACE_OUTER_BOUND('',#5231,.T.);
#4516=FACE_OUTER_BOUND('',#5232,.T.);
#4517=FACE_OUTER_BOUND('',#5233,.T.);
#4518=FACE_OUTER_BOUND('',#5234,.T.);
#4519=FACE_OUTER_BOUND('',#5235,.T.);
#4520=FACE_OUTER_BOUND('',#5236,.T.);
#4521=FACE_OUTER_BOUND('',#5237,.T.);
#4522=FACE_OUTER_BOUND('',#5238,.T.);
#4523=FACE_OUTER_BOUND('',#5239,.T.);
#4524=FACE_OUTER_BOUND('',#5240,.T.);
#4525=FACE_OUTER_BOUND('',#5241,.T.);
#4526=FACE_OUTER_BOUND('',#5242,.T.);
#4527=FACE_OUTER_BOUND('',#5243,.T.);
#4528=FACE_OUTER_BOUND('',#5244,.T.);
#4529=FACE_OUTER_BOUND('',#5245,.T.);
#4530=FACE_OUTER_BOUND('',#5246,.T.);
#4531=FACE_OUTER_BOUND('',#5247,.T.);
#4532=FACE_OUTER_BOUND('',#5248,.T.);
#4533=FACE_OUTER_BOUND('',#5249,.T.);
#4534=FACE_OUTER_BOUND('',#5250,.T.);
#4535=FACE_OUTER_BOUND('',#5251,.T.);
#4536=FACE_OUTER_BOUND('',#5252,.T.);
#4537=FACE_OUTER_BOUND('',#5253,.T.);
#4538=FACE_OUTER_BOUND('',#5254,.T.);
#4539=FACE_OUTER_BOUND('',#5255,.T.);
#4540=FACE_OUTER_BOUND('',#5256,.T.);
#4541=FACE_OUTER_BOUND('',#5257,.T.);
#4542=FACE_OUTER_BOUND('',#5258,.T.);
#4543=FACE_OUTER_BOUND('',#5259,.T.);
#4544=FACE_OUTER_BOUND('',#5260,.T.);
#4545=FACE_OUTER_BOUND('',#5261,.T.);
#4546=FACE_OUTER_BOUND('',#5262,.T.);
#4547=FACE_OUTER_BOUND('',#5263,.T.);
#4548=FACE_OUTER_BOUND('',#5264,.T.);
#4549=FACE_OUTER_BOUND('',#5265,.T.);
#4550=FACE_OUTER_BOUND('',#5266,.T.);
#4551=FACE_OUTER_BOUND('',#5267,.T.);
#4552=FACE_OUTER_BOUND('',#5268,.T.);
#4553=FACE_OUTER_BOUND('',#5269,.T.);
#4554=FACE_OUTER_BOUND('',#5270,.T.);
#4555=FACE_OUTER_BOUND('',#5271,.T.);
#4556=FACE_OUTER_BOUND('',#5272,.T.);
#4557=FACE_OUTER_BOUND('',#5273,.T.);
#4558=FACE_OUTER_BOUND('',#5274,.T.);
#4559=FACE_OUTER_BOUND('',#5275,.T.);
#4560=FACE_OUTER_BOUND('',#5276,.T.);
#4561=FACE_OUTER_BOUND('',#5277,.T.);
#4562=FACE_OUTER_BOUND('',#5278,.T.);
#4563=FACE_OUTER_BOUND('',#5279,.T.);
#4564=FACE_OUTER_BOUND('',#5280,.T.);
#4565=FACE_OUTER_BOUND('',#5281,.T.);
#4566=FACE_OUTER_BOUND('',#5282,.T.);
#4567=FACE_OUTER_BOUND('',#5283,.T.);
#4568=FACE_OUTER_BOUND('',#5284,.T.);
#4569=FACE_OUTER_BOUND('',#5285,.T.);
#4570=FACE_OUTER_BOUND('',#5286,.T.);
#4571=FACE_OUTER_BOUND('',#5287,.T.);
#4572=FACE_OUTER_BOUND('',#5288,.T.);
#4573=FACE_OUTER_BOUND('',#5289,.T.);
#4574=FACE_OUTER_BOUND('',#5290,.T.);
#4575=FACE_OUTER_BOUND('',#5291,.T.);
#4576=FACE_OUTER_BOUND('',#5292,.T.);
#4577=FACE_OUTER_BOUND('',#5293,.T.);
#4578=FACE_OUTER_BOUND('',#5294,.T.);
#4579=FACE_OUTER_BOUND('',#5295,.T.);
#4580=FACE_OUTER_BOUND('',#5296,.T.);
#4581=FACE_OUTER_BOUND('',#5297,.T.);
#4582=FACE_OUTER_BOUND('',#5298,.T.);
#4583=FACE_OUTER_BOUND('',#5299,.T.);
#4584=FACE_OUTER_BOUND('',#5300,.T.);
#4585=FACE_OUTER_BOUND('',#5301,.T.);
#4586=FACE_OUTER_BOUND('',#5302,.T.);
#4587=FACE_OUTER_BOUND('',#5303,.T.);
#4588=FACE_OUTER_BOUND('',#5304,.T.);
#4589=FACE_OUTER_BOUND('',#5305,.T.);
#4590=FACE_OUTER_BOUND('',#5306,.T.);
#4591=FACE_OUTER_BOUND('',#5307,.T.);
#4592=FACE_OUTER_BOUND('',#5308,.T.);
#4593=FACE_OUTER_BOUND('',#5309,.T.);
#4594=FACE_OUTER_BOUND('',#5310,.T.);
#4595=FACE_OUTER_BOUND('',#5311,.T.);
#4596=FACE_OUTER_BOUND('',#5312,.T.);
#4597=FACE_OUTER_BOUND('',#5313,.T.);
#4598=FACE_OUTER_BOUND('',#5314,.T.);
#4599=FACE_OUTER_BOUND('',#5315,.T.);
#4600=FACE_OUTER_BOUND('',#5344,.T.);
#4601=FACE_OUTER_BOUND('',#5345,.T.);
#4602=FACE_OUTER_BOUND('',#5346,.T.);
#4603=FACE_OUTER_BOUND('',#5347,.T.);
#4604=FACE_OUTER_BOUND('',#5348,.T.);
#4605=FACE_OUTER_BOUND('',#5349,.T.);
#4606=FACE_OUTER_BOUND('',#5350,.T.);
#4607=FACE_OUTER_BOUND('',#5351,.T.);
#4608=FACE_OUTER_BOUND('',#5352,.T.);
#4609=FACE_OUTER_BOUND('',#5353,.T.);
#4610=FACE_OUTER_BOUND('',#5354,.T.);
#4611=FACE_OUTER_BOUND('',#5355,.T.);
#4612=FACE_OUTER_BOUND('',#5356,.T.);
#4613=FACE_OUTER_BOUND('',#5358,.T.);
#4614=FACE_OUTER_BOUND('',#5359,.T.);
#4615=FACE_OUTER_BOUND('',#5360,.T.);
#4616=FACE_OUTER_BOUND('',#5361,.T.);
#4617=FACE_OUTER_BOUND('',#5362,.T.);
#4618=FACE_OUTER_BOUND('',#5364,.T.);
#4619=FACE_OUTER_BOUND('',#5365,.T.);
#4620=FACE_OUTER_BOUND('',#5366,.T.);
#4621=FACE_OUTER_BOUND('',#5367,.T.);
#4622=FACE_OUTER_BOUND('',#5368,.T.);
#4623=FACE_OUTER_BOUND('',#5369,.T.);
#4624=FACE_OUTER_BOUND('',#5370,.T.);
#4625=FACE_OUTER_BOUND('',#5371,.T.);
#4626=FACE_OUTER_BOUND('',#5372,.T.);
#4627=FACE_OUTER_BOUND('',#5374,.T.);
#4628=FACE_OUTER_BOUND('',#5375,.T.);
#4629=FACE_OUTER_BOUND('',#5376,.T.);
#4630=FACE_OUTER_BOUND('',#5377,.T.);
#4631=FACE_OUTER_BOUND('',#5378,.T.);
#4632=FACE_OUTER_BOUND('',#5380,.T.);
#4633=FACE_OUTER_BOUND('',#5381,.T.);
#4634=FACE_OUTER_BOUND('',#5382,.T.);
#4635=FACE_OUTER_BOUND('',#5383,.T.);
#4636=FACE_OUTER_BOUND('',#5384,.T.);
#4637=FACE_OUTER_BOUND('',#5385,.T.);
#4638=FACE_OUTER_BOUND('',#5386,.T.);
#4639=FACE_OUTER_BOUND('',#5387,.T.);
#4640=FACE_OUTER_BOUND('',#5388,.T.);
#4641=FACE_OUTER_BOUND('',#5390,.T.);
#4642=FACE_OUTER_BOUND('',#5391,.T.);
#4643=FACE_OUTER_BOUND('',#5392,.T.);
#4644=FACE_OUTER_BOUND('',#5393,.T.);
#4645=FACE_OUTER_BOUND('',#5394,.T.);
#4646=FACE_OUTER_BOUND('',#5395,.T.);
#4647=FACE_OUTER_BOUND('',#5396,.T.);
#4648=FACE_OUTER_BOUND('',#5398,.T.);
#4649=FACE_OUTER_BOUND('',#5399,.T.);
#4650=FACE_OUTER_BOUND('',#5400,.T.);
#4651=FACE_OUTER_BOUND('',#5401,.T.);
#4652=FACE_OUTER_BOUND('',#5402,.T.);
#4653=FACE_OUTER_BOUND('',#5404,.T.);
#4654=FACE_OUTER_BOUND('',#5405,.T.);
#4655=FACE_OUTER_BOUND('',#5406,.T.);
#4656=FACE_OUTER_BOUND('',#5407,.T.);
#4657=FACE_OUTER_BOUND('',#5408,.T.);
#4658=FACE_OUTER_BOUND('',#5410,.T.);
#4659=FACE_OUTER_BOUND('',#5411,.T.);
#4660=FACE_OUTER_BOUND('',#5412,.T.);
#4661=FACE_OUTER_BOUND('',#5413,.T.);
#4662=FACE_OUTER_BOUND('',#5414,.T.);
#4663=FACE_OUTER_BOUND('',#5416,.T.);
#4664=FACE_OUTER_BOUND('',#5417,.T.);
#4665=FACE_OUTER_BOUND('',#5418,.T.);
#4666=FACE_OUTER_BOUND('',#5419,.T.);
#4667=FACE_OUTER_BOUND('',#5420,.T.);
#4668=FACE_OUTER_BOUND('',#5422,.T.);
#4669=FACE_OUTER_BOUND('',#5423,.T.);
#4670=FACE_OUTER_BOUND('',#5424,.T.);
#4671=FACE_OUTER_BOUND('',#5425,.T.);
#4672=FACE_OUTER_BOUND('',#5426,.T.);
#4673=FACE_OUTER_BOUND('',#5428,.T.);
#4674=FACE_OUTER_BOUND('',#5429,.T.);
#4675=FACE_OUTER_BOUND('',#5430,.T.);
#4676=FACE_OUTER_BOUND('',#5431,.T.);
#4677=FACE_OUTER_BOUND('',#5432,.T.);
#4678=FACE_OUTER_BOUND('',#5434,.T.);
#4679=FACE_OUTER_BOUND('',#5435,.T.);
#4680=FACE_OUTER_BOUND('',#5436,.T.);
#4681=FACE_OUTER_BOUND('',#5437,.T.);
#4682=FACE_OUTER_BOUND('',#5438,.T.);
#4683=FACE_OUTER_BOUND('',#5440,.T.);
#4684=FACE_OUTER_BOUND('',#5441,.T.);
#4685=FACE_OUTER_BOUND('',#5442,.T.);
#4686=FACE_OUTER_BOUND('',#5443,.T.);
#4687=FACE_OUTER_BOUND('',#5444,.T.);
#4688=FACE_OUTER_BOUND('',#5446,.T.);
#4689=FACE_OUTER_BOUND('',#5447,.T.);
#4690=FACE_OUTER_BOUND('',#5448,.T.);
#4691=FACE_OUTER_BOUND('',#5449,.T.);
#4692=FACE_OUTER_BOUND('',#5450,.T.);
#4693=FACE_OUTER_BOUND('',#5452,.T.);
#4694=FACE_OUTER_BOUND('',#5453,.T.);
#4695=FACE_OUTER_BOUND('',#5454,.T.);
#4696=FACE_OUTER_BOUND('',#5455,.T.);
#4697=FACE_OUTER_BOUND('',#5456,.T.);
#4698=FACE_OUTER_BOUND('',#5458,.T.);
#4699=FACE_OUTER_BOUND('',#5459,.T.);
#4700=FACE_OUTER_BOUND('',#5460,.T.);
#4701=FACE_OUTER_BOUND('',#5461,.T.);
#4702=FACE_OUTER_BOUND('',#5462,.T.);
#4703=FACE_OUTER_BOUND('',#5464,.T.);
#4704=FACE_OUTER_BOUND('',#5465,.T.);
#4705=FACE_OUTER_BOUND('',#5466,.T.);
#4706=FACE_OUTER_BOUND('',#5467,.T.);
#4707=FACE_OUTER_BOUND('',#5468,.T.);
#4708=FACE_OUTER_BOUND('',#5470,.T.);
#4709=FACE_OUTER_BOUND('',#5471,.T.);
#4710=FACE_OUTER_BOUND('',#5472,.T.);
#4711=FACE_OUTER_BOUND('',#5473,.T.);
#4712=FACE_OUTER_BOUND('',#5474,.T.);
#4713=FACE_OUTER_BOUND('',#5476,.T.);
#4714=FACE_OUTER_BOUND('',#5477,.T.);
#4715=FACE_OUTER_BOUND('',#5478,.T.);
#4716=FACE_OUTER_BOUND('',#5479,.T.);
#4717=FACE_OUTER_BOUND('',#5480,.T.);
#4718=FACE_OUTER_BOUND('',#5481,.T.);
#4719=FACE_OUTER_BOUND('',#5482,.T.);
#4720=FACE_OUTER_BOUND('',#5483,.T.);
#4721=FACE_OUTER_BOUND('',#5484,.T.);
#4722=FACE_OUTER_BOUND('',#5485,.T.);
#4723=FACE_OUTER_BOUND('',#5486,.T.);
#4724=FACE_OUTER_BOUND('',#5487,.T.);
#4725=FACE_OUTER_BOUND('',#5488,.T.);
#4726=FACE_OUTER_BOUND('',#5489,.T.);
#4727=FACE_OUTER_BOUND('',#5490,.T.);
#4728=FACE_OUTER_BOUND('',#5491,.T.);
#4729=FACE_OUTER_BOUND('',#5492,.T.);
#4730=FACE_OUTER_BOUND('',#5493,.T.);
#4731=FACE_OUTER_BOUND('',#5494,.T.);
#4732=FACE_OUTER_BOUND('',#5495,.T.);
#4733=FACE_OUTER_BOUND('',#5496,.T.);
#4734=FACE_OUTER_BOUND('',#5497,.T.);
#4735=FACE_OUTER_BOUND('',#5498,.T.);
#4736=FACE_OUTER_BOUND('',#5499,.T.);
#4737=FACE_OUTER_BOUND('',#5500,.T.);
#4738=FACE_OUTER_BOUND('',#5501,.T.);
#4739=FACE_OUTER_BOUND('',#5502,.T.);
#4740=FACE_OUTER_BOUND('',#5503,.T.);
#4741=FACE_OUTER_BOUND('',#5504,.T.);
#4742=FACE_OUTER_BOUND('',#5505,.T.);
#4743=FACE_OUTER_BOUND('',#5506,.T.);
#4744=FACE_OUTER_BOUND('',#5507,.T.);
#4745=FACE_OUTER_BOUND('',#5508,.T.);
#4746=FACE_OUTER_BOUND('',#5509,.T.);
#4747=FACE_OUTER_BOUND('',#5510,.T.);
#4748=FACE_OUTER_BOUND('',#5511,.T.);
#4749=FACE_OUTER_BOUND('',#5512,.T.);
#4750=FACE_OUTER_BOUND('',#5513,.T.);
#4751=FACE_OUTER_BOUND('',#5514,.T.);
#4752=FACE_OUTER_BOUND('',#5515,.T.);
#4753=FACE_OUTER_BOUND('',#5516,.T.);
#4754=FACE_OUTER_BOUND('',#5517,.T.);
#4755=FACE_OUTER_BOUND('',#5518,.T.);
#4756=FACE_OUTER_BOUND('',#5519,.T.);
#4757=FACE_OUTER_BOUND('',#5520,.T.);
#4758=FACE_OUTER_BOUND('',#5521,.T.);
#4759=FACE_OUTER_BOUND('',#5522,.T.);
#4760=FACE_OUTER_BOUND('',#5523,.T.);
#4761=FACE_OUTER_BOUND('',#5524,.T.);
#4762=FACE_OUTER_BOUND('',#5525,.T.);
#4763=FACE_OUTER_BOUND('',#5526,.T.);
#4764=FACE_OUTER_BOUND('',#5527,.T.);
#4765=FACE_OUTER_BOUND('',#5528,.T.);
#4766=FACE_OUTER_BOUND('',#5529,.T.);
#4767=FACE_OUTER_BOUND('',#5530,.T.);
#4768=FACE_OUTER_BOUND('',#5531,.T.);
#4769=FACE_OUTER_BOUND('',#5532,.T.);
#4770=FACE_OUTER_BOUND('',#5533,.T.);
#4771=FACE_OUTER_BOUND('',#5534,.T.);
#4772=FACE_OUTER_BOUND('',#5535,.T.);
#4773=FACE_OUTER_BOUND('',#5536,.T.);
#4774=FACE_OUTER_BOUND('',#5537,.T.);
#4775=FACE_OUTER_BOUND('',#5538,.T.);
#4776=FACE_OUTER_BOUND('',#5539,.T.);
#4777=FACE_OUTER_BOUND('',#5540,.T.);
#4778=FACE_OUTER_BOUND('',#5541,.T.);
#4779=FACE_OUTER_BOUND('',#5542,.T.);
#4780=FACE_OUTER_BOUND('',#5543,.T.);
#4781=FACE_OUTER_BOUND('',#5544,.T.);
#4782=FACE_OUTER_BOUND('',#5545,.T.);
#4783=FACE_OUTER_BOUND('',#5546,.T.);
#4784=FACE_OUTER_BOUND('',#5547,.T.);
#4785=FACE_OUTER_BOUND('',#5548,.T.);
#4786=FACE_OUTER_BOUND('',#5549,.T.);
#4787=FACE_OUTER_BOUND('',#5550,.T.);
#4788=FACE_OUTER_BOUND('',#5551,.T.);
#4789=FACE_OUTER_BOUND('',#5552,.T.);
#4790=FACE_OUTER_BOUND('',#5553,.T.);
#4791=FACE_OUTER_BOUND('',#5554,.T.);
#4792=FACE_OUTER_BOUND('',#5555,.T.);
#4793=FACE_OUTER_BOUND('',#5556,.T.);
#4794=FACE_OUTER_BOUND('',#5557,.T.);
#4795=FACE_OUTER_BOUND('',#5558,.T.);
#4796=FACE_OUTER_BOUND('',#5559,.T.);
#4797=FACE_OUTER_BOUND('',#5560,.T.);
#4798=FACE_OUTER_BOUND('',#5561,.T.);
#4799=FACE_OUTER_BOUND('',#5562,.T.);
#4800=FACE_OUTER_BOUND('',#5563,.T.);
#4801=FACE_OUTER_BOUND('',#5564,.T.);
#4802=FACE_OUTER_BOUND('',#5565,.T.);
#4803=FACE_OUTER_BOUND('',#5566,.T.);
#4804=FACE_OUTER_BOUND('',#5567,.T.);
#4805=FACE_OUTER_BOUND('',#5568,.T.);
#4806=FACE_OUTER_BOUND('',#5569,.T.);
#4807=FACE_OUTER_BOUND('',#5570,.T.);
#4808=FACE_OUTER_BOUND('',#5571,.T.);
#4809=FACE_OUTER_BOUND('',#5572,.T.);
#4810=FACE_OUTER_BOUND('',#5573,.T.);
#4811=FACE_OUTER_BOUND('',#5574,.T.);
#4812=FACE_OUTER_BOUND('',#5575,.T.);
#4813=FACE_OUTER_BOUND('',#5576,.T.);
#4814=FACE_OUTER_BOUND('',#5577,.T.);
#4815=FACE_OUTER_BOUND('',#5578,.T.);
#4816=FACE_OUTER_BOUND('',#5579,.T.);
#4817=FACE_OUTER_BOUND('',#5580,.T.);
#4818=FACE_OUTER_BOUND('',#5581,.T.);
#4819=FACE_OUTER_BOUND('',#5582,.T.);
#4820=FACE_OUTER_BOUND('',#5583,.T.);
#4821=FACE_OUTER_BOUND('',#5584,.T.);
#4822=FACE_OUTER_BOUND('',#5585,.T.);
#4823=FACE_OUTER_BOUND('',#5586,.T.);
#4824=FACE_OUTER_BOUND('',#5587,.T.);
#4825=FACE_OUTER_BOUND('',#5588,.T.);
#4826=FACE_OUTER_BOUND('',#5589,.T.);
#4827=FACE_OUTER_BOUND('',#5590,.T.);
#4828=FACE_OUTER_BOUND('',#5591,.T.);
#4829=FACE_OUTER_BOUND('',#5592,.T.);
#4830=FACE_OUTER_BOUND('',#5593,.T.);
#4831=FACE_OUTER_BOUND('',#5594,.T.);
#4832=FACE_OUTER_BOUND('',#5595,.T.);
#4833=FACE_OUTER_BOUND('',#5596,.T.);
#4834=FACE_OUTER_BOUND('',#5597,.T.);
#4835=FACE_OUTER_BOUND('',#5598,.T.);
#4836=FACE_OUTER_BOUND('',#5599,.T.);
#4837=FACE_OUTER_BOUND('',#5600,.T.);
#4838=FACE_OUTER_BOUND('',#5601,.T.);
#4839=FACE_OUTER_BOUND('',#5602,.T.);
#4840=FACE_OUTER_BOUND('',#5603,.T.);
#4841=FACE_OUTER_BOUND('',#5604,.T.);
#4842=FACE_OUTER_BOUND('',#5605,.T.);
#4843=FACE_OUTER_BOUND('',#5606,.T.);
#4844=FACE_OUTER_BOUND('',#5607,.T.);
#4845=FACE_OUTER_BOUND('',#5608,.T.);
#4846=FACE_OUTER_BOUND('',#5609,.T.);
#4847=FACE_OUTER_BOUND('',#5610,.T.);
#4848=FACE_OUTER_BOUND('',#5611,.T.);
#4849=FACE_OUTER_BOUND('',#5612,.T.);
#4850=FACE_OUTER_BOUND('',#5613,.T.);
#4851=FACE_OUTER_BOUND('',#5614,.T.);
#4852=FACE_OUTER_BOUND('',#5615,.T.);
#4853=FACE_OUTER_BOUND('',#5616,.T.);
#4854=FACE_OUTER_BOUND('',#5617,.T.);
#4855=FACE_OUTER_BOUND('',#5618,.T.);
#4856=FACE_OUTER_BOUND('',#5619,.T.);
#4857=FACE_OUTER_BOUND('',#5620,.T.);
#4858=FACE_OUTER_BOUND('',#5621,.T.);
#4859=FACE_OUTER_BOUND('',#5622,.T.);
#4860=FACE_OUTER_BOUND('',#5623,.T.);
#4861=FACE_OUTER_BOUND('',#5624,.T.);
#4862=FACE_OUTER_BOUND('',#5625,.T.);
#4863=FACE_OUTER_BOUND('',#5626,.T.);
#4864=FACE_OUTER_BOUND('',#5627,.T.);
#4865=FACE_OUTER_BOUND('',#5628,.T.);
#4866=FACE_OUTER_BOUND('',#5629,.T.);
#4867=FACE_OUTER_BOUND('',#5630,.T.);
#4868=FACE_OUTER_BOUND('',#5631,.T.);
#4869=FACE_OUTER_BOUND('',#5632,.T.);
#4870=FACE_OUTER_BOUND('',#5633,.T.);
#4871=FACE_OUTER_BOUND('',#5634,.T.);
#4872=FACE_OUTER_BOUND('',#5635,.T.);
#4873=FACE_OUTER_BOUND('',#5636,.T.);
#4874=FACE_OUTER_BOUND('',#5637,.T.);
#4875=FACE_OUTER_BOUND('',#5638,.T.);
#4876=FACE_OUTER_BOUND('',#5639,.T.);
#4877=FACE_OUTER_BOUND('',#5640,.T.);
#4878=FACE_OUTER_BOUND('',#5641,.T.);
#4879=FACE_OUTER_BOUND('',#5642,.T.);
#4880=FACE_OUTER_BOUND('',#5643,.T.);
#4881=FACE_OUTER_BOUND('',#5644,.T.);
#4882=FACE_OUTER_BOUND('',#5645,.T.);
#4883=FACE_OUTER_BOUND('',#5646,.T.);
#4884=FACE_OUTER_BOUND('',#5647,.T.);
#4885=FACE_OUTER_BOUND('',#5648,.T.);
#4886=FACE_OUTER_BOUND('',#5649,.T.);
#4887=FACE_OUTER_BOUND('',#5650,.T.);
#4888=FACE_OUTER_BOUND('',#5651,.T.);
#4889=FACE_OUTER_BOUND('',#5652,.T.);
#4890=FACE_OUTER_BOUND('',#5653,.T.);
#4891=FACE_OUTER_BOUND('',#5654,.T.);
#4892=FACE_OUTER_BOUND('',#5655,.T.);
#4893=FACE_OUTER_BOUND('',#5656,.T.);
#4894=FACE_OUTER_BOUND('',#5657,.T.);
#4895=FACE_OUTER_BOUND('',#5658,.T.);
#4896=FACE_OUTER_BOUND('',#5659,.T.);
#4897=FACE_OUTER_BOUND('',#5660,.T.);
#4898=FACE_OUTER_BOUND('',#5661,.T.);
#4899=FACE_OUTER_BOUND('',#5662,.T.);
#4900=FACE_OUTER_BOUND('',#5663,.T.);
#4901=FACE_OUTER_BOUND('',#5664,.T.);
#4902=FACE_OUTER_BOUND('',#5665,.T.);
#4903=FACE_OUTER_BOUND('',#5666,.T.);
#4904=FACE_OUTER_BOUND('',#5667,.T.);
#4905=FACE_OUTER_BOUND('',#5668,.T.);
#4906=FACE_OUTER_BOUND('',#5669,.T.);
#4907=FACE_OUTER_BOUND('',#5670,.T.);
#4908=FACE_OUTER_BOUND('',#5671,.T.);
#4909=FACE_OUTER_BOUND('',#5672,.T.);
#4910=FACE_OUTER_BOUND('',#5673,.T.);
#4911=FACE_OUTER_BOUND('',#5674,.T.);
#4912=FACE_OUTER_BOUND('',#5675,.T.);
#4913=FACE_OUTER_BOUND('',#5676,.T.);
#4914=FACE_OUTER_BOUND('',#5677,.T.);
#4915=FACE_OUTER_BOUND('',#5678,.T.);
#4916=FACE_OUTER_BOUND('',#5679,.T.);
#4917=FACE_OUTER_BOUND('',#5680,.T.);
#4918=FACE_OUTER_BOUND('',#5681,.T.);
#4919=FACE_OUTER_BOUND('',#5682,.T.);
#4920=FACE_OUTER_BOUND('',#5683,.T.);
#4921=FACE_OUTER_BOUND('',#5684,.T.);
#4922=FACE_OUTER_BOUND('',#5685,.T.);
#4923=FACE_OUTER_BOUND('',#5686,.T.);
#4924=FACE_OUTER_BOUND('',#5687,.T.);
#4925=FACE_OUTER_BOUND('',#5688,.T.);
#4926=FACE_OUTER_BOUND('',#5689,.T.);
#4927=FACE_OUTER_BOUND('',#5690,.T.);
#4928=FACE_OUTER_BOUND('',#5691,.T.);
#4929=FACE_OUTER_BOUND('',#5692,.T.);
#4930=FACE_OUTER_BOUND('',#5693,.T.);
#4931=FACE_OUTER_BOUND('',#5694,.T.);
#4932=FACE_OUTER_BOUND('',#5695,.T.);
#4933=FACE_OUTER_BOUND('',#5696,.T.);
#4934=FACE_OUTER_BOUND('',#5697,.T.);
#4935=FACE_OUTER_BOUND('',#5698,.T.);
#4936=FACE_OUTER_BOUND('',#5699,.T.);
#4937=FACE_OUTER_BOUND('',#5700,.T.);
#4938=FACE_OUTER_BOUND('',#5701,.T.);
#4939=FACE_OUTER_BOUND('',#5702,.T.);
#4940=FACE_OUTER_BOUND('',#5703,.T.);
#4941=FACE_OUTER_BOUND('',#5704,.T.);
#4942=FACE_OUTER_BOUND('',#5705,.T.);
#4943=FACE_OUTER_BOUND('',#5706,.T.);
#4944=FACE_OUTER_BOUND('',#5707,.T.);
#4945=FACE_OUTER_BOUND('',#5708,.T.);
#4946=FACE_OUTER_BOUND('',#5709,.T.);
#4947=FACE_OUTER_BOUND('',#5710,.T.);
#4948=FACE_OUTER_BOUND('',#5711,.T.);
#4949=FACE_OUTER_BOUND('',#5712,.T.);
#4950=FACE_OUTER_BOUND('',#5713,.T.);
#4951=FACE_OUTER_BOUND('',#5734,.T.);
#4952=FACE_OUTER_BOUND('',#5735,.T.);
#4953=FACE_OUTER_BOUND('',#5736,.T.);
#4954=FACE_OUTER_BOUND('',#5737,.T.);
#4955=FACE_OUTER_BOUND('',#5738,.T.);
#4956=FACE_OUTER_BOUND('',#5768,.T.);
#4957=FACE_OUTER_BOUND('',#5769,.T.);
#4958=FACE_OUTER_BOUND('',#5770,.T.);
#4959=FACE_OUTER_BOUND('',#5771,.T.);
#4960=FACE_OUTER_BOUND('',#5772,.T.);
#4961=FACE_OUTER_BOUND('',#5773,.T.);
#4962=FACE_OUTER_BOUND('',#5774,.T.);
#4963=FACE_OUTER_BOUND('',#5775,.T.);
#4964=FACE_OUTER_BOUND('',#5776,.T.);
#4965=FACE_OUTER_BOUND('',#5777,.T.);
#4966=FACE_OUTER_BOUND('',#5778,.T.);
#4967=FACE_OUTER_BOUND('',#5779,.T.);
#4968=FACE_OUTER_BOUND('',#5780,.T.);
#4969=FACE_OUTER_BOUND('',#5781,.T.);
#4970=FACE_OUTER_BOUND('',#5782,.T.);
#4971=FACE_OUTER_BOUND('',#5783,.T.);
#4972=FACE_OUTER_BOUND('',#5784,.T.);
#4973=FACE_OUTER_BOUND('',#5785,.T.);
#4974=FACE_OUTER_BOUND('',#5786,.T.);
#4975=FACE_OUTER_BOUND('',#5787,.T.);
#4976=FACE_OUTER_BOUND('',#5788,.T.);
#4977=FACE_OUTER_BOUND('',#5789,.T.);
#4978=FACE_OUTER_BOUND('',#5790,.T.);
#4979=FACE_OUTER_BOUND('',#5791,.T.);
#4980=FACE_OUTER_BOUND('',#5792,.T.);
#4981=FACE_OUTER_BOUND('',#5793,.T.);
#4982=FACE_OUTER_BOUND('',#5794,.T.);
#4983=FACE_OUTER_BOUND('',#5795,.T.);
#4984=FACE_OUTER_BOUND('',#5796,.T.);
#4985=FACE_OUTER_BOUND('',#5797,.T.);
#4986=FACE_OUTER_BOUND('',#5798,.T.);
#4987=FACE_OUTER_BOUND('',#5799,.T.);
#4988=FACE_OUTER_BOUND('',#5800,.T.);
#4989=FACE_OUTER_BOUND('',#5801,.T.);
#4990=FACE_OUTER_BOUND('',#5802,.T.);
#4991=FACE_OUTER_BOUND('',#5803,.T.);
#4992=FACE_OUTER_BOUND('',#5804,.T.);
#4993=FACE_OUTER_BOUND('',#5805,.T.);
#4994=FACE_OUTER_BOUND('',#5806,.T.);
#4995=FACE_OUTER_BOUND('',#5807,.T.);
#4996=FACE_OUTER_BOUND('',#5808,.T.);
#4997=FACE_OUTER_BOUND('',#5809,.T.);
#4998=FACE_OUTER_BOUND('',#5810,.T.);
#4999=FACE_OUTER_BOUND('',#5811,.T.);
#5000=FACE_OUTER_BOUND('',#5812,.T.);
#5001=FACE_OUTER_BOUND('',#5813,.T.);
#5002=FACE_OUTER_BOUND('',#5814,.T.);
#5003=FACE_OUTER_BOUND('',#5815,.T.);
#5004=FACE_OUTER_BOUND('',#5816,.T.);
#5005=FACE_OUTER_BOUND('',#5817,.T.);
#5006=FACE_OUTER_BOUND('',#5818,.T.);
#5007=FACE_OUTER_BOUND('',#5819,.T.);
#5008=FACE_OUTER_BOUND('',#5820,.T.);
#5009=FACE_OUTER_BOUND('',#5821,.T.);
#5010=FACE_OUTER_BOUND('',#5822,.T.);
#5011=FACE_OUTER_BOUND('',#5823,.T.);
#5012=FACE_OUTER_BOUND('',#5825,.T.);
#5013=FACE_OUTER_BOUND('',#5826,.T.);
#5014=FACE_OUTER_BOUND('',#5827,.T.);
#5015=FACE_OUTER_BOUND('',#5828,.T.);
#5016=FACE_OUTER_BOUND('',#5829,.T.);
#5017=FACE_OUTER_BOUND('',#5831,.T.);
#5018=FACE_OUTER_BOUND('',#5832,.T.);
#5019=FACE_OUTER_BOUND('',#5833,.T.);
#5020=FACE_OUTER_BOUND('',#5834,.T.);
#5021=FACE_OUTER_BOUND('',#5835,.T.);
#5022=FACE_OUTER_BOUND('',#5837,.T.);
#5023=FACE_OUTER_BOUND('',#5838,.T.);
#5024=FACE_OUTER_BOUND('',#5839,.T.);
#5025=FACE_OUTER_BOUND('',#5840,.T.);
#5026=FACE_OUTER_BOUND('',#5841,.T.);
#5027=FACE_OUTER_BOUND('',#5842,.T.);
#5028=FACE_OUTER_BOUND('',#5843,.T.);
#5029=FACE_OUTER_BOUND('',#5844,.T.);
#5030=FACE_OUTER_BOUND('',#5845,.T.);
#5031=FACE_OUTER_BOUND('',#5846,.T.);
#5032=FACE_OUTER_BOUND('',#5847,.T.);
#5033=FACE_OUTER_BOUND('',#5849,.T.);
#5034=FACE_OUTER_BOUND('',#5850,.T.);
#5035=FACE_OUTER_BOUND('',#5851,.T.);
#5036=FACE_OUTER_BOUND('',#5852,.T.);
#5037=FACE_OUTER_BOUND('',#5853,.T.);
#5038=FACE_OUTER_BOUND('',#5854,.T.);
#5039=FACE_OUTER_BOUND('',#5855,.T.);
#5040=FACE_OUTER_BOUND('',#5857,.T.);
#5041=FACE_OUTER_BOUND('',#5858,.T.);
#5042=FACE_OUTER_BOUND('',#5859,.T.);
#5043=FACE_OUTER_BOUND('',#5860,.T.);
#5044=FACE_OUTER_BOUND('',#5861,.T.);
#5045=FACE_OUTER_BOUND('',#5863,.T.);
#5046=FACE_OUTER_BOUND('',#5864,.T.);
#5047=FACE_OUTER_BOUND('',#5865,.T.);
#5048=FACE_OUTER_BOUND('',#5866,.T.);
#5049=FACE_OUTER_BOUND('',#5867,.T.);
#5050=FACE_OUTER_BOUND('',#5869,.T.);
#5051=FACE_OUTER_BOUND('',#5870,.T.);
#5052=FACE_OUTER_BOUND('',#5871,.T.);
#5053=FACE_OUTER_BOUND('',#5872,.T.);
#5054=FACE_OUTER_BOUND('',#5873,.T.);
#5055=FACE_OUTER_BOUND('',#5875,.T.);
#5056=FACE_OUTER_BOUND('',#5876,.T.);
#5057=FACE_OUTER_BOUND('',#5877,.T.);
#5058=FACE_OUTER_BOUND('',#5878,.T.);
#5059=FACE_OUTER_BOUND('',#5879,.T.);
#5060=FACE_OUTER_BOUND('',#5881,.T.);
#5061=FACE_OUTER_BOUND('',#5882,.T.);
#5062=FACE_OUTER_BOUND('',#5883,.T.);
#5063=FACE_OUTER_BOUND('',#5884,.T.);
#5064=FACE_OUTER_BOUND('',#5885,.T.);
#5065=FACE_OUTER_BOUND('',#5887,.T.);
#5066=FACE_OUTER_BOUND('',#5888,.T.);
#5067=FACE_OUTER_BOUND('',#5889,.T.);
#5068=FACE_OUTER_BOUND('',#5890,.T.);
#5069=FACE_OUTER_BOUND('',#5891,.T.);
#5070=FACE_OUTER_BOUND('',#5893,.T.);
#5071=FACE_OUTER_BOUND('',#5894,.T.);
#5072=FACE_OUTER_BOUND('',#5895,.T.);
#5073=FACE_OUTER_BOUND('',#5896,.T.);
#5074=FACE_OUTER_BOUND('',#5897,.T.);
#5075=FACE_OUTER_BOUND('',#5899,.T.);
#5076=FACE_OUTER_BOUND('',#5900,.T.);
#5077=FACE_OUTER_BOUND('',#5901,.T.);
#5078=FACE_OUTER_BOUND('',#5902,.T.);
#5079=FACE_OUTER_BOUND('',#5903,.T.);
#5080=FACE_OUTER_BOUND('',#5905,.T.);
#5081=FACE_OUTER_BOUND('',#5906,.T.);
#5082=FACE_OUTER_BOUND('',#5907,.T.);
#5083=FACE_OUTER_BOUND('',#5908,.T.);
#5084=FACE_OUTER_BOUND('',#5909,.T.);
#5085=FACE_OUTER_BOUND('',#5911,.T.);
#5086=FACE_OUTER_BOUND('',#5912,.T.);
#5087=FACE_OUTER_BOUND('',#5913,.T.);
#5088=FACE_OUTER_BOUND('',#5914,.T.);
#5089=FACE_OUTER_BOUND('',#5915,.T.);
#5090=FACE_OUTER_BOUND('',#5917,.T.);
#5091=FACE_OUTER_BOUND('',#5918,.T.);
#5092=FACE_OUTER_BOUND('',#5919,.T.);
#5093=FACE_OUTER_BOUND('',#5920,.T.);
#5094=FACE_OUTER_BOUND('',#5921,.T.);
#5095=FACE_OUTER_BOUND('',#5923,.T.);
#5096=FACE_OUTER_BOUND('',#5924,.T.);
#5097=FACE_OUTER_BOUND('',#5925,.T.);
#5098=FACE_OUTER_BOUND('',#5926,.T.);
#5099=FACE_OUTER_BOUND('',#5927,.T.);
#5100=FACE_OUTER_BOUND('',#5929,.T.);
#5101=FACE_OUTER_BOUND('',#5930,.T.);
#5102=FACE_OUTER_BOUND('',#5931,.T.);
#5103=FACE_OUTER_BOUND('',#5932,.T.);
#5104=FACE_OUTER_BOUND('',#5933,.T.);
#5105=FACE_OUTER_BOUND('',#5935,.T.);
#5106=FACE_OUTER_BOUND('',#5936,.T.);
#5107=FACE_OUTER_BOUND('',#5937,.T.);
#5108=FACE_OUTER_BOUND('',#5938,.T.);
#5109=FACE_OUTER_BOUND('',#5939,.T.);
#5110=FACE_OUTER_BOUND('',#5940,.T.);
#5111=FACE_OUTER_BOUND('',#5941,.T.);
#5112=FACE_OUTER_BOUND('',#5942,.T.);
#5113=FACE_OUTER_BOUND('',#5943,.T.);
#5114=FACE_OUTER_BOUND('',#5944,.T.);
#5115=FACE_OUTER_BOUND('',#5945,.T.);
#5116=FACE_OUTER_BOUND('',#5946,.T.);
#5117=FACE_OUTER_BOUND('',#5947,.T.);
#5118=FACE_OUTER_BOUND('',#5948,.T.);
#5119=FACE_OUTER_BOUND('',#5949,.T.);
#5120=FACE_OUTER_BOUND('',#5950,.T.);
#5121=FACE_OUTER_BOUND('',#5951,.T.);
#5122=FACE_OUTER_BOUND('',#5952,.T.);
#5123=FACE_OUTER_BOUND('',#5953,.T.);
#5124=FACE_OUTER_BOUND('',#5954,.T.);
#5125=FACE_OUTER_BOUND('',#5955,.T.);
#5126=FACE_OUTER_BOUND('',#5956,.T.);
#5127=FACE_OUTER_BOUND('',#5957,.T.);
#5128=FACE_OUTER_BOUND('',#5958,.T.);
#5129=FACE_OUTER_BOUND('',#5959,.T.);
#5130=FACE_OUTER_BOUND('',#5960,.T.);
#5131=FACE_OUTER_BOUND('',#5961,.T.);
#5132=FACE_OUTER_BOUND('',#5962,.T.);
#5133=FACE_OUTER_BOUND('',#5963,.T.);
#5134=FACE_OUTER_BOUND('',#5964,.T.);
#5135=FACE_OUTER_BOUND('',#5965,.T.);
#5136=FACE_OUTER_BOUND('',#5966,.T.);
#5137=FACE_OUTER_BOUND('',#5967,.T.);
#5138=FACE_OUTER_BOUND('',#5969,.T.);
#5139=FACE_OUTER_BOUND('',#5970,.T.);
#5140=FACE_OUTER_BOUND('',#5971,.T.);
#5141=FACE_OUTER_BOUND('',#5972,.T.);
#5142=FACE_OUTER_BOUND('',#5973,.T.);
#5143=FACE_OUTER_BOUND('',#5975,.T.);
#5144=FACE_OUTER_BOUND('',#5976,.T.);
#5145=FACE_OUTER_BOUND('',#5977,.T.);
#5146=FACE_OUTER_BOUND('',#5978,.T.);
#5147=FACE_OUTER_BOUND('',#5979,.T.);
#5148=FACE_OUTER_BOUND('',#5981,.T.);
#5149=FACE_OUTER_BOUND('',#5982,.T.);
#5150=FACE_OUTER_BOUND('',#5983,.T.);
#5151=FACE_OUTER_BOUND('',#5984,.T.);
#5152=FACE_OUTER_BOUND('',#5985,.T.);
#5153=FACE_OUTER_BOUND('',#5986,.T.);
#5154=FACE_OUTER_BOUND('',#5987,.T.);
#5155=FACE_OUTER_BOUND('',#5988,.T.);
#5156=FACE_OUTER_BOUND('',#5989,.T.);
#5157=FACE_OUTER_BOUND('',#5990,.T.);
#5158=FACE_OUTER_BOUND('',#5991,.T.);
#5159=FACE_OUTER_BOUND('',#5992,.T.);
#5160=FACE_OUTER_BOUND('',#5993,.T.);
#5161=FACE_OUTER_BOUND('',#5994,.T.);
#5162=FACE_OUTER_BOUND('',#5995,.T.);
#5163=FACE_OUTER_BOUND('',#5996,.T.);
#5164=FACE_OUTER_BOUND('',#5997,.T.);
#5165=FACE_OUTER_BOUND('',#5998,.T.);
#5166=FACE_OUTER_BOUND('',#5999,.T.);
#5167=FACE_OUTER_BOUND('',#6000,.T.);
#5168=FACE_OUTER_BOUND('',#6001,.T.);
#5169=FACE_OUTER_BOUND('',#6002,.T.);
#5170=FACE_OUTER_BOUND('',#6003,.T.);
#5171=FACE_OUTER_BOUND('',#6004,.T.);
#5172=FACE_OUTER_BOUND('',#6005,.T.);
#5173=FACE_OUTER_BOUND('',#6006,.T.);
#5174=FACE_OUTER_BOUND('',#6007,.T.);
#5175=FACE_OUTER_BOUND('',#6008,.T.);
#5176=FACE_OUTER_BOUND('',#6009,.T.);
#5177=FACE_OUTER_BOUND('',#6010,.T.);
#5178=FACE_OUTER_BOUND('',#6011,.T.);
#5179=FACE_OUTER_BOUND('',#6012,.T.);
#5180=FACE_OUTER_BOUND('',#6013,.T.);
#5181=FACE_OUTER_BOUND('',#6014,.T.);
#5182=FACE_OUTER_BOUND('',#6015,.T.);
#5183=FACE_OUTER_BOUND('',#6016,.T.);
#5184=FACE_OUTER_BOUND('',#6017,.T.);
#5185=FACE_OUTER_BOUND('',#6018,.T.);
#5186=FACE_OUTER_BOUND('',#6019,.T.);
#5187=FACE_OUTER_BOUND('',#6020,.T.);
#5188=FACE_OUTER_BOUND('',#6021,.T.);
#5189=FACE_OUTER_BOUND('',#6022,.T.);
#5190=FACE_OUTER_BOUND('',#6023,.T.);
#5191=FACE_OUTER_BOUND('',#6024,.T.);
#5192=FACE_OUTER_BOUND('',#6025,.T.);
#5193=FACE_OUTER_BOUND('',#6026,.T.);
#5194=FACE_OUTER_BOUND('',#6027,.T.);
#5195=FACE_OUTER_BOUND('',#6028,.T.);
#5196=FACE_OUTER_BOUND('',#6029,.T.);
#5197=FACE_OUTER_BOUND('',#6030,.T.);
#5198=FACE_OUTER_BOUND('',#6031,.T.);
#5199=FACE_OUTER_BOUND('',#6032,.T.);
#5200=FACE_OUTER_BOUND('',#6033,.T.);
#5201=FACE_OUTER_BOUND('',#6034,.T.);
#5202=FACE_OUTER_BOUND('',#6035,.T.);
#5203=FACE_OUTER_BOUND('',#6036,.T.);
#5204=FACE_OUTER_BOUND('',#6037,.T.);
#5205=FACE_OUTER_BOUND('',#6038,.T.);
#5206=FACE_OUTER_BOUND('',#6039,.T.);
#5207=FACE_OUTER_BOUND('',#6040,.T.);
#5208=FACE_OUTER_BOUND('',#6041,.T.);
#5209=FACE_OUTER_BOUND('',#6042,.T.);
#5210=FACE_OUTER_BOUND('',#6043,.T.);
#5211=FACE_OUTER_BOUND('',#6044,.T.);
#5212=FACE_OUTER_BOUND('',#6045,.T.);
#5213=FACE_OUTER_BOUND('',#6046,.T.);
#5214=FACE_OUTER_BOUND('',#6047,.T.);
#5215=EDGE_LOOP('',(#9285,#9286,#9287,#9288,#9289,#9290));
#5216=EDGE_LOOP('',(#9291,#9292));
#5217=EDGE_LOOP('',(#9293,#9294,#9295,#9296,#9297,#9298));
#5218=EDGE_LOOP('',(#9299,#9300));
#5219=EDGE_LOOP('',(#9301,#9302,#9303,#9304,#9305,#9306));
#5220=EDGE_LOOP('',(#9307,#9308,#9309,#9310));
#5221=EDGE_LOOP('',(#9311,#9312,#9313,#9314));
#5222=EDGE_LOOP('',(#9315,#9316,#9317,#9318,#9319,#9320));
#5223=EDGE_LOOP('',(#9321,#9322,#9323,#9324,#9325,#9326,#9327));
#5224=EDGE_LOOP('',(#9328,#9329,#9330,#9331));
#5225=EDGE_LOOP('',(#9332,#9333,#9334,#9335,#9336,#9337));
#5226=EDGE_LOOP('',(#9338,#9339));
#5227=EDGE_LOOP('',(#9340,#9341,#9342,#9343,#9344,#9345));
#5228=EDGE_LOOP('',(#9346,#9347));
#5229=EDGE_LOOP('',(#9348,#9349,#9350,#9351,#9352,#9353,#9354,#9355));
#5230=EDGE_LOOP('',(#9356,#9357,#9358,#9359));
#5231=EDGE_LOOP('',(#9360,#9361,#9362,#9363));
#5232=EDGE_LOOP('',(#9364,#9365,#9366,#9367));
#5233=EDGE_LOOP('',(#9368,#9369,#9370,#9371));
#5234=EDGE_LOOP('',(#9372,#9373,#9374,#9375));
#5235=EDGE_LOOP('',(#9376,#9377,#9378,#9379));
#5236=EDGE_LOOP('',(#9380,#9381,#9382,#9383));
#5237=EDGE_LOOP('',(#9384,#9385,#9386,#9387));
#5238=EDGE_LOOP('',(#9388,#9389,#9390,#9391));
#5239=EDGE_LOOP('',(#9392,#9393,#9394,#9395));
#5240=EDGE_LOOP('',(#9396,#9397,#9398,#9399));
#5241=EDGE_LOOP('',(#9400,#9401,#9402,#9403));
#5242=EDGE_LOOP('',(#9404,#9405,#9406,#9407));
#5243=EDGE_LOOP('',(#9408,#9409,#9410,#9411));
#5244=EDGE_LOOP('',(#9412,#9413,#9414,#9415));
#5245=EDGE_LOOP('',(#9416,#9417,#9418,#9419,#9420,#9421,#9422,#9423,#9424,
#9425,#9426,#9427));
#5246=EDGE_LOOP('',(#9428,#9429,#9430,#9431));
#5247=EDGE_LOOP('',(#9432,#9433,#9434,#9435));
#5248=EDGE_LOOP('',(#9436,#9437,#9438,#9439));
#5249=EDGE_LOOP('',(#9440,#9441,#9442,#9443));
#5250=EDGE_LOOP('',(#9444,#9445,#9446,#9447));
#5251=EDGE_LOOP('',(#9448,#9449,#9450,#9451));
#5252=EDGE_LOOP('',(#9452,#9453,#9454,#9455));
#5253=EDGE_LOOP('',(#9456,#9457,#9458,#9459));
#5254=EDGE_LOOP('',(#9460,#9461,#9462,#9463));
#5255=EDGE_LOOP('',(#9464,#9465,#9466,#9467));
#5256=EDGE_LOOP('',(#9468,#9469,#9470,#9471));
#5257=EDGE_LOOP('',(#9472,#9473,#9474,#9475));
#5258=EDGE_LOOP('',(#9476,#9477,#9478,#9479,#9480,#9481,#9482,#9483,#9484,
#9485,#9486,#9487));
#5259=EDGE_LOOP('',(#9488,#9489,#9490,#9491));
#5260=EDGE_LOOP('',(#9492,#9493,#9494,#9495));
#5261=EDGE_LOOP('',(#9496,#9497,#9498,#9499));
#5262=EDGE_LOOP('',(#9500,#9501,#9502,#9503));
#5263=EDGE_LOOP('',(#9504,#9505,#9506,#9507));
#5264=EDGE_LOOP('',(#9508,#9509,#9510,#9511));
#5265=EDGE_LOOP('',(#9512,#9513,#9514,#9515));
#5266=EDGE_LOOP('',(#9516,#9517,#9518,#9519));
#5267=EDGE_LOOP('',(#9520,#9521,#9522,#9523));
#5268=EDGE_LOOP('',(#9524,#9525,#9526,#9527));
#5269=EDGE_LOOP('',(#9528,#9529,#9530,#9531));
#5270=EDGE_LOOP('',(#9532,#9533,#9534,#9535));
#5271=EDGE_LOOP('',(#9536,#9537,#9538,#9539,#9540,#9541,#9542,#9543,#9544,
#9545,#9546,#9547));
#5272=EDGE_LOOP('',(#9548,#9549,#9550,#9551));
#5273=EDGE_LOOP('',(#9552,#9553,#9554,#9555));
#5274=EDGE_LOOP('',(#9556,#9557,#9558,#9559));
#5275=EDGE_LOOP('',(#9560,#9561,#9562,#9563));
#5276=EDGE_LOOP('',(#9564,#9565,#9566,#9567));
#5277=EDGE_LOOP('',(#9568,#9569,#9570,#9571));
#5278=EDGE_LOOP('',(#9572,#9573,#9574,#9575));
#5279=EDGE_LOOP('',(#9576,#9577,#9578,#9579));
#5280=EDGE_LOOP('',(#9580,#9581,#9582,#9583));
#5281=EDGE_LOOP('',(#9584,#9585,#9586,#9587));
#5282=EDGE_LOOP('',(#9588,#9589,#9590,#9591));
#5283=EDGE_LOOP('',(#9592,#9593,#9594,#9595));
#5284=EDGE_LOOP('',(#9596,#9597,#9598,#9599,#9600,#9601,#9602,#9603,#9604,
#9605,#9606,#9607));
#5285=EDGE_LOOP('',(#9608,#9609,#9610,#9611));
#5286=EDGE_LOOP('',(#9612,#9613,#9614,#9615));
#5287=EDGE_LOOP('',(#9616,#9617,#9618,#9619));
#5288=EDGE_LOOP('',(#9620,#9621,#9622,#9623));
#5289=EDGE_LOOP('',(#9624,#9625,#9626,#9627));
#5290=EDGE_LOOP('',(#9628,#9629,#9630,#9631));
#5291=EDGE_LOOP('',(#9632,#9633,#9634,#9635));
#5292=EDGE_LOOP('',(#9636,#9637,#9638,#9639));
#5293=EDGE_LOOP('',(#9640,#9641,#9642,#9643));
#5294=EDGE_LOOP('',(#9644,#9645,#9646,#9647));
#5295=EDGE_LOOP('',(#9648,#9649,#9650,#9651));
#5296=EDGE_LOOP('',(#9652,#9653,#9654,#9655));
#5297=EDGE_LOOP('',(#9656,#9657,#9658,#9659,#9660,#9661,#9662,#9663,#9664,
#9665,#9666,#9667));
#5298=EDGE_LOOP('',(#9668,#9669,#9670,#9671));
#5299=EDGE_LOOP('',(#9672,#9673,#9674,#9675));
#5300=EDGE_LOOP('',(#9676,#9677,#9678,#9679));
#5301=EDGE_LOOP('',(#9680,#9681,#9682,#9683));
#5302=EDGE_LOOP('',(#9684,#9685,#9686,#9687));
#5303=EDGE_LOOP('',(#9688,#9689,#9690,#9691));
#5304=EDGE_LOOP('',(#9692,#9693,#9694,#9695));
#5305=EDGE_LOOP('',(#9696,#9697,#9698,#9699));
#5306=EDGE_LOOP('',(#9700,#9701,#9702,#9703));
#5307=EDGE_LOOP('',(#9704,#9705,#9706,#9707));
#5308=EDGE_LOOP('',(#9708,#9709,#9710,#9711));
#5309=EDGE_LOOP('',(#9712,#9713,#9714,#9715));
#5310=EDGE_LOOP('',(#9716,#9717,#9718,#9719,#9720,#9721,#9722,#9723,#9724,
#9725,#9726,#9727));
#5311=EDGE_LOOP('',(#9728,#9729,#9730,#9731));
#5312=EDGE_LOOP('',(#9732));
#5313=EDGE_LOOP('',(#9733,#9734,#9735,#9736,#9737,#9738,#9739,#9740));
#5314=EDGE_LOOP('',(#9741));
#5315=EDGE_LOOP('',(#9742,#9743,#9744,#9745,#9746,#9747,#9748,#9749,#9750,
#9751,#9752,#9753,#9754,#9755,#9756,#9757,#9758,#9759,#9760,#9761,#9762,
#9763,#9764,#9765,#9766,#9767,#9768,#9769,#9770,#9771,#9772,#9773,#9774,
#9775,#9776,#9777,#9778,#9779,#9780,#9781,#9782,#9783,#9784,#9785,#9786,
#9787,#9788,#9789,#9790,#9791,#9792,#9793,#9794,#9795,#9796,#9797,#9798,
#9799,#9800,#9801,#9802,#9803,#9804,#9805,#9806,#9807,#9808,#9809,#9810,
#9811,#9812,#9813,#9814,#9815,#9816,#9817,#9818,#9819,#9820,#9821,#9822,
#9823,#9824,#9825,#9826,#9827,#9828,#9829,#9830,#9831,#9832,#9833,#9834,
#9835,#9836,#9837,#9838,#9839,#9840,#9841,#9842,#9843,#9844,#9845,#9846,
#9847,#9848,#9849,#9850,#9851,#9852,#9853));
#5316=EDGE_LOOP('',(#9854,#9855,#9856,#9857,#9858,#9859,#9860,#9861,#9862,
#9863,#9864,#9865));
#5317=EDGE_LOOP('',(#9866,#9867,#9868,#9869,#9870,#9871,#9872,#9873,#9874,
#9875,#9876,#9877));
#5318=EDGE_LOOP('',(#9878,#9879,#9880,#9881,#9882,#9883,#9884,#9885,#9886,
#9887,#9888,#9889));
#5319=EDGE_LOOP('',(#9890,#9891,#9892,#9893,#9894,#9895,#9896,#9897,#9898,
#9899,#9900,#9901));
#5320=EDGE_LOOP('',(#9902,#9903,#9904,#9905,#9906,#9907,#9908,#9909,#9910,
#9911,#9912,#9913));
#5321=EDGE_LOOP('',(#9914,#9915,#9916,#9917,#9918,#9919,#9920,#9921,#9922,
#9923,#9924,#9925));
#5322=EDGE_LOOP('',(#9926));
#5323=EDGE_LOOP('',(#9927));
#5324=EDGE_LOOP('',(#9928,#9929,#9930,#9931));
#5325=EDGE_LOOP('',(#9932,#9933,#9934,#9935));
#5326=EDGE_LOOP('',(#9936,#9937,#9938,#9939));
#5327=EDGE_LOOP('',(#9940,#9941,#9942,#9943));
#5328=EDGE_LOOP('',(#9944,#9945,#9946,#9947));
#5329=EDGE_LOOP('',(#9948,#9949,#9950,#9951));
#5330=EDGE_LOOP('',(#9952,#9953,#9954,#9955));
#5331=EDGE_LOOP('',(#9956,#9957,#9958,#9959));
#5332=EDGE_LOOP('',(#9960,#9961,#9962,#9963));
#5333=EDGE_LOOP('',(#9964,#9965,#9966,#9967));
#5334=EDGE_LOOP('',(#9968,#9969,#9970,#9971));
#5335=EDGE_LOOP('',(#9972,#9973,#9974,#9975));
#5336=EDGE_LOOP('',(#9976,#9977,#9978,#9979));
#5337=EDGE_LOOP('',(#9980,#9981,#9982,#9983));
#5338=EDGE_LOOP('',(#9984,#9985,#9986,#9987,#9988,#9989,#9990));
#5339=EDGE_LOOP('',(#9991,#9992,#9993,#9994));
#5340=EDGE_LOOP('',(#9995,#9996,#9997,#9998));
#5341=EDGE_LOOP('',(#9999,#10000,#10001,#10002));
#5342=EDGE_LOOP('',(#10003,#10004,#10005,#10006));
#5343=EDGE_LOOP('',(#10007,#10008,#10009,#10010,#10011,#10012));
#5344=EDGE_LOOP('',(#10013,#10014,#10015,#10016));
#5345=EDGE_LOOP('',(#10017,#10018,#10019,#10020));
#5346=EDGE_LOOP('',(#10021,#10022,#10023,#10024));
#5347=EDGE_LOOP('',(#10025,#10026,#10027,#10028));
#5348=EDGE_LOOP('',(#10029,#10030,#10031,#10032));
#5349=EDGE_LOOP('',(#10033,#10034,#10035,#10036));
#5350=EDGE_LOOP('',(#10037,#10038,#10039,#10040));
#5351=EDGE_LOOP('',(#10041,#10042,#10043,#10044,#10045,#10046));
#5352=EDGE_LOOP('',(#10047,#10048,#10049,#10050));
#5353=EDGE_LOOP('',(#10051,#10052,#10053,#10054));
#5354=EDGE_LOOP('',(#10055,#10056,#10057,#10058));
#5355=EDGE_LOOP('',(#10059,#10060,#10061,#10062));
#5356=EDGE_LOOP('',(#10063,#10064,#10065,#10066));
#5357=EDGE_LOOP('',(#10067,#10068,#10069,#10070));
#5358=EDGE_LOOP('',(#10071,#10072,#10073,#10074));
#5359=EDGE_LOOP('',(#10075,#10076,#10077,#10078));
#5360=EDGE_LOOP('',(#10079,#10080,#10081,#10082));
#5361=EDGE_LOOP('',(#10083,#10084,#10085,#10086));
#5362=EDGE_LOOP('',(#10087,#10088,#10089,#10090));
#5363=EDGE_LOOP('',(#10091,#10092,#10093,#10094));
#5364=EDGE_LOOP('',(#10095,#10096,#10097,#10098));
#5365=EDGE_LOOP('',(#10099,#10100,#10101,#10102));
#5366=EDGE_LOOP('',(#10103,#10104,#10105,#10106));
#5367=EDGE_LOOP('',(#10107,#10108,#10109,#10110));
#5368=EDGE_LOOP('',(#10111,#10112,#10113,#10114));
#5369=EDGE_LOOP('',(#10115,#10116,#10117,#10118));
#5370=EDGE_LOOP('',(#10119,#10120,#10121,#10122));
#5371=EDGE_LOOP('',(#10123,#10124,#10125,#10126));
#5372=EDGE_LOOP('',(#10127,#10128,#10129,#10130));
#5373=EDGE_LOOP('',(#10131,#10132,#10133,#10134));
#5374=EDGE_LOOP('',(#10135,#10136,#10137,#10138));
#5375=EDGE_LOOP('',(#10139,#10140,#10141,#10142));
#5376=EDGE_LOOP('',(#10143,#10144,#10145,#10146));
#5377=EDGE_LOOP('',(#10147,#10148,#10149,#10150));
#5378=EDGE_LOOP('',(#10151,#10152,#10153,#10154));
#5379=EDGE_LOOP('',(#10155,#10156,#10157,#10158));
#5380=EDGE_LOOP('',(#10159,#10160,#10161,#10162));
#5381=EDGE_LOOP('',(#10163,#10164,#10165,#10166));
#5382=EDGE_LOOP('',(#10167,#10168,#10169,#10170));
#5383=EDGE_LOOP('',(#10171,#10172,#10173,#10174));
#5384=EDGE_LOOP('',(#10175,#10176,#10177,#10178));
#5385=EDGE_LOOP('',(#10179,#10180,#10181,#10182));
#5386=EDGE_LOOP('',(#10183,#10184,#10185,#10186));
#5387=EDGE_LOOP('',(#10187,#10188,#10189,#10190));
#5388=EDGE_LOOP('',(#10191,#10192,#10193,#10194,#10195,#10196));
#5389=EDGE_LOOP('',(#10197,#10198,#10199,#10200));
#5390=EDGE_LOOP('',(#10201,#10202,#10203,#10204));
#5391=EDGE_LOOP('',(#10205,#10206,#10207,#10208));
#5392=EDGE_LOOP('',(#10209,#10210,#10211,#10212));
#5393=EDGE_LOOP('',(#10213,#10214,#10215,#10216));
#5394=EDGE_LOOP('',(#10217,#10218,#10219,#10220));
#5395=EDGE_LOOP('',(#10221,#10222,#10223,#10224));
#5396=EDGE_LOOP('',(#10225,#10226,#10227,#10228));
#5397=EDGE_LOOP('',(#10229,#10230,#10231,#10232));
#5398=EDGE_LOOP('',(#10233,#10234,#10235,#10236));
#5399=EDGE_LOOP('',(#10237,#10238,#10239,#10240));
#5400=EDGE_LOOP('',(#10241,#10242,#10243,#10244));
#5401=EDGE_LOOP('',(#10245,#10246,#10247,#10248));
#5402=EDGE_LOOP('',(#10249,#10250,#10251,#10252));
#5403=EDGE_LOOP('',(#10253,#10254,#10255,#10256));
#5404=EDGE_LOOP('',(#10257,#10258,#10259,#10260));
#5405=EDGE_LOOP('',(#10261,#10262,#10263,#10264));
#5406=EDGE_LOOP('',(#10265,#10266,#10267,#10268));
#5407=EDGE_LOOP('',(#10269,#10270,#10271,#10272));
#5408=EDGE_LOOP('',(#10273,#10274,#10275,#10276));
#5409=EDGE_LOOP('',(#10277,#10278,#10279,#10280));
#5410=EDGE_LOOP('',(#10281,#10282,#10283,#10284));
#5411=EDGE_LOOP('',(#10285,#10286,#10287,#10288));
#5412=EDGE_LOOP('',(#10289,#10290,#10291,#10292));
#5413=EDGE_LOOP('',(#10293,#10294,#10295,#10296));
#5414=EDGE_LOOP('',(#10297,#10298,#10299,#10300));
#5415=EDGE_LOOP('',(#10301,#10302,#10303,#10304));
#5416=EDGE_LOOP('',(#10305,#10306,#10307,#10308));
#5417=EDGE_LOOP('',(#10309,#10310,#10311,#10312));
#5418=EDGE_LOOP('',(#10313,#10314,#10315,#10316));
#5419=EDGE_LOOP('',(#10317,#10318,#10319,#10320));
#5420=EDGE_LOOP('',(#10321,#10322,#10323,#10324));
#5421=EDGE_LOOP('',(#10325,#10326,#10327,#10328));
#5422=EDGE_LOOP('',(#10329,#10330,#10331,#10332));
#5423=EDGE_LOOP('',(#10333,#10334,#10335,#10336));
#5424=EDGE_LOOP('',(#10337,#10338,#10339,#10340));
#5425=EDGE_LOOP('',(#10341,#10342,#10343,#10344));
#5426=EDGE_LOOP('',(#10345,#10346,#10347,#10348));
#5427=EDGE_LOOP('',(#10349,#10350,#10351,#10352));
#5428=EDGE_LOOP('',(#10353,#10354,#10355,#10356));
#5429=EDGE_LOOP('',(#10357,#10358,#10359,#10360));
#5430=EDGE_LOOP('',(#10361,#10362,#10363,#10364));
#5431=EDGE_LOOP('',(#10365,#10366,#10367,#10368));
#5432=EDGE_LOOP('',(#10369,#10370,#10371,#10372));
#5433=EDGE_LOOP('',(#10373,#10374,#10375,#10376));
#5434=EDGE_LOOP('',(#10377,#10378,#10379,#10380));
#5435=EDGE_LOOP('',(#10381,#10382,#10383,#10384));
#5436=EDGE_LOOP('',(#10385,#10386,#10387,#10388));
#5437=EDGE_LOOP('',(#10389,#10390,#10391,#10392));
#5438=EDGE_LOOP('',(#10393,#10394,#10395,#10396));
#5439=EDGE_LOOP('',(#10397,#10398,#10399,#10400));
#5440=EDGE_LOOP('',(#10401,#10402,#10403,#10404));
#5441=EDGE_LOOP('',(#10405,#10406,#10407,#10408));
#5442=EDGE_LOOP('',(#10409,#10410,#10411,#10412));
#5443=EDGE_LOOP('',(#10413,#10414,#10415,#10416));
#5444=EDGE_LOOP('',(#10417,#10418,#10419,#10420));
#5445=EDGE_LOOP('',(#10421,#10422,#10423,#10424));
#5446=EDGE_LOOP('',(#10425,#10426,#10427,#10428));
#5447=EDGE_LOOP('',(#10429,#10430,#10431,#10432));
#5448=EDGE_LOOP('',(#10433,#10434,#10435,#10436));
#5449=EDGE_LOOP('',(#10437,#10438,#10439,#10440));
#5450=EDGE_LOOP('',(#10441,#10442,#10443,#10444));
#5451=EDGE_LOOP('',(#10445,#10446,#10447,#10448));
#5452=EDGE_LOOP('',(#10449,#10450,#10451,#10452));
#5453=EDGE_LOOP('',(#10453,#10454,#10455,#10456));
#5454=EDGE_LOOP('',(#10457,#10458,#10459,#10460));
#5455=EDGE_LOOP('',(#10461,#10462,#10463,#10464));
#5456=EDGE_LOOP('',(#10465,#10466,#10467,#10468));
#5457=EDGE_LOOP('',(#10469,#10470,#10471,#10472));
#5458=EDGE_LOOP('',(#10473,#10474,#10475,#10476));
#5459=EDGE_LOOP('',(#10477,#10478,#10479,#10480));
#5460=EDGE_LOOP('',(#10481,#10482,#10483,#10484));
#5461=EDGE_LOOP('',(#10485,#10486,#10487,#10488));
#5462=EDGE_LOOP('',(#10489,#10490,#10491,#10492));
#5463=EDGE_LOOP('',(#10493,#10494,#10495,#10496));
#5464=EDGE_LOOP('',(#10497,#10498,#10499,#10500));
#5465=EDGE_LOOP('',(#10501,#10502,#10503,#10504));
#5466=EDGE_LOOP('',(#10505,#10506,#10507,#10508));
#5467=EDGE_LOOP('',(#10509,#10510,#10511,#10512));
#5468=EDGE_LOOP('',(#10513,#10514,#10515,#10516));
#5469=EDGE_LOOP('',(#10517,#10518,#10519,#10520));
#5470=EDGE_LOOP('',(#10521,#10522,#10523,#10524));
#5471=EDGE_LOOP('',(#10525,#10526,#10527,#10528));
#5472=EDGE_LOOP('',(#10529,#10530,#10531,#10532));
#5473=EDGE_LOOP('',(#10533,#10534,#10535,#10536));
#5474=EDGE_LOOP('',(#10537,#10538,#10539,#10540));
#5475=EDGE_LOOP('',(#10541,#10542,#10543,#10544));
#5476=EDGE_LOOP('',(#10545,#10546,#10547,#10548));
#5477=EDGE_LOOP('',(#10549,#10550,#10551,#10552));
#5478=EDGE_LOOP('',(#10553,#10554,#10555,#10556));
#5479=EDGE_LOOP('',(#10557,#10558,#10559,#10560));
#5480=EDGE_LOOP('',(#10561,#10562,#10563,#10564));
#5481=EDGE_LOOP('',(#10565,#10566,#10567,#10568));
#5482=EDGE_LOOP('',(#10569,#10570,#10571,#10572));
#5483=EDGE_LOOP('',(#10573,#10574,#10575,#10576));
#5484=EDGE_LOOP('',(#10577,#10578,#10579,#10580));
#5485=EDGE_LOOP('',(#10581,#10582,#10583,#10584));
#5486=EDGE_LOOP('',(#10585,#10586,#10587,#10588));
#5487=EDGE_LOOP('',(#10589,#10590,#10591,#10592));
#5488=EDGE_LOOP('',(#10593,#10594,#10595,#10596));
#5489=EDGE_LOOP('',(#10597,#10598,#10599,#10600));
#5490=EDGE_LOOP('',(#10601,#10602,#10603,#10604));
#5491=EDGE_LOOP('',(#10605,#10606,#10607,#10608));
#5492=EDGE_LOOP('',(#10609,#10610,#10611,#10612));
#5493=EDGE_LOOP('',(#10613,#10614,#10615,#10616));
#5494=EDGE_LOOP('',(#10617,#10618,#10619,#10620));
#5495=EDGE_LOOP('',(#10621,#10622,#10623,#10624));
#5496=EDGE_LOOP('',(#10625,#10626,#10627,#10628));
#5497=EDGE_LOOP('',(#10629,#10630,#10631,#10632));
#5498=EDGE_LOOP('',(#10633,#10634,#10635,#10636));
#5499=EDGE_LOOP('',(#10637,#10638,#10639,#10640));
#5500=EDGE_LOOP('',(#10641,#10642,#10643,#10644));
#5501=EDGE_LOOP('',(#10645,#10646,#10647,#10648));
#5502=EDGE_LOOP('',(#10649,#10650,#10651,#10652));
#5503=EDGE_LOOP('',(#10653,#10654,#10655,#10656));
#5504=EDGE_LOOP('',(#10657,#10658,#10659,#10660,#10661,#10662,#10663,#10664,
#10665,#10666));
#5505=EDGE_LOOP('',(#10667,#10668,#10669,#10670));
#5506=EDGE_LOOP('',(#10671,#10672,#10673,#10674));
#5507=EDGE_LOOP('',(#10675,#10676,#10677,#10678));
#5508=EDGE_LOOP('',(#10679,#10680,#10681,#10682));
#5509=EDGE_LOOP('',(#10683,#10684,#10685,#10686));
#5510=EDGE_LOOP('',(#10687,#10688,#10689,#10690));
#5511=EDGE_LOOP('',(#10691,#10692,#10693,#10694));
#5512=EDGE_LOOP('',(#10695,#10696,#10697,#10698));
#5513=EDGE_LOOP('',(#10699,#10700,#10701,#10702));
#5514=EDGE_LOOP('',(#10703,#10704,#10705,#10706));
#5515=EDGE_LOOP('',(#10707,#10708,#10709,#10710));
#5516=EDGE_LOOP('',(#10711,#10712,#10713,#10714));
#5517=EDGE_LOOP('',(#10715,#10716,#10717,#10718));
#5518=EDGE_LOOP('',(#10719,#10720,#10721,#10722));
#5519=EDGE_LOOP('',(#10723,#10724,#10725,#10726));
#5520=EDGE_LOOP('',(#10727,#10728,#10729,#10730));
#5521=EDGE_LOOP('',(#10731,#10732,#10733,#10734));
#5522=EDGE_LOOP('',(#10735,#10736,#10737,#10738));
#5523=EDGE_LOOP('',(#10739,#10740,#10741,#10742));
#5524=EDGE_LOOP('',(#10743,#10744,#10745,#10746));
#5525=EDGE_LOOP('',(#10747,#10748,#10749,#10750));
#5526=EDGE_LOOP('',(#10751,#10752,#10753,#10754));
#5527=EDGE_LOOP('',(#10755,#10756,#10757,#10758));
#5528=EDGE_LOOP('',(#10759,#10760,#10761,#10762,#10763,#10764,#10765,#10766,
#10767));
#5529=EDGE_LOOP('',(#10768,#10769,#10770,#10771,#10772));
#5530=EDGE_LOOP('',(#10773,#10774,#10775,#10776,#10777,#10778,#10779,#10780));
#5531=EDGE_LOOP('',(#10781,#10782,#10783,#10784));
#5532=EDGE_LOOP('',(#10785,#10786,#10787,#10788,#10789,#10790));
#5533=EDGE_LOOP('',(#10791,#10792,#10793,#10794,#10795,#10796,#10797,#10798,
#10799));
#5534=EDGE_LOOP('',(#10800,#10801,#10802,#10803,#10804));
#5535=EDGE_LOOP('',(#10805,#10806,#10807,#10808));
#5536=EDGE_LOOP('',(#10809,#10810,#10811,#10812));
#5537=EDGE_LOOP('',(#10813,#10814,#10815,#10816));
#5538=EDGE_LOOP('',(#10817,#10818,#10819,#10820));
#5539=EDGE_LOOP('',(#10821,#10822,#10823,#10824));
#5540=EDGE_LOOP('',(#10825,#10826,#10827,#10828));
#5541=EDGE_LOOP('',(#10829,#10830,#10831,#10832));
#5542=EDGE_LOOP('',(#10833,#10834,#10835,#10836));
#5543=EDGE_LOOP('',(#10837,#10838,#10839,#10840));
#5544=EDGE_LOOP('',(#10841,#10842,#10843,#10844));
#5545=EDGE_LOOP('',(#10845,#10846,#10847,#10848));
#5546=EDGE_LOOP('',(#10849,#10850,#10851,#10852));
#5547=EDGE_LOOP('',(#10853,#10854,#10855,#10856));
#5548=EDGE_LOOP('',(#10857,#10858,#10859,#10860));
#5549=EDGE_LOOP('',(#10861,#10862,#10863,#10864));
#5550=EDGE_LOOP('',(#10865,#10866,#10867,#10868));
#5551=EDGE_LOOP('',(#10869,#10870,#10871,#10872));
#5552=EDGE_LOOP('',(#10873,#10874,#10875,#10876));
#5553=EDGE_LOOP('',(#10877,#10878,#10879,#10880));
#5554=EDGE_LOOP('',(#10881,#10882,#10883,#10884));
#5555=EDGE_LOOP('',(#10885,#10886,#10887,#10888));
#5556=EDGE_LOOP('',(#10889,#10890,#10891,#10892));
#5557=EDGE_LOOP('',(#10893,#10894,#10895,#10896));
#5558=EDGE_LOOP('',(#10897,#10898,#10899,#10900));
#5559=EDGE_LOOP('',(#10901,#10902,#10903,#10904));
#5560=EDGE_LOOP('',(#10905,#10906,#10907,#10908));
#5561=EDGE_LOOP('',(#10909,#10910,#10911,#10912));
#5562=EDGE_LOOP('',(#10913,#10914,#10915,#10916));
#5563=EDGE_LOOP('',(#10917,#10918,#10919,#10920));
#5564=EDGE_LOOP('',(#10921,#10922,#10923,#10924));
#5565=EDGE_LOOP('',(#10925,#10926,#10927,#10928));
#5566=EDGE_LOOP('',(#10929,#10930,#10931,#10932));
#5567=EDGE_LOOP('',(#10933,#10934,#10935,#10936));
#5568=EDGE_LOOP('',(#10937,#10938,#10939,#10940));
#5569=EDGE_LOOP('',(#10941,#10942,#10943,#10944));
#5570=EDGE_LOOP('',(#10945,#10946,#10947,#10948));
#5571=EDGE_LOOP('',(#10949,#10950,#10951,#10952));
#5572=EDGE_LOOP('',(#10953,#10954,#10955,#10956));
#5573=EDGE_LOOP('',(#10957,#10958,#10959,#10960));
#5574=EDGE_LOOP('',(#10961,#10962,#10963,#10964));
#5575=EDGE_LOOP('',(#10965,#10966,#10967,#10968));
#5576=EDGE_LOOP('',(#10969,#10970,#10971,#10972));
#5577=EDGE_LOOP('',(#10973,#10974,#10975,#10976));
#5578=EDGE_LOOP('',(#10977,#10978,#10979,#10980));
#5579=EDGE_LOOP('',(#10981,#10982,#10983,#10984));
#5580=EDGE_LOOP('',(#10985,#10986,#10987,#10988));
#5581=EDGE_LOOP('',(#10989,#10990,#10991,#10992));
#5582=EDGE_LOOP('',(#10993,#10994,#10995,#10996,#10997));
#5583=EDGE_LOOP('',(#10998,#10999,#11000,#11001));
#5584=EDGE_LOOP('',(#11002,#11003,#11004,#11005));
#5585=EDGE_LOOP('',(#11006,#11007,#11008));
#5586=EDGE_LOOP('',(#11009,#11010,#11011,#11012,#11013));
#5587=EDGE_LOOP('',(#11014,#11015,#11016,#11017));
#5588=EDGE_LOOP('',(#11018,#11019,#11020));
#5589=EDGE_LOOP('',(#11021,#11022,#11023));
#5590=EDGE_LOOP('',(#11024,#11025,#11026,#11027));
#5591=EDGE_LOOP('',(#11028,#11029,#11030,#11031));
#5592=EDGE_LOOP('',(#11032,#11033,#11034,#11035));
#5593=EDGE_LOOP('',(#11036,#11037,#11038));
#5594=EDGE_LOOP('',(#11039,#11040,#11041,#11042));
#5595=EDGE_LOOP('',(#11043,#11044,#11045,#11046));
#5596=EDGE_LOOP('',(#11047,#11048,#11049,#11050));
#5597=EDGE_LOOP('',(#11051,#11052,#11053,#11054));
#5598=EDGE_LOOP('',(#11055,#11056,#11057));
#5599=EDGE_LOOP('',(#11058,#11059,#11060,#11061));
#5600=EDGE_LOOP('',(#11062,#11063,#11064,#11065));
#5601=EDGE_LOOP('',(#11066,#11067,#11068,#11069));
#5602=EDGE_LOOP('',(#11070,#11071,#11072,#11073));
#5603=EDGE_LOOP('',(#11074,#11075,#11076,#11077));
#5604=EDGE_LOOP('',(#11078,#11079,#11080,#11081));
#5605=EDGE_LOOP('',(#11082,#11083,#11084,#11085));
#5606=EDGE_LOOP('',(#11086,#11087,#11088,#11089));
#5607=EDGE_LOOP('',(#11090,#11091,#11092,#11093));
#5608=EDGE_LOOP('',(#11094,#11095,#11096,#11097));
#5609=EDGE_LOOP('',(#11098,#11099,#11100,#11101));
#5610=EDGE_LOOP('',(#11102,#11103,#11104,#11105));
#5611=EDGE_LOOP('',(#11106,#11107,#11108,#11109));
#5612=EDGE_LOOP('',(#11110,#11111,#11112,#11113));
#5613=EDGE_LOOP('',(#11114,#11115,#11116,#11117));
#5614=EDGE_LOOP('',(#11118,#11119,#11120,#11121));
#5615=EDGE_LOOP('',(#11122,#11123,#11124,#11125));
#5616=EDGE_LOOP('',(#11126,#11127,#11128,#11129));
#5617=EDGE_LOOP('',(#11130,#11131,#11132,#11133));
#5618=EDGE_LOOP('',(#11134,#11135,#11136,#11137));
#5619=EDGE_LOOP('',(#11138,#11139,#11140,#11141));
#5620=EDGE_LOOP('',(#11142,#11143,#11144,#11145));
#5621=EDGE_LOOP('',(#11146,#11147,#11148,#11149));
#5622=EDGE_LOOP('',(#11150,#11151,#11152,#11153));
#5623=EDGE_LOOP('',(#11154,#11155,#11156,#11157));
#5624=EDGE_LOOP('',(#11158,#11159,#11160,#11161));
#5625=EDGE_LOOP('',(#11162,#11163,#11164,#11165));
#5626=EDGE_LOOP('',(#11166,#11167,#11168,#11169));
#5627=EDGE_LOOP('',(#11170,#11171,#11172,#11173));
#5628=EDGE_LOOP('',(#11174,#11175,#11176,#11177));
#5629=EDGE_LOOP('',(#11178,#11179,#11180,#11181));
#5630=EDGE_LOOP('',(#11182,#11183,#11184,#11185));
#5631=EDGE_LOOP('',(#11186,#11187,#11188,#11189));
#5632=EDGE_LOOP('',(#11190,#11191,#11192,#11193));
#5633=EDGE_LOOP('',(#11194,#11195,#11196,#11197));
#5634=EDGE_LOOP('',(#11198,#11199,#11200,#11201));
#5635=EDGE_LOOP('',(#11202,#11203,#11204,#11205));
#5636=EDGE_LOOP('',(#11206,#11207,#11208,#11209));
#5637=EDGE_LOOP('',(#11210,#11211,#11212,#11213));
#5638=EDGE_LOOP('',(#11214,#11215,#11216,#11217));
#5639=EDGE_LOOP('',(#11218,#11219,#11220,#11221));
#5640=EDGE_LOOP('',(#11222,#11223,#11224,#11225));
#5641=EDGE_LOOP('',(#11226,#11227,#11228,#11229));
#5642=EDGE_LOOP('',(#11230,#11231,#11232,#11233));
#5643=EDGE_LOOP('',(#11234,#11235,#11236,#11237));
#5644=EDGE_LOOP('',(#11238,#11239,#11240,#11241));
#5645=EDGE_LOOP('',(#11242,#11243,#11244,#11245));
#5646=EDGE_LOOP('',(#11246,#11247,#11248,#11249));
#5647=EDGE_LOOP('',(#11250,#11251,#11252,#11253));
#5648=EDGE_LOOP('',(#11254,#11255,#11256,#11257));
#5649=EDGE_LOOP('',(#11258,#11259,#11260,#11261));
#5650=EDGE_LOOP('',(#11262,#11263,#11264,#11265));
#5651=EDGE_LOOP('',(#11266,#11267,#11268,#11269));
#5652=EDGE_LOOP('',(#11270,#11271,#11272,#11273));
#5653=EDGE_LOOP('',(#11274,#11275,#11276,#11277));
#5654=EDGE_LOOP('',(#11278,#11279,#11280,#11281));
#5655=EDGE_LOOP('',(#11282,#11283,#11284,#11285));
#5656=EDGE_LOOP('',(#11286,#11287,#11288,#11289));
#5657=EDGE_LOOP('',(#11290,#11291,#11292,#11293));
#5658=EDGE_LOOP('',(#11294,#11295,#11296,#11297));
#5659=EDGE_LOOP('',(#11298,#11299,#11300,#11301));
#5660=EDGE_LOOP('',(#11302,#11303,#11304,#11305));
#5661=EDGE_LOOP('',(#11306,#11307,#11308,#11309));
#5662=EDGE_LOOP('',(#11310,#11311,#11312,#11313));
#5663=EDGE_LOOP('',(#11314,#11315,#11316,#11317));
#5664=EDGE_LOOP('',(#11318,#11319,#11320,#11321));
#5665=EDGE_LOOP('',(#11322,#11323,#11324,#11325));
#5666=EDGE_LOOP('',(#11326,#11327,#11328,#11329));
#5667=EDGE_LOOP('',(#11330,#11331,#11332,#11333));
#5668=EDGE_LOOP('',(#11334,#11335,#11336,#11337));
#5669=EDGE_LOOP('',(#11338,#11339,#11340,#11341));
#5670=EDGE_LOOP('',(#11342,#11343,#11344,#11345));
#5671=EDGE_LOOP('',(#11346,#11347,#11348,#11349));
#5672=EDGE_LOOP('',(#11350,#11351,#11352,#11353));
#5673=EDGE_LOOP('',(#11354,#11355,#11356,#11357));
#5674=EDGE_LOOP('',(#11358,#11359,#11360,#11361));
#5675=EDGE_LOOP('',(#11362,#11363,#11364,#11365));
#5676=EDGE_LOOP('',(#11366,#11367,#11368,#11369));
#5677=EDGE_LOOP('',(#11370,#11371,#11372,#11373));
#5678=EDGE_LOOP('',(#11374,#11375,#11376,#11377));
#5679=EDGE_LOOP('',(#11378,#11379,#11380,#11381));
#5680=EDGE_LOOP('',(#11382,#11383,#11384,#11385));
#5681=EDGE_LOOP('',(#11386,#11387,#11388,#11389));
#5682=EDGE_LOOP('',(#11390,#11391,#11392,#11393));
#5683=EDGE_LOOP('',(#11394,#11395,#11396,#11397));
#5684=EDGE_LOOP('',(#11398,#11399,#11400,#11401));
#5685=EDGE_LOOP('',(#11402,#11403,#11404,#11405));
#5686=EDGE_LOOP('',(#11406,#11407,#11408,#11409));
#5687=EDGE_LOOP('',(#11410,#11411,#11412,#11413));
#5688=EDGE_LOOP('',(#11414,#11415,#11416,#11417));
#5689=EDGE_LOOP('',(#11418,#11419,#11420,#11421));
#5690=EDGE_LOOP('',(#11422,#11423,#11424,#11425));
#5691=EDGE_LOOP('',(#11426,#11427,#11428,#11429));
#5692=EDGE_LOOP('',(#11430,#11431,#11432,#11433));
#5693=EDGE_LOOP('',(#11434,#11435,#11436,#11437));
#5694=EDGE_LOOP('',(#11438,#11439,#11440,#11441));
#5695=EDGE_LOOP('',(#11442,#11443,#11444,#11445));
#5696=EDGE_LOOP('',(#11446,#11447,#11448,#11449));
#5697=EDGE_LOOP('',(#11450,#11451,#11452,#11453));
#5698=EDGE_LOOP('',(#11454,#11455,#11456,#11457));
#5699=EDGE_LOOP('',(#11458,#11459,#11460,#11461));
#5700=EDGE_LOOP('',(#11462,#11463,#11464,#11465));
#5701=EDGE_LOOP('',(#11466,#11467,#11468,#11469));
#5702=EDGE_LOOP('',(#11470,#11471,#11472,#11473));
#5703=EDGE_LOOP('',(#11474,#11475,#11476,#11477));
#5704=EDGE_LOOP('',(#11478,#11479,#11480,#11481));
#5705=EDGE_LOOP('',(#11482,#11483,#11484,#11485));
#5706=EDGE_LOOP('',(#11486,#11487,#11488,#11489));
#5707=EDGE_LOOP('',(#11490,#11491,#11492,#11493));
#5708=EDGE_LOOP('',(#11494,#11495,#11496,#11497));
#5709=EDGE_LOOP('',(#11498,#11499,#11500,#11501));
#5710=EDGE_LOOP('',(#11502,#11503,#11504,#11505));
#5711=EDGE_LOOP('',(#11506,#11507,#11508,#11509));
#5712=EDGE_LOOP('',(#11510,#11511,#11512,#11513));
#5713=EDGE_LOOP('',(#11514,#11515,#11516,#11517,#11518,#11519,#11520,#11521,
#11522,#11523,#11524,#11525,#11526,#11527,#11528,#11529,#11530,#11531,#11532,
#11533,#11534,#11535,#11536,#11537,#11538,#11539,#11540,#11541,#11542,#11543,
#11544,#11545,#11546,#11547,#11548,#11549,#11550,#11551,#11552,#11553,#11554,
#11555,#11556,#11557,#11558,#11559,#11560,#11561,#11562,#11563,#11564,#11565,
#11566,#11567,#11568,#11569,#11570,#11571,#11572,#11573,#11574,#11575,#11576,
#11577,#11578,#11579,#11580,#11581,#11582,#11583,#11584,#11585,#11586,#11587,
#11588,#11589,#11590,#11591));
#5714=EDGE_LOOP('',(#11592,#11593,#11594,#11595));
#5715=EDGE_LOOP('',(#11596,#11597,#11598,#11599));
#5716=EDGE_LOOP('',(#11600));
#5717=EDGE_LOOP('',(#11601,#11602,#11603,#11604));
#5718=EDGE_LOOP('',(#11605,#11606,#11607,#11608));
#5719=EDGE_LOOP('',(#11609,#11610,#11611,#11612));
#5720=EDGE_LOOP('',(#11613,#11614,#11615,#11616));
#5721=EDGE_LOOP('',(#11617,#11618,#11619,#11620));
#5722=EDGE_LOOP('',(#11621,#11622,#11623,#11624));
#5723=EDGE_LOOP('',(#11625,#11626,#11627,#11628));
#5724=EDGE_LOOP('',(#11629,#11630,#11631,#11632));
#5725=EDGE_LOOP('',(#11633,#11634,#11635,#11636));
#5726=EDGE_LOOP('',(#11637,#11638,#11639,#11640));
#5727=EDGE_LOOP('',(#11641,#11642,#11643,#11644));
#5728=EDGE_LOOP('',(#11645,#11646,#11647,#11648));
#5729=EDGE_LOOP('',(#11649,#11650,#11651,#11652));
#5730=EDGE_LOOP('',(#11653,#11654,#11655,#11656));
#5731=EDGE_LOOP('',(#11657,#11658,#11659,#11660));
#5732=EDGE_LOOP('',(#11661,#11662,#11663,#11664));
#5733=EDGE_LOOP('',(#11665,#11666,#11667,#11668));
#5734=EDGE_LOOP('',(#11669,#11670));
#5735=EDGE_LOOP('',(#11671,#11672,#11673,#11674,#11675,#11676));
#5736=EDGE_LOOP('',(#11677,#11678));
#5737=EDGE_LOOP('',(#11679,#11680,#11681,#11682,#11683,#11684));
#5738=EDGE_LOOP('',(#11685,#11686,#11687,#11688,#11689,#11690,#11691,#11692,
#11693,#11694,#11695,#11696,#11697,#11698,#11699,#11700,#11701,#11702,#11703,
#11704,#11705,#11706,#11707,#11708));
#5739=EDGE_LOOP('',(#11709));
#5740=EDGE_LOOP('',(#11710));
#5741=EDGE_LOOP('',(#11711));
#5742=EDGE_LOOP('',(#11712));
#5743=EDGE_LOOP('',(#11713,#11714,#11715,#11716));
#5744=EDGE_LOOP('',(#11717,#11718,#11719,#11720));
#5745=EDGE_LOOP('',(#11721,#11722,#11723,#11724));
#5746=EDGE_LOOP('',(#11725,#11726,#11727,#11728));
#5747=EDGE_LOOP('',(#11729,#11730,#11731,#11732));
#5748=EDGE_LOOP('',(#11733,#11734,#11735,#11736));
#5749=EDGE_LOOP('',(#11737,#11738,#11739,#11740));
#5750=EDGE_LOOP('',(#11741,#11742,#11743,#11744));
#5751=EDGE_LOOP('',(#11745,#11746,#11747,#11748));
#5752=EDGE_LOOP('',(#11749,#11750,#11751,#11752));
#5753=EDGE_LOOP('',(#11753,#11754,#11755,#11756));
#5754=EDGE_LOOP('',(#11757,#11758,#11759,#11760));
#5755=EDGE_LOOP('',(#11761,#11762,#11763,#11764));
#5756=EDGE_LOOP('',(#11765,#11766,#11767,#11768));
#5757=EDGE_LOOP('',(#11769,#11770,#11771,#11772));
#5758=EDGE_LOOP('',(#11773,#11774,#11775,#11776));
#5759=EDGE_LOOP('',(#11777,#11778,#11779,#11780));
#5760=EDGE_LOOP('',(#11781,#11782,#11783,#11784));
#5761=EDGE_LOOP('',(#11785,#11786,#11787,#11788));
#5762=EDGE_LOOP('',(#11789,#11790,#11791,#11792));
#5763=EDGE_LOOP('',(#11793,#11794,#11795,#11796));
#5764=EDGE_LOOP('',(#11797,#11798,#11799,#11800,#11801,#11802,#11803,#11804,
#11805,#11806,#11807,#11808));
#5765=EDGE_LOOP('',(#11809,#11810,#11811,#11812,#11813,#11814,#11815,#11816,
#11817,#11818,#11819,#11820));
#5766=EDGE_LOOP('',(#11821,#11822,#11823,#11824,#11825,#11826,#11827,#11828,
#11829,#11830,#11831,#11832));
#5767=EDGE_LOOP('',(#11833));
#5768=EDGE_LOOP('',(#11834,#11835,#11836,#11837));
#5769=EDGE_LOOP('',(#11838,#11839,#11840,#11841));
#5770=EDGE_LOOP('',(#11842,#11843,#11844,#11845,#11846,#11847));
#5771=EDGE_LOOP('',(#11848,#11849));
#5772=EDGE_LOOP('',(#11850,#11851,#11852,#11853,#11854,#11855));
#5773=EDGE_LOOP('',(#11856,#11857));
#5774=EDGE_LOOP('',(#11858,#11859,#11860,#11861,#11862,#11863,#11864,#11865));
#5775=EDGE_LOOP('',(#11866,#11867,#11868,#11869));
#5776=EDGE_LOOP('',(#11870,#11871,#11872,#11873));
#5777=EDGE_LOOP('',(#11874,#11875,#11876,#11877));
#5778=EDGE_LOOP('',(#11878,#11879,#11880,#11881));
#5779=EDGE_LOOP('',(#11882));
#5780=EDGE_LOOP('',(#11883,#11884,#11885,#11886));
#5781=EDGE_LOOP('',(#11887,#11888,#11889,#11890));
#5782=EDGE_LOOP('',(#11891,#11892,#11893,#11894));
#5783=EDGE_LOOP('',(#11895,#11896,#11897,#11898));
#5784=EDGE_LOOP('',(#11899,#11900,#11901,#11902));
#5785=EDGE_LOOP('',(#11903,#11904,#11905,#11906));
#5786=EDGE_LOOP('',(#11907,#11908,#11909,#11910));
#5787=EDGE_LOOP('',(#11911,#11912,#11913,#11914));
#5788=EDGE_LOOP('',(#11915,#11916,#11917,#11918));
#5789=EDGE_LOOP('',(#11919,#11920,#11921,#11922));
#5790=EDGE_LOOP('',(#11923,#11924,#11925,#11926));
#5791=EDGE_LOOP('',(#11927,#11928,#11929,#11930));
#5792=EDGE_LOOP('',(#11931,#11932,#11933,#11934,#11935,#11936,#11937,#11938,
#11939,#11940,#11941,#11942));
#5793=EDGE_LOOP('',(#11943,#11944,#11945,#11946));
#5794=EDGE_LOOP('',(#11947,#11948,#11949,#11950));
#5795=EDGE_LOOP('',(#11951,#11952,#11953,#11954));
#5796=EDGE_LOOP('',(#11955,#11956,#11957,#11958));
#5797=EDGE_LOOP('',(#11959,#11960,#11961,#11962));
#5798=EDGE_LOOP('',(#11963,#11964,#11965,#11966));
#5799=EDGE_LOOP('',(#11967,#11968,#11969,#11970));
#5800=EDGE_LOOP('',(#11971,#11972,#11973,#11974));
#5801=EDGE_LOOP('',(#11975,#11976,#11977,#11978));
#5802=EDGE_LOOP('',(#11979,#11980,#11981,#11982));
#5803=EDGE_LOOP('',(#11983,#11984,#11985,#11986));
#5804=EDGE_LOOP('',(#11987,#11988,#11989,#11990));
#5805=EDGE_LOOP('',(#11991,#11992,#11993,#11994,#11995,#11996,#11997,#11998,
#11999,#12000,#12001,#12002));
#5806=EDGE_LOOP('',(#12003,#12004,#12005,#12006));
#5807=EDGE_LOOP('',(#12007,#12008,#12009,#12010));
#5808=EDGE_LOOP('',(#12011,#12012,#12013,#12014));
#5809=EDGE_LOOP('',(#12015,#12016,#12017,#12018));
#5810=EDGE_LOOP('',(#12019,#12020,#12021,#12022));
#5811=EDGE_LOOP('',(#12023,#12024,#12025,#12026));
#5812=EDGE_LOOP('',(#12027,#12028,#12029,#12030));
#5813=EDGE_LOOP('',(#12031,#12032,#12033,#12034));
#5814=EDGE_LOOP('',(#12035,#12036,#12037,#12038));
#5815=EDGE_LOOP('',(#12039,#12040,#12041,#12042));
#5816=EDGE_LOOP('',(#12043,#12044,#12045,#12046));
#5817=EDGE_LOOP('',(#12047,#12048,#12049,#12050));
#5818=EDGE_LOOP('',(#12051,#12052,#12053,#12054,#12055,#12056,#12057,#12058,
#12059,#12060,#12061,#12062));
#5819=EDGE_LOOP('',(#12063,#12064,#12065,#12066));
#5820=EDGE_LOOP('',(#12067,#12068,#12069,#12070));
#5821=EDGE_LOOP('',(#12071,#12072,#12073,#12074));
#5822=EDGE_LOOP('',(#12075,#12076,#12077,#12078));
#5823=EDGE_LOOP('',(#12079,#12080,#12081,#12082));
#5824=EDGE_LOOP('',(#12083,#12084,#12085,#12086));
#5825=EDGE_LOOP('',(#12087,#12088,#12089,#12090));
#5826=EDGE_LOOP('',(#12091,#12092,#12093,#12094));
#5827=EDGE_LOOP('',(#12095,#12096,#12097,#12098));
#5828=EDGE_LOOP('',(#12099,#12100,#12101,#12102));
#5829=EDGE_LOOP('',(#12103,#12104,#12105,#12106));
#5830=EDGE_LOOP('',(#12107,#12108,#12109,#12110));
#5831=EDGE_LOOP('',(#12111,#12112,#12113,#12114));
#5832=EDGE_LOOP('',(#12115,#12116,#12117,#12118));
#5833=EDGE_LOOP('',(#12119,#12120,#12121,#12122));
#5834=EDGE_LOOP('',(#12123,#12124,#12125,#12126));
#5835=EDGE_LOOP('',(#12127,#12128,#12129,#12130));
#5836=EDGE_LOOP('',(#12131,#12132,#12133,#12134));
#5837=EDGE_LOOP('',(#12135,#12136,#12137,#12138));
#5838=EDGE_LOOP('',(#12139,#12140,#12141,#12142));
#5839=EDGE_LOOP('',(#12143,#12144,#12145,#12146));
#5840=EDGE_LOOP('',(#12147,#12148,#12149,#12150));
#5841=EDGE_LOOP('',(#12151,#12152,#12153,#12154));
#5842=EDGE_LOOP('',(#12155,#12156,#12157,#12158));
#5843=EDGE_LOOP('',(#12159,#12160,#12161,#12162));
#5844=EDGE_LOOP('',(#12163,#12164,#12165,#12166));
#5845=EDGE_LOOP('',(#12167,#12168,#12169,#12170));
#5846=EDGE_LOOP('',(#12171,#12172,#12173,#12174));
#5847=EDGE_LOOP('',(#12175,#12176,#12177,#12178));
#5848=EDGE_LOOP('',(#12179,#12180,#12181,#12182));
#5849=EDGE_LOOP('',(#12183,#12184,#12185,#12186));
#5850=EDGE_LOOP('',(#12187,#12188,#12189,#12190));
#5851=EDGE_LOOP('',(#12191,#12192,#12193,#12194));
#5852=EDGE_LOOP('',(#12195,#12196,#12197,#12198));
#5853=EDGE_LOOP('',(#12199,#12200,#12201,#12202));
#5854=EDGE_LOOP('',(#12203,#12204,#12205,#12206));
#5855=EDGE_LOOP('',(#12207,#12208,#12209,#12210));
#5856=EDGE_LOOP('',(#12211,#12212,#12213,#12214));
#5857=EDGE_LOOP('',(#12215,#12216,#12217,#12218));
#5858=EDGE_LOOP('',(#12219,#12220,#12221,#12222));
#5859=EDGE_LOOP('',(#12223,#12224,#12225,#12226));
#5860=EDGE_LOOP('',(#12227,#12228,#12229,#12230));
#5861=EDGE_LOOP('',(#12231,#12232,#12233,#12234));
#5862=EDGE_LOOP('',(#12235,#12236,#12237,#12238));
#5863=EDGE_LOOP('',(#12239,#12240,#12241,#12242));
#5864=EDGE_LOOP('',(#12243,#12244,#12245,#12246));
#5865=EDGE_LOOP('',(#12247,#12248,#12249,#12250));
#5866=EDGE_LOOP('',(#12251,#12252,#12253,#12254));
#5867=EDGE_LOOP('',(#12255,#12256,#12257,#12258));
#5868=EDGE_LOOP('',(#12259,#12260,#12261,#12262));
#5869=EDGE_LOOP('',(#12263,#12264,#12265,#12266));
#5870=EDGE_LOOP('',(#12267,#12268,#12269,#12270));
#5871=EDGE_LOOP('',(#12271,#12272,#12273,#12274));
#5872=EDGE_LOOP('',(#12275,#12276,#12277,#12278));
#5873=EDGE_LOOP('',(#12279,#12280,#12281,#12282));
#5874=EDGE_LOOP('',(#12283,#12284,#12285,#12286));
#5875=EDGE_LOOP('',(#12287,#12288,#12289,#12290));
#5876=EDGE_LOOP('',(#12291,#12292,#12293,#12294));
#5877=EDGE_LOOP('',(#12295,#12296,#12297,#12298));
#5878=EDGE_LOOP('',(#12299,#12300,#12301,#12302));
#5879=EDGE_LOOP('',(#12303,#12304,#12305,#12306));
#5880=EDGE_LOOP('',(#12307,#12308,#12309,#12310));
#5881=EDGE_LOOP('',(#12311,#12312,#12313,#12314));
#5882=EDGE_LOOP('',(#12315,#12316,#12317,#12318));
#5883=EDGE_LOOP('',(#12319,#12320,#12321,#12322));
#5884=EDGE_LOOP('',(#12323,#12324,#12325,#12326));
#5885=EDGE_LOOP('',(#12327,#12328,#12329,#12330));
#5886=EDGE_LOOP('',(#12331,#12332,#12333,#12334));
#5887=EDGE_LOOP('',(#12335,#12336,#12337,#12338));
#5888=EDGE_LOOP('',(#12339,#12340,#12341,#12342));
#5889=EDGE_LOOP('',(#12343,#12344,#12345,#12346));
#5890=EDGE_LOOP('',(#12347,#12348,#12349,#12350));
#5891=EDGE_LOOP('',(#12351,#12352,#12353,#12354));
#5892=EDGE_LOOP('',(#12355,#12356,#12357,#12358));
#5893=EDGE_LOOP('',(#12359,#12360,#12361,#12362));
#5894=EDGE_LOOP('',(#12363,#12364,#12365,#12366));
#5895=EDGE_LOOP('',(#12367,#12368,#12369,#12370));
#5896=EDGE_LOOP('',(#12371,#12372,#12373,#12374));
#5897=EDGE_LOOP('',(#12375,#12376,#12377,#12378));
#5898=EDGE_LOOP('',(#12379,#12380,#12381,#12382));
#5899=EDGE_LOOP('',(#12383,#12384,#12385,#12386));
#5900=EDGE_LOOP('',(#12387,#12388,#12389,#12390));
#5901=EDGE_LOOP('',(#12391,#12392,#12393,#12394));
#5902=EDGE_LOOP('',(#12395,#12396,#12397,#12398));
#5903=EDGE_LOOP('',(#12399,#12400,#12401,#12402));
#5904=EDGE_LOOP('',(#12403,#12404,#12405,#12406));
#5905=EDGE_LOOP('',(#12407,#12408,#12409,#12410));
#5906=EDGE_LOOP('',(#12411,#12412,#12413,#12414));
#5907=EDGE_LOOP('',(#12415,#12416,#12417,#12418));
#5908=EDGE_LOOP('',(#12419,#12420,#12421,#12422));
#5909=EDGE_LOOP('',(#12423,#12424,#12425,#12426));
#5910=EDGE_LOOP('',(#12427,#12428,#12429,#12430));
#5911=EDGE_LOOP('',(#12431,#12432,#12433,#12434));
#5912=EDGE_LOOP('',(#12435,#12436,#12437,#12438));
#5913=EDGE_LOOP('',(#12439,#12440,#12441,#12442));
#5914=EDGE_LOOP('',(#12443,#12444,#12445,#12446));
#5915=EDGE_LOOP('',(#12447,#12448,#12449,#12450));
#5916=EDGE_LOOP('',(#12451,#12452,#12453,#12454));
#5917=EDGE_LOOP('',(#12455,#12456,#12457,#12458));
#5918=EDGE_LOOP('',(#12459,#12460,#12461,#12462));
#5919=EDGE_LOOP('',(#12463,#12464,#12465,#12466));
#5920=EDGE_LOOP('',(#12467,#12468,#12469,#12470));
#5921=EDGE_LOOP('',(#12471,#12472,#12473,#12474));
#5922=EDGE_LOOP('',(#12475,#12476,#12477,#12478));
#5923=EDGE_LOOP('',(#12479,#12480,#12481,#12482));
#5924=EDGE_LOOP('',(#12483,#12484,#12485,#12486));
#5925=EDGE_LOOP('',(#12487,#12488,#12489,#12490));
#5926=EDGE_LOOP('',(#12491,#12492,#12493,#12494));
#5927=EDGE_LOOP('',(#12495,#12496,#12497,#12498));
#5928=EDGE_LOOP('',(#12499,#12500,#12501,#12502));
#5929=EDGE_LOOP('',(#12503,#12504,#12505,#12506));
#5930=EDGE_LOOP('',(#12507,#12508,#12509,#12510));
#5931=EDGE_LOOP('',(#12511,#12512,#12513,#12514));
#5932=EDGE_LOOP('',(#12515,#12516,#12517,#12518));
#5933=EDGE_LOOP('',(#12519,#12520,#12521,#12522));
#5934=EDGE_LOOP('',(#12523,#12524,#12525,#12526));
#5935=EDGE_LOOP('',(#12527,#12528,#12529,#12530));
#5936=EDGE_LOOP('',(#12531,#12532,#12533,#12534));
#5937=EDGE_LOOP('',(#12535,#12536,#12537,#12538));
#5938=EDGE_LOOP('',(#12539,#12540,#12541,#12542));
#5939=EDGE_LOOP('',(#12543,#12544,#12545,#12546));
#5940=EDGE_LOOP('',(#12547,#12548,#12549,#12550));
#5941=EDGE_LOOP('',(#12551,#12552,#12553,#12554));
#5942=EDGE_LOOP('',(#12555,#12556,#12557,#12558));
#5943=EDGE_LOOP('',(#12559,#12560,#12561,#12562));
#5944=EDGE_LOOP('',(#12563,#12564,#12565,#12566));
#5945=EDGE_LOOP('',(#12567,#12568,#12569,#12570));
#5946=EDGE_LOOP('',(#12571,#12572,#12573,#12574));
#5947=EDGE_LOOP('',(#12575,#12576,#12577,#12578));
#5948=EDGE_LOOP('',(#12579,#12580,#12581,#12582));
#5949=EDGE_LOOP('',(#12583,#12584,#12585,#12586));
#5950=EDGE_LOOP('',(#12587,#12588,#12589,#12590));
#5951=EDGE_LOOP('',(#12591,#12592,#12593,#12594));
#5952=EDGE_LOOP('',(#12595,#12596,#12597,#12598));
#5953=EDGE_LOOP('',(#12599,#12600,#12601,#12602));
#5954=EDGE_LOOP('',(#12603,#12604,#12605,#12606));
#5955=EDGE_LOOP('',(#12607,#12608,#12609,#12610));
#5956=EDGE_LOOP('',(#12611,#12612,#12613,#12614));
#5957=EDGE_LOOP('',(#12615,#12616,#12617,#12618));
#5958=EDGE_LOOP('',(#12619,#12620,#12621,#12622));
#5959=EDGE_LOOP('',(#12623,#12624,#12625,#12626));
#5960=EDGE_LOOP('',(#12627,#12628,#12629,#12630));
#5961=EDGE_LOOP('',(#12631,#12632,#12633,#12634));
#5962=EDGE_LOOP('',(#12635,#12636,#12637,#12638));
#5963=EDGE_LOOP('',(#12639,#12640,#12641,#12642));
#5964=EDGE_LOOP('',(#12643,#12644,#12645,#12646));
#5965=EDGE_LOOP('',(#12647,#12648,#12649,#12650));
#5966=EDGE_LOOP('',(#12651,#12652,#12653,#12654));
#5967=EDGE_LOOP('',(#12655,#12656,#12657,#12658));
#5968=EDGE_LOOP('',(#12659,#12660,#12661,#12662));
#5969=EDGE_LOOP('',(#12663,#12664,#12665,#12666));
#5970=EDGE_LOOP('',(#12667,#12668,#12669,#12670));
#5971=EDGE_LOOP('',(#12671,#12672,#12673,#12674));
#5972=EDGE_LOOP('',(#12675,#12676,#12677,#12678));
#5973=EDGE_LOOP('',(#12679,#12680,#12681,#12682));
#5974=EDGE_LOOP('',(#12683,#12684,#12685,#12686));
#5975=EDGE_LOOP('',(#12687,#12688,#12689,#12690));
#5976=EDGE_LOOP('',(#12691,#12692,#12693,#12694));
#5977=EDGE_LOOP('',(#12695,#12696,#12697,#12698));
#5978=EDGE_LOOP('',(#12699,#12700,#12701,#12702));
#5979=EDGE_LOOP('',(#12703,#12704,#12705,#12706));
#5980=EDGE_LOOP('',(#12707,#12708,#12709,#12710));
#5981=EDGE_LOOP('',(#12711,#12712,#12713,#12714));
#5982=EDGE_LOOP('',(#12715,#12716,#12717,#12718));
#5983=EDGE_LOOP('',(#12719,#12720,#12721,#12722));
#5984=EDGE_LOOP('',(#12723,#12724,#12725,#12726));
#5985=EDGE_LOOP('',(#12727,#12728,#12729,#12730));
#5986=EDGE_LOOP('',(#12731,#12732,#12733,#12734));
#5987=EDGE_LOOP('',(#12735,#12736,#12737,#12738));
#5988=EDGE_LOOP('',(#12739,#12740,#12741,#12742));
#5989=EDGE_LOOP('',(#12743,#12744,#12745,#12746));
#5990=EDGE_LOOP('',(#12747,#12748,#12749,#12750));
#5991=EDGE_LOOP('',(#12751,#12752,#12753,#12754));
#5992=EDGE_LOOP('',(#12755,#12756,#12757,#12758));
#5993=EDGE_LOOP('',(#12759,#12760,#12761,#12762));
#5994=EDGE_LOOP('',(#12763,#12764,#12765,#12766));
#5995=EDGE_LOOP('',(#12767,#12768,#12769,#12770));
#5996=EDGE_LOOP('',(#12771,#12772,#12773,#12774));
#5997=EDGE_LOOP('',(#12775,#12776,#12777,#12778));
#5998=EDGE_LOOP('',(#12779,#12780,#12781,#12782));
#5999=EDGE_LOOP('',(#12783,#12784,#12785,#12786));
#6000=EDGE_LOOP('',(#12787,#12788,#12789,#12790));
#6001=EDGE_LOOP('',(#12791,#12792,#12793,#12794));
#6002=EDGE_LOOP('',(#12795,#12796,#12797,#12798));
#6003=EDGE_LOOP('',(#12799,#12800,#12801,#12802));
#6004=EDGE_LOOP('',(#12803,#12804,#12805,#12806));
#6005=EDGE_LOOP('',(#12807,#12808,#12809,#12810));
#6006=EDGE_LOOP('',(#12811,#12812,#12813,#12814));
#6007=EDGE_LOOP('',(#12815,#12816,#12817,#12818));
#6008=EDGE_LOOP('',(#12819,#12820,#12821,#12822));
#6009=EDGE_LOOP('',(#12823,#12824,#12825,#12826));
#6010=EDGE_LOOP('',(#12827,#12828,#12829,#12830));
#6011=EDGE_LOOP('',(#12831,#12832,#12833,#12834));
#6012=EDGE_LOOP('',(#12835,#12836,#12837,#12838));
#6013=EDGE_LOOP('',(#12839,#12840,#12841,#12842));
#6014=EDGE_LOOP('',(#12843,#12844,#12845,#12846));
#6015=EDGE_LOOP('',(#12847,#12848,#12849,#12850));
#6016=EDGE_LOOP('',(#12851,#12852,#12853,#12854));
#6017=EDGE_LOOP('',(#12855,#12856,#12857,#12858));
#6018=EDGE_LOOP('',(#12859,#12860,#12861,#12862));
#6019=EDGE_LOOP('',(#12863,#12864,#12865,#12866));
#6020=EDGE_LOOP('',(#12867,#12868,#12869,#12870));
#6021=EDGE_LOOP('',(#12871,#12872,#12873,#12874));
#6022=EDGE_LOOP('',(#12875,#12876,#12877,#12878));
#6023=EDGE_LOOP('',(#12879,#12880,#12881,#12882));
#6024=EDGE_LOOP('',(#12883,#12884,#12885,#12886));
#6025=EDGE_LOOP('',(#12887,#12888,#12889,#12890));
#6026=EDGE_LOOP('',(#12891,#12892,#12893,#12894));
#6027=EDGE_LOOP('',(#12895,#12896,#12897,#12898));
#6028=EDGE_LOOP('',(#12899,#12900,#12901,#12902));
#6029=EDGE_LOOP('',(#12903,#12904,#12905,#12906));
#6030=EDGE_LOOP('',(#12907,#12908,#12909,#12910));
#6031=EDGE_LOOP('',(#12911,#12912,#12913,#12914));
#6032=EDGE_LOOP('',(#12915,#12916,#12917,#12918));
#6033=EDGE_LOOP('',(#12919,#12920,#12921,#12922));
#6034=EDGE_LOOP('',(#12923,#12924,#12925,#12926));
#6035=EDGE_LOOP('',(#12927,#12928,#12929,#12930));
#6036=EDGE_LOOP('',(#12931,#12932,#12933,#12934));
#6037=EDGE_LOOP('',(#12935,#12936,#12937,#12938));
#6038=EDGE_LOOP('',(#12939,#12940,#12941,#12942));
#6039=EDGE_LOOP('',(#12943,#12944,#12945,#12946));
#6040=EDGE_LOOP('',(#12947,#12948,#12949,#12950));
#6041=EDGE_LOOP('',(#12951,#12952,#12953,#12954));
#6042=EDGE_LOOP('',(#12955,#12956,#12957,#12958));
#6043=EDGE_LOOP('',(#12959,#12960,#12961,#12962,#12963,#12964,#12965,#12966));
#6044=EDGE_LOOP('',(#12967,#12968,#12969,#12970));
#6045=EDGE_LOOP('',(#12971,#12972,#12973,#12974));
#6046=EDGE_LOOP('',(#12975,#12976,#12977,#12978));
#6047=EDGE_LOOP('',(#12979,#12980,#12981,#12982,#12983,#12984,#12985,#12986));
#6048=EDGE_LOOP('',(#12987,#12988,#12989,#12990));
#6049=EDGE_LOOP('',(#12991,#12992,#12993,#12994));
#6050=EDGE_LOOP('',(#12995,#12996,#12997,#12998));
#6051=EDGE_LOOP('',(#12999,#13000,#13001,#13002));
#6052=EDGE_LOOP('',(#13003,#13004,#13005,#13006));
#6053=EDGE_LOOP('',(#13007,#13008,#13009,#13010));
#6054=EDGE_LOOP('',(#13011,#13012,#13013,#13014));
#6055=EDGE_LOOP('',(#13015,#13016,#13017,#13018));
#6056=EDGE_LOOP('',(#13019,#13020,#13021,#13022));
#6057=EDGE_LOOP('',(#13023,#13024,#13025,#13026));
#6058=EDGE_LOOP('',(#13027,#13028,#13029,#13030));
#6059=EDGE_LOOP('',(#13031,#13032,#13033,#13034));
#6060=EDGE_LOOP('',(#13035));
#6061=EDGE_LOOP('',(#13036,#13037,#13038,#13039));
#6062=EDGE_LOOP('',(#13040,#13041,#13042,#13043));
#6063=EDGE_LOOP('',(#13044,#13045,#13046,#13047));
#6064=EDGE_LOOP('',(#13048,#13049,#13050,#13051));
#6065=EDGE_LOOP('',(#13052));
#6066=EDGE_LOOP('',(#13053));
#6067=EDGE_LOOP('',(#13054,#13055,#13056,#13057));
#6068=EDGE_LOOP('',(#13058,#13059,#13060,#13061));
#6069=EDGE_LOOP('',(#13062,#13063,#13064,#13065));
#6070=EDGE_LOOP('',(#13066));
#6071=EDGE_LOOP('',(#13067,#13068,#13069,#13070));
#6072=EDGE_LOOP('',(#13071,#13072,#13073,#13074));
#6073=CIRCLE('',#13832,6.69615242270663);
#6074=CIRCLE('',#13834,7.5);
#6075=CIRCLE('',#13838,6.69615242270663);
#6076=CIRCLE('',#13840,7.5);
#6077=CIRCLE('',#13850,6.69615242270663);
#6078=CIRCLE('',#13852,7.5);
#6079=CIRCLE('',#13856,6.69615242270663);
#6080=CIRCLE('',#13858,7.5);
#6081=CIRCLE('',#13943,2.225);
#6082=CIRCLE('',#13944,2.225);
#6083=CIRCLE('',#13947,3.825);
#6084=CIRCLE('',#13948,3.825);
#6085=CIRCLE('',#13949,3.825);
#6086=CIRCLE('',#13950,3.825);
#6087=CIRCLE('',#13953,1.6);
#6088=CIRCLE('',#13954,2.);
#6089=CIRCLE('',#13955,2.);
#6090=CIRCLE('',#13959,2.);
#6091=CIRCLE('',#13964,2.);
#6092=CIRCLE('',#14229,1.6);
#6093=CIRCLE('',#14312,6.69615242270663);
#6094=CIRCLE('',#14315,7.5);
#6095=CIRCLE('',#14318,6.69615242270663);
#6096=CIRCLE('',#14321,7.5);
#6097=CIRCLE('',#14324,4.44499877899015);
#6098=CIRCLE('',#14325,4.44499877899015);
#6099=CIRCLE('',#14326,4.44499877899001);
#6100=CIRCLE('',#14327,4.44499877900017);
#6101=CIRCLE('',#14328,1.6);
#6102=CIRCLE('',#14329,1.6);
#6103=CIRCLE('',#14330,1.6);
#6104=CIRCLE('',#14331,1.6);
#6105=CIRCLE('',#14332,3.825);
#6106=CIRCLE('',#14336,6.69615242270663);
#6107=CIRCLE('',#14338,7.5);
#6108=CIRCLE('',#14342,6.69615242270663);
#6109=CIRCLE('',#14344,7.5);
#6110=CIRCLE('',#14352,3.825);
#6111=CIRCLE('',#14542,6.44499877898995);
#6112=CIRCLE('',#14544,6.4449987789901);
#6113=CIRCLE('',#14547,6.44499877899009);
#6114=CIRCLE('',#14550,6.44499877900011);
#6115=CIRCLE('',#14556,1.6);
#6116=CIRCLE('',#14564,1.6);
#6117=CIRCLE('',#14566,1.6);
#6118=CIRCLE('',#14576,1.6);
#6119=CIRCLE('',#14602,6.44499877898995);
#6120=CIRCLE('',#14605,6.44499877900011);
#6121=CIRCLE('',#14608,6.44499877899009);
#6122=CIRCLE('',#14611,6.4449987789901);
#6123=(
BOUNDED_CURVE()
B_SPLINE_CURVE(2,(#18009,#18010,#18011),.UNSPECIFIED.,.F.,.F.)
B_SPLINE_CURVE_WITH_KNOTS((3,3),(1.46548302230085E-9,0.108137317199111),
 .UNSPECIFIED.)
CURVE()
GEOMETRIC_REPRESENTATION_ITEM()
RATIONAL_B_SPLINE_CURVE((1.00000000001643,1.00060633346297,1.0007916650901))
REPRESENTATION_ITEM('')
);
#6124=(
BOUNDED_CURVE()
B_SPLINE_CURVE(2,(#18015,#18016,#18017),.UNSPECIFIED.,.F.,.F.)
B_SPLINE_CURVE_WITH_KNOTS((3,3),(0.203344813961891,0.31148212969552),
 .UNSPECIFIED.)
CURVE()
GEOMETRIC_REPRESENTATION_ITEM()
RATIONAL_B_SPLINE_CURVE((1.0007916650901,1.00060633346297,1.00000000001643))
REPRESENTATION_ITEM('')
);
#6125=(
BOUNDED_CURVE()
B_SPLINE_CURVE(2,(#18028,#18029,#18030),.UNSPECIFIED.,.F.,.F.)
B_SPLINE_CURVE_WITH_KNOTS((3,3),(0.,0.108137315879544),.UNSPECIFIED.)
CURVE()
GEOMETRIC_REPRESENTATION_ITEM()
RATIONAL_B_SPLINE_CURVE((1.,1.00060633346059,1.00079166510128))
REPRESENTATION_ITEM('')
);
#6126=(
BOUNDED_CURVE()
B_SPLINE_CURVE(2,(#18034,#18035,#18036),.UNSPECIFIED.,.F.,.F.)
B_SPLINE_CURVE_WITH_KNOTS((3,3),(0.203344819623916,0.31148213550345),
 .UNSPECIFIED.)
CURVE()
GEOMETRIC_REPRESENTATION_ITEM()
RATIONAL_B_SPLINE_CURVE((1.00079166510106,1.00060633346042,1.))
REPRESENTATION_ITEM('')
);
#6127=(
BOUNDED_CURVE()
B_SPLINE_CURVE(2,(#18089,#18090,#18091),.UNSPECIFIED.,.F.,.F.)
B_SPLINE_CURVE_WITH_KNOTS((3,3),(0.,0.103852463121917),.UNSPECIFIED.)
CURVE()
GEOMETRIC_REPRESENTATION_ITEM()
RATIONAL_B_SPLINE_CURVE((1.,1.00021049594119,1.))
REPRESENTATION_ITEM('')
);
#6128=(
BOUNDED_CURVE()
B_SPLINE_CURVE(2,(#18095,#18096,#18097),.UNSPECIFIED.,.F.,.F.)
B_SPLINE_CURVE_WITH_KNOTS((3,3),(0.,0.103852463121917),.UNSPECIFIED.)
CURVE()
GEOMETRIC_REPRESENTATION_ITEM()
RATIONAL_B_SPLINE_CURVE((1.,1.00021049592034,1.))
REPRESENTATION_ITEM('')
);
#6129=(
BOUNDED_CURVE()
B_SPLINE_CURVE(2,(#18108,#18109,#18110),.UNSPECIFIED.,.F.,.F.)
B_SPLINE_CURVE_WITH_KNOTS((3,3),(0.,0.10385246356903),.UNSPECIFIED.)
CURVE()
GEOMETRIC_REPRESENTATION_ITEM()
RATIONAL_B_SPLINE_CURVE((1.,1.00021049582322,1.))
REPRESENTATION_ITEM('')
);
#6130=(
BOUNDED_CURVE()
B_SPLINE_CURVE(2,(#18114,#18115,#18116),.UNSPECIFIED.,.F.,.F.)
B_SPLINE_CURVE_WITH_KNOTS((3,3),(0.,0.10385246356903),.UNSPECIFIED.)
CURVE()
GEOMETRIC_REPRESENTATION_ITEM()
RATIONAL_B_SPLINE_CURVE((1.,1.00021049582322,1.))
REPRESENTATION_ITEM('')
);
#6131=(
BOUNDED_CURVE()
B_SPLINE_CURVE(2,(#20441,#20442,#20443),.UNSPECIFIED.,.F.,.F.)
B_SPLINE_CURVE_WITH_KNOTS((3,3),(0.,0.10385246312263),.UNSPECIFIED.)
CURVE()
GEOMETRIC_REPRESENTATION_ITEM()
RATIONAL_B_SPLINE_CURVE((1.,1.00021049595566,1.))
REPRESENTATION_ITEM('')
);
#6132=(
BOUNDED_CURVE()
B_SPLINE_CURVE(2,(#20450,#20451,#20452),.UNSPECIFIED.,.F.,.F.)
B_SPLINE_CURVE_WITH_KNOTS((3,3),(0.,0.10385246312263),.UNSPECIFIED.)
CURVE()
GEOMETRIC_REPRESENTATION_ITEM()
RATIONAL_B_SPLINE_CURVE((1.,1.00021049617669,1.))
REPRESENTATION_ITEM('')
);
#6133=(
BOUNDED_CURVE()
B_SPLINE_CURVE(2,(#20460,#20461,#20462),.UNSPECIFIED.,.F.,.F.)
B_SPLINE_CURVE_WITH_KNOTS((3,3),(0.,0.103852463122458),.UNSPECIFIED.)
CURVE()
GEOMETRIC_REPRESENTATION_ITEM()
RATIONAL_B_SPLINE_CURVE((1.,1.00021049652426,1.))
REPRESENTATION_ITEM('')
);
#6134=(
BOUNDED_CURVE()
B_SPLINE_CURVE(2,(#20469,#20470,#20471),.UNSPECIFIED.,.F.,.F.)
B_SPLINE_CURVE_WITH_KNOTS((3,3),(0.,0.103852463122458),.UNSPECIFIED.)
CURVE()
GEOMETRIC_REPRESENTATION_ITEM()
RATIONAL_B_SPLINE_CURVE((1.,1.00021049601791,1.))
REPRESENTATION_ITEM('')
);
#6135=(
BOUNDED_CURVE()
B_SPLINE_CURVE(2,(#20484,#20485,#20486),.UNSPECIFIED.,.F.,.F.)
B_SPLINE_CURVE_WITH_KNOTS((3,3),(0.,0.103852463121953),.UNSPECIFIED.)
CURVE()
GEOMETRIC_REPRESENTATION_ITEM()
RATIONAL_B_SPLINE_CURVE((1.,1.0002104960361,1.))
REPRESENTATION_ITEM('')
);
#6136=(
BOUNDED_CURVE()
B_SPLINE_CURVE(2,(#20490,#20491,#20492),.UNSPECIFIED.,.F.,.F.)
B_SPLINE_CURVE_WITH_KNOTS((3,3),(0.,0.103852463121953),.UNSPECIFIED.)
CURVE()
GEOMETRIC_REPRESENTATION_ITEM()
RATIONAL_B_SPLINE_CURVE((1.,1.00021049584929,1.))
REPRESENTATION_ITEM('')
);
#6137=(
BOUNDED_CURVE()
B_SPLINE_CURVE(2,(#20496,#20497,#20498),.UNSPECIFIED.,.F.,.F.)
B_SPLINE_CURVE_WITH_KNOTS((3,3),(0.,0.103852463121959),.UNSPECIFIED.)
CURVE()
GEOMETRIC_REPRESENTATION_ITEM()
RATIONAL_B_SPLINE_CURVE((1.,1.00021049613579,1.))
REPRESENTATION_ITEM('')
);
#6138=(
BOUNDED_CURVE()
B_SPLINE_CURVE(2,(#20502,#20503,#20504),.UNSPECIFIED.,.F.,.F.)
B_SPLINE_CURVE_WITH_KNOTS((3,3),(0.,0.103852463121959),.UNSPECIFIED.)
CURVE()
GEOMETRIC_REPRESENTATION_ITEM()
RATIONAL_B_SPLINE_CURVE((1.,1.00021049588363,1.))
REPRESENTATION_ITEM('')
);
#6139=ELLIPSE('',#13831,11.4270252158571,7.78466136976532);
#6140=ELLIPSE('',#13833,11.4270252158571,7.78466136976532);
#6141=ELLIPSE('',#13837,11.4270252158571,7.78466136976532);
#6142=ELLIPSE('',#13839,11.4270252158571,7.78466136976532);
#6143=ELLIPSE('',#13849,11.4270252158571,7.78466136976532);
#6144=ELLIPSE('',#13851,11.4270252158571,7.78466136976532);
#6145=ELLIPSE('',#13855,11.4270252158571,7.78466136976532);
#6146=ELLIPSE('',#13857,11.4270252158571,7.78466136976532);
#6147=ELLIPSE('',#14314,11.427025215856,7.78466136976462);
#6148=ELLIPSE('',#14316,11.427025215856,7.78466136976462);
#6149=ELLIPSE('',#14320,11.427025215858,7.78466136976599);
#6150=ELLIPSE('',#14322,11.427025215858,7.78466136976599);
#6151=ELLIPSE('',#14337,11.427025215857,7.78466136976533);
#6152=ELLIPSE('',#14339,11.427025215857,7.78466136976533);
#6153=ELLIPSE('',#14343,11.427025215857,7.78466136976533);
#6154=ELLIPSE('',#14345,11.427025215857,7.78466136976533);
#6155=VERTEX_POINT('',#18005);
#6156=VERTEX_POINT('',#18006);
#6157=VERTEX_POINT('',#18008);
#6158=VERTEX_POINT('',#18012);
#6159=VERTEX_POINT('',#18014);
#6160=VERTEX_POINT('',#18018);
#6161=VERTEX_POINT('',#18024);
#6162=VERTEX_POINT('',#18025);
#6163=VERTEX_POINT('',#18027);
#6164=VERTEX_POINT('',#18031);
#6165=VERTEX_POINT('',#18033);
#6166=VERTEX_POINT('',#18037);
#6167=VERTEX_POINT('',#18043);
#6168=VERTEX_POINT('',#18045);
#6169=VERTEX_POINT('',#18047);
#6170=VERTEX_POINT('',#18049);
#6171=VERTEX_POINT('',#18053);
#6172=VERTEX_POINT('',#18057);
#6173=VERTEX_POINT('',#18061);
#6174=VERTEX_POINT('',#18063);
#6175=VERTEX_POINT('',#18065);
#6176=VERTEX_POINT('',#18067);
#6177=VERTEX_POINT('',#18071);
#6178=VERTEX_POINT('',#18073);
#6179=VERTEX_POINT('',#18075);
#6180=VERTEX_POINT('',#18077);
#6181=VERTEX_POINT('',#18081);
#6182=VERTEX_POINT('',#18085);
#6183=VERTEX_POINT('',#18086);
#6184=VERTEX_POINT('',#18088);
#6185=VERTEX_POINT('',#18092);
#6186=VERTEX_POINT('',#18094);
#6187=VERTEX_POINT('',#18098);
#6188=VERTEX_POINT('',#18104);
#6189=VERTEX_POINT('',#18105);
#6190=VERTEX_POINT('',#18107);
#6191=VERTEX_POINT('',#18111);
#6192=VERTEX_POINT('',#18113);
#6193=VERTEX_POINT('',#18117);
#6194=VERTEX_POINT('',#18123);
#6195=VERTEX_POINT('',#18125);
#6196=VERTEX_POINT('',#18127);
#6197=VERTEX_POINT('',#18129);
#6198=VERTEX_POINT('',#18134);
#6199=VERTEX_POINT('',#18138);
#6200=VERTEX_POINT('',#18144);
#6201=VERTEX_POINT('',#18145);
#6202=VERTEX_POINT('',#18147);
#6203=VERTEX_POINT('',#18149);
#6204=VERTEX_POINT('',#18153);
#6205=VERTEX_POINT('',#18155);
#6206=VERTEX_POINT('',#18159);
#6207=VERTEX_POINT('',#18161);
#6208=VERTEX_POINT('',#18165);
#6209=VERTEX_POINT('',#18167);
#6210=VERTEX_POINT('',#18171);
#6211=VERTEX_POINT('',#18173);
#6212=VERTEX_POINT('',#18177);
#6213=VERTEX_POINT('',#18179);
#6214=VERTEX_POINT('',#18183);
#6215=VERTEX_POINT('',#18185);
#6216=VERTEX_POINT('',#18189);
#6217=VERTEX_POINT('',#18191);
#6218=VERTEX_POINT('',#18195);
#6219=VERTEX_POINT('',#18197);
#6220=VERTEX_POINT('',#18201);
#6221=VERTEX_POINT('',#18203);
#6222=VERTEX_POINT('',#18207);
#6223=VERTEX_POINT('',#18209);
#6224=VERTEX_POINT('',#18217);
#6225=VERTEX_POINT('',#18218);
#6226=VERTEX_POINT('',#18220);
#6227=VERTEX_POINT('',#18222);
#6228=VERTEX_POINT('',#18226);
#6229=VERTEX_POINT('',#18228);
#6230=VERTEX_POINT('',#18232);
#6231=VERTEX_POINT('',#18234);
#6232=VERTEX_POINT('',#18238);
#6233=VERTEX_POINT('',#18240);
#6234=VERTEX_POINT('',#18244);
#6235=VERTEX_POINT('',#18246);
#6236=VERTEX_POINT('',#18250);
#6237=VERTEX_POINT('',#18252);
#6238=VERTEX_POINT('',#18256);
#6239=VERTEX_POINT('',#18258);
#6240=VERTEX_POINT('',#18262);
#6241=VERTEX_POINT('',#18264);
#6242=VERTEX_POINT('',#18268);
#6243=VERTEX_POINT('',#18270);
#6244=VERTEX_POINT('',#18274);
#6245=VERTEX_POINT('',#18276);
#6246=VERTEX_POINT('',#18280);
#6247=VERTEX_POINT('',#18282);
#6248=VERTEX_POINT('',#18290);
#6249=VERTEX_POINT('',#18291);
#6250=VERTEX_POINT('',#18293);
#6251=VERTEX_POINT('',#18295);
#6252=VERTEX_POINT('',#18299);
#6253=VERTEX_POINT('',#18301);
#6254=VERTEX_POINT('',#18305);
#6255=VERTEX_POINT('',#18307);
#6256=VERTEX_POINT('',#18311);
#6257=VERTEX_POINT('',#18313);
#6258=VERTEX_POINT('',#18317);
#6259=VERTEX_POINT('',#18319);
#6260=VERTEX_POINT('',#18323);
#6261=VERTEX_POINT('',#18325);
#6262=VERTEX_POINT('',#18329);
#6263=VERTEX_POINT('',#18331);
#6264=VERTEX_POINT('',#18335);
#6265=VERTEX_POINT('',#18337);
#6266=VERTEX_POINT('',#18341);
#6267=VERTEX_POINT('',#18343);
#6268=VERTEX_POINT('',#18347);
#6269=VERTEX_POINT('',#18349);
#6270=VERTEX_POINT('',#18353);
#6271=VERTEX_POINT('',#18355);
#6272=VERTEX_POINT('',#18363);
#6273=VERTEX_POINT('',#18364);
#6274=VERTEX_POINT('',#18366);
#6275=VERTEX_POINT('',#18368);
#6276=VERTEX_POINT('',#18372);
#6277=VERTEX_POINT('',#18374);
#6278=VERTEX_POINT('',#18378);
#6279=VERTEX_POINT('',#18380);
#6280=VERTEX_POINT('',#18384);
#6281=VERTEX_POINT('',#18386);
#6282=VERTEX_POINT('',#18390);
#6283=VERTEX_POINT('',#18392);
#6284=VERTEX_POINT('',#18396);
#6285=VERTEX_POINT('',#18398);
#6286=VERTEX_POINT('',#18402);
#6287=VERTEX_POINT('',#18404);
#6288=VERTEX_POINT('',#18408);
#6289=VERTEX_POINT('',#18410);
#6290=VERTEX_POINT('',#18414);
#6291=VERTEX_POINT('',#18416);
#6292=VERTEX_POINT('',#18420);
#6293=VERTEX_POINT('',#18422);
#6294=VERTEX_POINT('',#18426);
#6295=VERTEX_POINT('',#18428);
#6296=VERTEX_POINT('',#18436);
#6297=VERTEX_POINT('',#18437);
#6298=VERTEX_POINT('',#18439);
#6299=VERTEX_POINT('',#18441);
#6300=VERTEX_POINT('',#18445);
#6301=VERTEX_POINT('',#18447);
#6302=VERTEX_POINT('',#18451);
#6303=VERTEX_POINT('',#18453);
#6304=VERTEX_POINT('',#18457);
#6305=VERTEX_POINT('',#18459);
#6306=VERTEX_POINT('',#18463);
#6307=VERTEX_POINT('',#18465);
#6308=VERTEX_POINT('',#18469);
#6309=VERTEX_POINT('',#18471);
#6310=VERTEX_POINT('',#18475);
#6311=VERTEX_POINT('',#18477);
#6312=VERTEX_POINT('',#18481);
#6313=VERTEX_POINT('',#18483);
#6314=VERTEX_POINT('',#18487);
#6315=VERTEX_POINT('',#18489);
#6316=VERTEX_POINT('',#18493);
#6317=VERTEX_POINT('',#18495);
#6318=VERTEX_POINT('',#18499);
#6319=VERTEX_POINT('',#18501);
#6320=VERTEX_POINT('',#18509);
#6321=VERTEX_POINT('',#18510);
#6322=VERTEX_POINT('',#18512);
#6323=VERTEX_POINT('',#18514);
#6324=VERTEX_POINT('',#18518);
#6325=VERTEX_POINT('',#18520);
#6326=VERTEX_POINT('',#18524);
#6327=VERTEX_POINT('',#18526);
#6328=VERTEX_POINT('',#18530);
#6329=VERTEX_POINT('',#18532);
#6330=VERTEX_POINT('',#18536);
#6331=VERTEX_POINT('',#18538);
#6332=VERTEX_POINT('',#18542);
#6333=VERTEX_POINT('',#18544);
#6334=VERTEX_POINT('',#18548);
#6335=VERTEX_POINT('',#18550);
#6336=VERTEX_POINT('',#18554);
#6337=VERTEX_POINT('',#18556);
#6338=VERTEX_POINT('',#18560);
#6339=VERTEX_POINT('',#18562);
#6340=VERTEX_POINT('',#18566);
#6341=VERTEX_POINT('',#18568);
#6342=VERTEX_POINT('',#18572);
#6343=VERTEX_POINT('',#18574);
#6344=VERTEX_POINT('',#18582);
#6345=VERTEX_POINT('',#18584);
#6346=VERTEX_POINT('',#18589);
#6347=VERTEX_POINT('',#18590);
#6348=VERTEX_POINT('',#18592);
#6349=VERTEX_POINT('',#18594);
#6350=VERTEX_POINT('',#18596);
#6351=VERTEX_POINT('',#18598);
#6352=VERTEX_POINT('',#18604);
#6353=VERTEX_POINT('',#18606);
#6354=VERTEX_POINT('',#18608);
#6355=VERTEX_POINT('',#18610);
#6356=VERTEX_POINT('',#18612);
#6357=VERTEX_POINT('',#18614);
#6358=VERTEX_POINT('',#18616);
#6359=VERTEX_POINT('',#18618);
#6360=VERTEX_POINT('',#18620);
#6361=VERTEX_POINT('',#18622);
#6362=VERTEX_POINT('',#18624);
#6363=VERTEX_POINT('',#18626);
#6364=VERTEX_POINT('',#18628);
#6365=VERTEX_POINT('',#18630);
#6366=VERTEX_POINT('',#18632);
#6367=VERTEX_POINT('',#18634);
#6368=VERTEX_POINT('',#18636);
#6369=VERTEX_POINT('',#18638);
#6370=VERTEX_POINT('',#18640);
#6371=VERTEX_POINT('',#18642);
#6372=VERTEX_POINT('',#18644);
#6373=VERTEX_POINT('',#18646);
#6374=VERTEX_POINT('',#18648);
#6375=VERTEX_POINT('',#18650);
#6376=VERTEX_POINT('',#18652);
#6377=VERTEX_POINT('',#18654);
#6378=VERTEX_POINT('',#18656);
#6379=VERTEX_POINT('',#18658);
#6380=VERTEX_POINT('',#18660);
#6381=VERTEX_POINT('',#18662);
#6382=VERTEX_POINT('',#18664);
#6383=VERTEX_POINT('',#18666);
#6384=VERTEX_POINT('',#18668);
#6385=VERTEX_POINT('',#18670);
#6386=VERTEX_POINT('',#18672);
#6387=VERTEX_POINT('',#18674);
#6388=VERTEX_POINT('',#18676);
#6389=VERTEX_POINT('',#18678);
#6390=VERTEX_POINT('',#18680);
#6391=VERTEX_POINT('',#18682);
#6392=VERTEX_POINT('',#18684);
#6393=VERTEX_POINT('',#18686);
#6394=VERTEX_POINT('',#18688);
#6395=VERTEX_POINT('',#18690);
#6396=VERTEX_POINT('',#18692);
#6397=VERTEX_POINT('',#18694);
#6398=VERTEX_POINT('',#18697);
#6399=VERTEX_POINT('',#18699);
#6400=VERTEX_POINT('',#18701);
#6401=VERTEX_POINT('',#18703);
#6402=VERTEX_POINT('',#18705);
#6403=VERTEX_POINT('',#18707);
#6404=VERTEX_POINT('',#18709);
#6405=VERTEX_POINT('',#18711);
#6406=VERTEX_POINT('',#18713);
#6407=VERTEX_POINT('',#18715);
#6408=VERTEX_POINT('',#18717);
#6409=VERTEX_POINT('',#18719);
#6410=VERTEX_POINT('',#18721);
#6411=VERTEX_POINT('',#18723);
#6412=VERTEX_POINT('',#18725);
#6413=VERTEX_POINT('',#18727);
#6414=VERTEX_POINT('',#18729);
#6415=VERTEX_POINT('',#18731);
#6416=VERTEX_POINT('',#18733);
#6417=VERTEX_POINT('',#18735);
#6418=VERTEX_POINT('',#18737);
#6419=VERTEX_POINT('',#18739);
#6420=VERTEX_POINT('',#18742);
#6421=VERTEX_POINT('',#18744);
#6422=VERTEX_POINT('',#18746);
#6423=VERTEX_POINT('',#18748);
#6424=VERTEX_POINT('',#18750);
#6425=VERTEX_POINT('',#18752);
#6426=VERTEX_POINT('',#18754);
#6427=VERTEX_POINT('',#18756);
#6428=VERTEX_POINT('',#18758);
#6429=VERTEX_POINT('',#18760);
#6430=VERTEX_POINT('',#18762);
#6431=VERTEX_POINT('',#18764);
#6432=VERTEX_POINT('',#18766);
#6433=VERTEX_POINT('',#18768);
#6434=VERTEX_POINT('',#18770);
#6435=VERTEX_POINT('',#18772);
#6436=VERTEX_POINT('',#18774);
#6437=VERTEX_POINT('',#18776);
#6438=VERTEX_POINT('',#18778);
#6439=VERTEX_POINT('',#18780);
#6440=VERTEX_POINT('',#18782);
#6441=VERTEX_POINT('',#18784);
#6442=VERTEX_POINT('',#18787);
#6443=VERTEX_POINT('',#18789);
#6444=VERTEX_POINT('',#18790);
#6445=VERTEX_POINT('',#18792);
#6446=VERTEX_POINT('',#18794);
#6447=VERTEX_POINT('',#18797);
#6448=VERTEX_POINT('',#18798);
#6449=VERTEX_POINT('',#18800);
#6450=VERTEX_POINT('',#18802);
#6451=VERTEX_POINT('',#18805);
#6452=VERTEX_POINT('',#18806);
#6453=VERTEX_POINT('',#18808);
#6454=VERTEX_POINT('',#18810);
#6455=VERTEX_POINT('',#18813);
#6456=VERTEX_POINT('',#18814);
#6457=VERTEX_POINT('',#18816);
#6458=VERTEX_POINT('',#18818);
#6459=VERTEX_POINT('',#18821);
#6460=VERTEX_POINT('',#18822);
#6461=VERTEX_POINT('',#18824);
#6462=VERTEX_POINT('',#18826);
#6463=VERTEX_POINT('',#18829);
#6464=VERTEX_POINT('',#18830);
#6465=VERTEX_POINT('',#18832);
#6466=VERTEX_POINT('',#18834);
#6467=VERTEX_POINT('',#18837);
#6468=VERTEX_POINT('',#18838);
#6469=VERTEX_POINT('',#18840);
#6470=VERTEX_POINT('',#18842);
#6471=VERTEX_POINT('',#18845);
#6472=VERTEX_POINT('',#18846);
#6473=VERTEX_POINT('',#18848);
#6474=VERTEX_POINT('',#18850);
#6475=VERTEX_POINT('',#18853);
#6476=VERTEX_POINT('',#18854);
#6477=VERTEX_POINT('',#18856);
#6478=VERTEX_POINT('',#18858);
#6479=VERTEX_POINT('',#18861);
#6480=VERTEX_POINT('',#18862);
#6481=VERTEX_POINT('',#18864);
#6482=VERTEX_POINT('',#18866);
#6483=VERTEX_POINT('',#18869);
#6484=VERTEX_POINT('',#18870);
#6485=VERTEX_POINT('',#18872);
#6486=VERTEX_POINT('',#18874);
#6487=VERTEX_POINT('',#18877);
#6488=VERTEX_POINT('',#18878);
#6489=VERTEX_POINT('',#18880);
#6490=VERTEX_POINT('',#18882);
#6491=VERTEX_POINT('',#18885);
#6492=VERTEX_POINT('',#18886);
#6493=VERTEX_POINT('',#18888);
#6494=VERTEX_POINT('',#18890);
#6495=VERTEX_POINT('',#18893);
#6496=VERTEX_POINT('',#18894);
#6497=VERTEX_POINT('',#18896);
#6498=VERTEX_POINT('',#18898);
#6499=VERTEX_POINT('',#18901);
#6500=VERTEX_POINT('',#18903);
#6501=VERTEX_POINT('',#18905);
#6502=VERTEX_POINT('',#18907);
#6503=VERTEX_POINT('',#18910);
#6504=VERTEX_POINT('',#18911);
#6505=VERTEX_POINT('',#18913);
#6506=VERTEX_POINT('',#18915);
#6507=VERTEX_POINT('',#18918);
#6508=VERTEX_POINT('',#18919);
#6509=VERTEX_POINT('',#18921);
#6510=VERTEX_POINT('',#18923);
#6511=VERTEX_POINT('',#18926);
#6512=VERTEX_POINT('',#18927);
#6513=VERTEX_POINT('',#18929);
#6514=VERTEX_POINT('',#18931);
#6515=VERTEX_POINT('',#18934);
#6516=VERTEX_POINT('',#18935);
#6517=VERTEX_POINT('',#18937);
#6518=VERTEX_POINT('',#18939);
#6519=VERTEX_POINT('',#18942);
#6520=VERTEX_POINT('',#18943);
#6521=VERTEX_POINT('',#18945);
#6522=VERTEX_POINT('',#18947);
#6523=VERTEX_POINT('',#18949);
#6524=VERTEX_POINT('',#18951);
#6525=VERTEX_POINT('',#18955);
#6526=VERTEX_POINT('',#18959);
#6527=VERTEX_POINT('',#18961);
#6528=VERTEX_POINT('',#18965);
#6529=VERTEX_POINT('',#18969);
#6530=VERTEX_POINT('',#18973);
#6531=VERTEX_POINT('',#18977);
#6532=VERTEX_POINT('',#18984);
#6533=VERTEX_POINT('',#18986);
#6534=VERTEX_POINT('',#18990);
#6535=VERTEX_POINT('',#18994);
#6536=VERTEX_POINT('',#19000);
#6537=VERTEX_POINT('',#19001);
#6538=VERTEX_POINT('',#19003);
#6539=VERTEX_POINT('',#19005);
#6540=VERTEX_POINT('',#19009);
#6541=VERTEX_POINT('',#19011);
#6542=VERTEX_POINT('',#19015);
#6543=VERTEX_POINT('',#19019);
#6544=VERTEX_POINT('',#19025);
#6545=VERTEX_POINT('',#19026);
#6546=VERTEX_POINT('',#19028);
#6547=VERTEX_POINT('',#19030);
#6548=VERTEX_POINT('',#19034);
#6549=VERTEX_POINT('',#19036);
#6550=VERTEX_POINT('',#19040);
#6551=VERTEX_POINT('',#19044);
#6552=VERTEX_POINT('',#19046);
#6553=VERTEX_POINT('',#19050);
#6554=VERTEX_POINT('',#19054);
#6555=VERTEX_POINT('',#19056);
#6556=VERTEX_POINT('',#19060);
#6557=VERTEX_POINT('',#19064);
#6558=VERTEX_POINT('',#19070);
#6559=VERTEX_POINT('',#19071);
#6560=VERTEX_POINT('',#19073);
#6561=VERTEX_POINT('',#19075);
#6562=VERTEX_POINT('',#19079);
#6563=VERTEX_POINT('',#19081);
#6564=VERTEX_POINT('',#19085);
#6565=VERTEX_POINT('',#19089);
#6566=VERTEX_POINT('',#19095);
#6567=VERTEX_POINT('',#19096);
#6568=VERTEX_POINT('',#19098);
#6569=VERTEX_POINT('',#19100);
#6570=VERTEX_POINT('',#19104);
#6571=VERTEX_POINT('',#19106);
#6572=VERTEX_POINT('',#19110);
#6573=VERTEX_POINT('',#19114);
#6574=VERTEX_POINT('',#19116);
#6575=VERTEX_POINT('',#19120);
#6576=VERTEX_POINT('',#19124);
#6577=VERTEX_POINT('',#19128);
#6578=VERTEX_POINT('',#19132);
#6579=VERTEX_POINT('',#19138);
#6580=VERTEX_POINT('',#19139);
#6581=VERTEX_POINT('',#19141);
#6582=VERTEX_POINT('',#19143);
#6583=VERTEX_POINT('',#19147);
#6584=VERTEX_POINT('',#19149);
#6585=VERTEX_POINT('',#19153);
#6586=VERTEX_POINT('',#19157);
#6587=VERTEX_POINT('',#19159);
#6588=VERTEX_POINT('',#19163);
#6589=VERTEX_POINT('',#19167);
#6590=VERTEX_POINT('',#19173);
#6591=VERTEX_POINT('',#19174);
#6592=VERTEX_POINT('',#19176);
#6593=VERTEX_POINT('',#19178);
#6594=VERTEX_POINT('',#19182);
#6595=VERTEX_POINT('',#19184);
#6596=VERTEX_POINT('',#19188);
#6597=VERTEX_POINT('',#19192);
#6598=VERTEX_POINT('',#19198);
#6599=VERTEX_POINT('',#19199);
#6600=VERTEX_POINT('',#19201);
#6601=VERTEX_POINT('',#19203);
#6602=VERTEX_POINT('',#19207);
#6603=VERTEX_POINT('',#19209);
#6604=VERTEX_POINT('',#19213);
#6605=VERTEX_POINT('',#19217);
#6606=VERTEX_POINT('',#19223);
#6607=VERTEX_POINT('',#19224);
#6608=VERTEX_POINT('',#19226);
#6609=VERTEX_POINT('',#19228);
#6610=VERTEX_POINT('',#19232);
#6611=VERTEX_POINT('',#19234);
#6612=VERTEX_POINT('',#19238);
#6613=VERTEX_POINT('',#19242);
#6614=VERTEX_POINT('',#19248);
#6615=VERTEX_POINT('',#19249);
#6616=VERTEX_POINT('',#19251);
#6617=VERTEX_POINT('',#19253);
#6618=VERTEX_POINT('',#19257);
#6619=VERTEX_POINT('',#19259);
#6620=VERTEX_POINT('',#19263);
#6621=VERTEX_POINT('',#19267);
#6622=VERTEX_POINT('',#19273);
#6623=VERTEX_POINT('',#19274);
#6624=VERTEX_POINT('',#19276);
#6625=VERTEX_POINT('',#19278);
#6626=VERTEX_POINT('',#19282);
#6627=VERTEX_POINT('',#19284);
#6628=VERTEX_POINT('',#19288);
#6629=VERTEX_POINT('',#19292);
#6630=VERTEX_POINT('',#19298);
#6631=VERTEX_POINT('',#19299);
#6632=VERTEX_POINT('',#19301);
#6633=VERTEX_POINT('',#19303);
#6634=VERTEX_POINT('',#19307);
#6635=VERTEX_POINT('',#19309);
#6636=VERTEX_POINT('',#19313);
#6637=VERTEX_POINT('',#19317);
#6638=VERTEX_POINT('',#19323);
#6639=VERTEX_POINT('',#19324);
#6640=VERTEX_POINT('',#19326);
#6641=VERTEX_POINT('',#19328);
#6642=VERTEX_POINT('',#19332);
#6643=VERTEX_POINT('',#19334);
#6644=VERTEX_POINT('',#19338);
#6645=VERTEX_POINT('',#19342);
#6646=VERTEX_POINT('',#19348);
#6647=VERTEX_POINT('',#19349);
#6648=VERTEX_POINT('',#19351);
#6649=VERTEX_POINT('',#19353);
#6650=VERTEX_POINT('',#19357);
#6651=VERTEX_POINT('',#19359);
#6652=VERTEX_POINT('',#19363);
#6653=VERTEX_POINT('',#19367);
#6654=VERTEX_POINT('',#19373);
#6655=VERTEX_POINT('',#19374);
#6656=VERTEX_POINT('',#19376);
#6657=VERTEX_POINT('',#19378);
#6658=VERTEX_POINT('',#19382);
#6659=VERTEX_POINT('',#19384);
#6660=VERTEX_POINT('',#19388);
#6661=VERTEX_POINT('',#19392);
#6662=VERTEX_POINT('',#19398);
#6663=VERTEX_POINT('',#19399);
#6664=VERTEX_POINT('',#19401);
#6665=VERTEX_POINT('',#19403);
#6666=VERTEX_POINT('',#19407);
#6667=VERTEX_POINT('',#19409);
#6668=VERTEX_POINT('',#19413);
#6669=VERTEX_POINT('',#19417);
#6670=VERTEX_POINT('',#19423);
#6671=VERTEX_POINT('',#19424);
#6672=VERTEX_POINT('',#19426);
#6673=VERTEX_POINT('',#19428);
#6674=VERTEX_POINT('',#19432);
#6675=VERTEX_POINT('',#19434);
#6676=VERTEX_POINT('',#19438);
#6677=VERTEX_POINT('',#19442);
#6678=VERTEX_POINT('',#19448);
#6679=VERTEX_POINT('',#19449);
#6680=VERTEX_POINT('',#19451);
#6681=VERTEX_POINT('',#19453);
#6682=VERTEX_POINT('',#19457);
#6683=VERTEX_POINT('',#19459);
#6684=VERTEX_POINT('',#19463);
#6685=VERTEX_POINT('',#19467);
#6686=VERTEX_POINT('',#19473);
#6687=VERTEX_POINT('',#19474);
#6688=VERTEX_POINT('',#19476);
#6689=VERTEX_POINT('',#19478);
#6690=VERTEX_POINT('',#19482);
#6691=VERTEX_POINT('',#19484);
#6692=VERTEX_POINT('',#19488);
#6693=VERTEX_POINT('',#19492);
#6694=VERTEX_POINT('',#19498);
#6695=VERTEX_POINT('',#19499);
#6696=VERTEX_POINT('',#19501);
#6697=VERTEX_POINT('',#19503);
#6698=VERTEX_POINT('',#19507);
#6699=VERTEX_POINT('',#19509);
#6700=VERTEX_POINT('',#19513);
#6701=VERTEX_POINT('',#19517);
#6702=VERTEX_POINT('',#19519);
#6703=VERTEX_POINT('',#19523);
#6704=VERTEX_POINT('',#19527);
#6705=VERTEX_POINT('',#19529);
#6706=VERTEX_POINT('',#19533);
#6707=VERTEX_POINT('',#19537);
#6708=VERTEX_POINT('',#19539);
#6709=VERTEX_POINT('',#19543);
#6710=VERTEX_POINT('',#19547);
#6711=VERTEX_POINT('',#19549);
#6712=VERTEX_POINT('',#19553);
#6713=VERTEX_POINT('',#19557);
#6714=VERTEX_POINT('',#19559);
#6715=VERTEX_POINT('',#19563);
#6716=VERTEX_POINT('',#19567);
#6717=VERTEX_POINT('',#19569);
#6718=VERTEX_POINT('',#19573);
#6719=VERTEX_POINT('',#19577);
#6720=VERTEX_POINT('',#19579);
#6721=VERTEX_POINT('',#19583);
#6722=VERTEX_POINT('',#19587);
#6723=VERTEX_POINT('',#19589);
#6724=VERTEX_POINT('',#19593);
#6725=VERTEX_POINT('',#19597);
#6726=VERTEX_POINT('',#19599);
#6727=VERTEX_POINT('',#19603);
#6728=VERTEX_POINT('',#19607);
#6729=VERTEX_POINT('',#19609);
#6730=VERTEX_POINT('',#19613);
#6731=VERTEX_POINT('',#19617);
#6732=VERTEX_POINT('',#19619);
#6733=VERTEX_POINT('',#19623);
#6734=VERTEX_POINT('',#19627);
#6735=VERTEX_POINT('',#19629);
#6736=VERTEX_POINT('',#19633);
#6737=VERTEX_POINT('',#19637);
#6738=VERTEX_POINT('',#19639);
#6739=VERTEX_POINT('',#19643);
#6740=VERTEX_POINT('',#19647);
#6741=VERTEX_POINT('',#19648);
#6742=VERTEX_POINT('',#19650);
#6743=VERTEX_POINT('',#19652);
#6744=VERTEX_POINT('',#19655);
#6745=VERTEX_POINT('',#19657);
#6746=VERTEX_POINT('',#19659);
#6747=VERTEX_POINT('',#19661);
#6748=VERTEX_POINT('',#19665);
#6749=VERTEX_POINT('',#19669);
#6750=VERTEX_POINT('',#19673);
#6751=VERTEX_POINT('',#19677);
#6752=VERTEX_POINT('',#19681);
#6753=VERTEX_POINT('',#19685);
#6754=VERTEX_POINT('',#19689);
#6755=VERTEX_POINT('',#19693);
#6756=VERTEX_POINT('',#19697);
#6757=VERTEX_POINT('',#19701);
#6758=VERTEX_POINT('',#19705);
#6759=VERTEX_POINT('',#19709);
#6760=VERTEX_POINT('',#19713);
#6761=VERTEX_POINT('',#19717);
#6762=VERTEX_POINT('',#19721);
#6763=VERTEX_POINT('',#19725);
#6764=VERTEX_POINT('',#19729);
#6765=VERTEX_POINT('',#19733);
#6766=VERTEX_POINT('',#19737);
#6767=VERTEX_POINT('',#19741);
#6768=VERTEX_POINT('',#19745);
#6769=VERTEX_POINT('',#19749);
#6770=VERTEX_POINT('',#19753);
#6771=VERTEX_POINT('',#19757);
#6772=VERTEX_POINT('',#19759);
#6773=VERTEX_POINT('',#19761);
#6774=VERTEX_POINT('',#19763);
#6775=VERTEX_POINT('',#19765);
#6776=VERTEX_POINT('',#19767);
#6777=VERTEX_POINT('',#19771);
#6778=VERTEX_POINT('',#19776);
#6779=VERTEX_POINT('',#19779);
#6780=VERTEX_POINT('',#19781);
#6781=VERTEX_POINT('',#19785);
#6782=VERTEX_POINT('',#19787);
#6783=VERTEX_POINT('',#19791);
#6784=VERTEX_POINT('',#19796);
#6785=VERTEX_POINT('',#19798);
#6786=VERTEX_POINT('',#19800);
#6787=VERTEX_POINT('',#19802);
#6788=VERTEX_POINT('',#19812);
#6789=VERTEX_POINT('',#19816);
#6790=VERTEX_POINT('',#19820);
#6791=VERTEX_POINT('',#19824);
#6792=VERTEX_POINT('',#19828);
#6793=VERTEX_POINT('',#19832);
#6794=VERTEX_POINT('',#19836);
#6795=VERTEX_POINT('',#19840);
#6796=VERTEX_POINT('',#19844);
#6797=VERTEX_POINT('',#19848);
#6798=VERTEX_POINT('',#19852);
#6799=VERTEX_POINT('',#19856);
#6800=VERTEX_POINT('',#19860);
#6801=VERTEX_POINT('',#19864);
#6802=VERTEX_POINT('',#19868);
#6803=VERTEX_POINT('',#19872);
#6804=VERTEX_POINT('',#19876);
#6805=VERTEX_POINT('',#19880);
#6806=VERTEX_POINT('',#19884);
#6807=VERTEX_POINT('',#19888);
#6808=VERTEX_POINT('',#19892);
#6809=VERTEX_POINT('',#19896);
#6810=VERTEX_POINT('',#19902);
#6811=VERTEX_POINT('',#19906);
#6812=VERTEX_POINT('',#19910);
#6813=VERTEX_POINT('',#19914);
#6814=VERTEX_POINT('',#19918);
#6815=VERTEX_POINT('',#19922);
#6816=VERTEX_POINT('',#19926);
#6817=VERTEX_POINT('',#19930);
#6818=VERTEX_POINT('',#19934);
#6819=VERTEX_POINT('',#19938);
#6820=VERTEX_POINT('',#19942);
#6821=VERTEX_POINT('',#19946);
#6822=VERTEX_POINT('',#19950);
#6823=VERTEX_POINT('',#19954);
#6824=VERTEX_POINT('',#19958);
#6825=VERTEX_POINT('',#19962);
#6826=VERTEX_POINT('',#19966);
#6827=VERTEX_POINT('',#19970);
#6828=VERTEX_POINT('',#19974);
#6829=VERTEX_POINT('',#19978);
#6830=VERTEX_POINT('',#19982);
#6831=VERTEX_POINT('',#19986);
#6832=VERTEX_POINT('',#20021);
#6833=VERTEX_POINT('',#20027);
#6834=VERTEX_POINT('',#20033);
#6835=VERTEX_POINT('',#20039);
#6836=VERTEX_POINT('',#20045);
#6837=VERTEX_POINT('',#20051);
#6838=VERTEX_POINT('',#20057);
#6839=VERTEX_POINT('',#20063);
#6840=VERTEX_POINT('',#20069);
#6841=VERTEX_POINT('',#20075);
#6842=VERTEX_POINT('',#20081);
#6843=VERTEX_POINT('',#20087);
#6844=VERTEX_POINT('',#20093);
#6845=VERTEX_POINT('',#20099);
#6846=VERTEX_POINT('',#20105);
#6847=VERTEX_POINT('',#20111);
#6848=VERTEX_POINT('',#20117);
#6849=VERTEX_POINT('',#20123);
#6850=VERTEX_POINT('',#20127);
#6851=VERTEX_POINT('',#20133);
#6852=VERTEX_POINT('',#20139);
#6853=VERTEX_POINT('',#20143);
#6854=VERTEX_POINT('',#20147);
#6855=VERTEX_POINT('',#20151);
#6856=VERTEX_POINT('',#20155);
#6857=VERTEX_POINT('',#20159);
#6858=VERTEX_POINT('',#20163);
#6859=VERTEX_POINT('',#20167);
#6860=VERTEX_POINT('',#20171);
#6861=VERTEX_POINT('',#20175);
#6862=VERTEX_POINT('',#20179);
#6863=VERTEX_POINT('',#20183);
#6864=VERTEX_POINT('',#20187);
#6865=VERTEX_POINT('',#20191);
#6866=VERTEX_POINT('',#20195);
#6867=VERTEX_POINT('',#20199);
#6868=VERTEX_POINT('',#20203);
#6869=VERTEX_POINT('',#20207);
#6870=VERTEX_POINT('',#20211);
#6871=VERTEX_POINT('',#20215);
#6872=VERTEX_POINT('',#20219);
#6873=VERTEX_POINT('',#20223);
#6874=VERTEX_POINT('',#20229);
#6875=VERTEX_POINT('',#20233);
#6876=VERTEX_POINT('',#20237);
#6877=VERTEX_POINT('',#20241);
#6878=VERTEX_POINT('',#20245);
#6879=VERTEX_POINT('',#20249);
#6880=VERTEX_POINT('',#20253);
#6881=VERTEX_POINT('',#20257);
#6882=VERTEX_POINT('',#20261);
#6883=VERTEX_POINT('',#20265);
#6884=VERTEX_POINT('',#20269);
#6885=VERTEX_POINT('',#20273);
#6886=VERTEX_POINT('',#20277);
#6887=VERTEX_POINT('',#20281);
#6888=VERTEX_POINT('',#20285);
#6889=VERTEX_POINT('',#20289);
#6890=VERTEX_POINT('',#20293);
#6891=VERTEX_POINT('',#20297);
#6892=VERTEX_POINT('',#20301);
#6893=VERTEX_POINT('',#20305);
#6894=VERTEX_POINT('',#20309);
#6895=VERTEX_POINT('',#20313);
#6896=VERTEX_POINT('',#20319);
#6897=VERTEX_POINT('',#20323);
#6898=VERTEX_POINT('',#20327);
#6899=VERTEX_POINT('',#20331);
#6900=VERTEX_POINT('',#20335);
#6901=VERTEX_POINT('',#20339);
#6902=VERTEX_POINT('',#20343);
#6903=VERTEX_POINT('',#20347);
#6904=VERTEX_POINT('',#20351);
#6905=VERTEX_POINT('',#20355);
#6906=VERTEX_POINT('',#20359);
#6907=VERTEX_POINT('',#20363);
#6908=VERTEX_POINT('',#20367);
#6909=VERTEX_POINT('',#20371);
#6910=VERTEX_POINT('',#20375);
#6911=VERTEX_POINT('',#20379);
#6912=VERTEX_POINT('',#20383);
#6913=VERTEX_POINT('',#20387);
#6914=VERTEX_POINT('',#20391);
#6915=VERTEX_POINT('',#20395);
#6916=VERTEX_POINT('',#20399);
#6917=VERTEX_POINT('',#20403);
#6918=VERTEX_POINT('',#20407);
#6919=VERTEX_POINT('',#20411);
#6920=VERTEX_POINT('',#20415);
#6921=VERTEX_POINT('',#20419);
#6922=VERTEX_POINT('',#20423);
#6923=VERTEX_POINT('',#20427);
#6924=VERTEX_POINT('',#20435);
#6925=VERTEX_POINT('',#20436);
#6926=VERTEX_POINT('',#20440);
#6927=VERTEX_POINT('',#20444);
#6928=VERTEX_POINT('',#20446);
#6929=VERTEX_POINT('',#20448);
#6930=VERTEX_POINT('',#20454);
#6931=VERTEX_POINT('',#20455);
#6932=VERTEX_POINT('',#20459);
#6933=VERTEX_POINT('',#20463);
#6934=VERTEX_POINT('',#20465);
#6935=VERTEX_POINT('',#20467);
#6936=VERTEX_POINT('',#20473);
#6937=VERTEX_POINT('',#20475);
#6938=VERTEX_POINT('',#20477);
#6939=VERTEX_POINT('',#20479);
#6940=VERTEX_POINT('',#20481);
#6941=VERTEX_POINT('',#20483);
#6942=VERTEX_POINT('',#20487);
#6943=VERTEX_POINT('',#20489);
#6944=VERTEX_POINT('',#20493);
#6945=VERTEX_POINT('',#20495);
#6946=VERTEX_POINT('',#20499);
#6947=VERTEX_POINT('',#20501);
#6948=VERTEX_POINT('',#20505);
#6949=VERTEX_POINT('',#20507);
#6950=VERTEX_POINT('',#20509);
#6951=VERTEX_POINT('',#20511);
#6952=VERTEX_POINT('',#20515);
#6953=VERTEX_POINT('',#20517);
#6954=VERTEX_POINT('',#20519);
#6955=VERTEX_POINT('',#20521);
#6956=VERTEX_POINT('',#20523);
#6957=VERTEX_POINT('',#20524);
#6958=VERTEX_POINT('',#20526);
#6959=VERTEX_POINT('',#20528);
#6960=VERTEX_POINT('',#20531);
#6961=VERTEX_POINT('',#20532);
#6962=VERTEX_POINT('',#20534);
#6963=VERTEX_POINT('',#20536);
#6964=VERTEX_POINT('',#20539);
#6965=VERTEX_POINT('',#20540);
#6966=VERTEX_POINT('',#20542);
#6967=VERTEX_POINT('',#20544);
#6968=VERTEX_POINT('',#20547);
#6969=VERTEX_POINT('',#20548);
#6970=VERTEX_POINT('',#20550);
#6971=VERTEX_POINT('',#20552);
#6972=VERTEX_POINT('',#20555);
#6973=VERTEX_POINT('',#20556);
#6974=VERTEX_POINT('',#20558);
#6975=VERTEX_POINT('',#20560);
#6976=VERTEX_POINT('',#20563);
#6977=VERTEX_POINT('',#20564);
#6978=VERTEX_POINT('',#20566);
#6979=VERTEX_POINT('',#20568);
#6980=VERTEX_POINT('',#20571);
#6981=VERTEX_POINT('',#20572);
#6982=VERTEX_POINT('',#20574);
#6983=VERTEX_POINT('',#20576);
#6984=VERTEX_POINT('',#20579);
#6985=VERTEX_POINT('',#20580);
#6986=VERTEX_POINT('',#20582);
#6987=VERTEX_POINT('',#20584);
#6988=VERTEX_POINT('',#20587);
#6989=VERTEX_POINT('',#20588);
#6990=VERTEX_POINT('',#20590);
#6991=VERTEX_POINT('',#20592);
#6992=VERTEX_POINT('',#20595);
#6993=VERTEX_POINT('',#20596);
#6994=VERTEX_POINT('',#20598);
#6995=VERTEX_POINT('',#20600);
#6996=VERTEX_POINT('',#20603);
#6997=VERTEX_POINT('',#20604);
#6998=VERTEX_POINT('',#20606);
#6999=VERTEX_POINT('',#20608);
#7000=VERTEX_POINT('',#20611);
#7001=VERTEX_POINT('',#20612);
#7002=VERTEX_POINT('',#20614);
#7003=VERTEX_POINT('',#20616);
#7004=VERTEX_POINT('',#20619);
#7005=VERTEX_POINT('',#20620);
#7006=VERTEX_POINT('',#20622);
#7007=VERTEX_POINT('',#20624);
#7008=VERTEX_POINT('',#20627);
#7009=VERTEX_POINT('',#20628);
#7010=VERTEX_POINT('',#20630);
#7011=VERTEX_POINT('',#20632);
#7012=VERTEX_POINT('',#20635);
#7013=VERTEX_POINT('',#20636);
#7014=VERTEX_POINT('',#20638);
#7015=VERTEX_POINT('',#20640);
#7016=VERTEX_POINT('',#20643);
#7017=VERTEX_POINT('',#20644);
#7018=VERTEX_POINT('',#20646);
#7019=VERTEX_POINT('',#20648);
#7020=VERTEX_POINT('',#20651);
#7021=VERTEX_POINT('',#20652);
#7022=VERTEX_POINT('',#20654);
#7023=VERTEX_POINT('',#20656);
#7024=VERTEX_POINT('',#20659);
#7025=VERTEX_POINT('',#20660);
#7026=VERTEX_POINT('',#20662);
#7027=VERTEX_POINT('',#20664);
#7028=VERTEX_POINT('',#20667);
#7029=VERTEX_POINT('',#20668);
#7030=VERTEX_POINT('',#20670);
#7031=VERTEX_POINT('',#20672);
#7032=VERTEX_POINT('',#20675);
#7033=VERTEX_POINT('',#20676);
#7034=VERTEX_POINT('',#20678);
#7035=VERTEX_POINT('',#20680);
#7036=VERTEX_POINT('',#20683);
#7037=VERTEX_POINT('',#20684);
#7038=VERTEX_POINT('',#20686);
#7039=VERTEX_POINT('',#20688);
#7040=VERTEX_POINT('',#20691);
#7041=VERTEX_POINT('',#20692);
#7042=VERTEX_POINT('',#20694);
#7043=VERTEX_POINT('',#20696);
#7044=VERTEX_POINT('',#20698);
#7045=VERTEX_POINT('',#20700);
#7046=VERTEX_POINT('',#20702);
#7047=VERTEX_POINT('',#20704);
#7048=VERTEX_POINT('',#20706);
#7049=VERTEX_POINT('',#20708);
#7050=VERTEX_POINT('',#20710);
#7051=VERTEX_POINT('',#20712);
#7052=VERTEX_POINT('',#20715);
#7053=VERTEX_POINT('',#20716);
#7054=VERTEX_POINT('',#20718);
#7055=VERTEX_POINT('',#20720);
#7056=VERTEX_POINT('',#20722);
#7057=VERTEX_POINT('',#20724);
#7058=VERTEX_POINT('',#20726);
#7059=VERTEX_POINT('',#20728);
#7060=VERTEX_POINT('',#20730);
#7061=VERTEX_POINT('',#20732);
#7062=VERTEX_POINT('',#20734);
#7063=VERTEX_POINT('',#20736);
#7064=VERTEX_POINT('',#20739);
#7065=VERTEX_POINT('',#20740);
#7066=VERTEX_POINT('',#20742);
#7067=VERTEX_POINT('',#20744);
#7068=VERTEX_POINT('',#20746);
#7069=VERTEX_POINT('',#20748);
#7070=VERTEX_POINT('',#20750);
#7071=VERTEX_POINT('',#20752);
#7072=VERTEX_POINT('',#20754);
#7073=VERTEX_POINT('',#20756);
#7074=VERTEX_POINT('',#20758);
#7075=VERTEX_POINT('',#20760);
#7076=VERTEX_POINT('',#20763);
#7077=VERTEX_POINT('',#20766);
#7078=VERTEX_POINT('',#20770);
#7079=VERTEX_POINT('',#20775);
#7080=VERTEX_POINT('',#20777);
#7081=VERTEX_POINT('',#20783);
#7082=VERTEX_POINT('',#20785);
#7083=VERTEX_POINT('',#20790);
#7084=VERTEX_POINT('',#20792);
#7085=VERTEX_POINT('',#20794);
#7086=VERTEX_POINT('',#20796);
#7087=VERTEX_POINT('',#20806);
#7088=VERTEX_POINT('',#20811);
#7089=VERTEX_POINT('',#20813);
#7090=VERTEX_POINT('',#20817);
#7091=VERTEX_POINT('',#20821);
#7092=VERTEX_POINT('',#20825);
#7093=VERTEX_POINT('',#20829);
#7094=VERTEX_POINT('',#20833);
#7095=VERTEX_POINT('',#20837);
#7096=VERTEX_POINT('',#20841);
#7097=VERTEX_POINT('',#20845);
#7098=VERTEX_POINT('',#20849);
#7099=VERTEX_POINT('',#20853);
#7100=VERTEX_POINT('',#20860);
#7101=VERTEX_POINT('',#20862);
#7102=VERTEX_POINT('',#20866);
#7103=VERTEX_POINT('',#20870);
#7104=VERTEX_POINT('',#20874);
#7105=VERTEX_POINT('',#20878);
#7106=VERTEX_POINT('',#20882);
#7107=VERTEX_POINT('',#20886);
#7108=VERTEX_POINT('',#20890);
#7109=VERTEX_POINT('',#20894);
#7110=VERTEX_POINT('',#20898);
#7111=VERTEX_POINT('',#20902);
#7112=VERTEX_POINT('',#20909);
#7113=VERTEX_POINT('',#20911);
#7114=VERTEX_POINT('',#20915);
#7115=VERTEX_POINT('',#20919);
#7116=VERTEX_POINT('',#20923);
#7117=VERTEX_POINT('',#20927);
#7118=VERTEX_POINT('',#20931);
#7119=VERTEX_POINT('',#20935);
#7120=VERTEX_POINT('',#20939);
#7121=VERTEX_POINT('',#20943);
#7122=VERTEX_POINT('',#20947);
#7123=VERTEX_POINT('',#20951);
#7124=VERTEX_POINT('',#20958);
#7125=VERTEX_POINT('',#20960);
#7126=VERTEX_POINT('',#20964);
#7127=VERTEX_POINT('',#20968);
#7128=VERTEX_POINT('',#20974);
#7129=VERTEX_POINT('',#20975);
#7130=VERTEX_POINT('',#20977);
#7131=VERTEX_POINT('',#20979);
#7132=VERTEX_POINT('',#20983);
#7133=VERTEX_POINT('',#20985);
#7134=VERTEX_POINT('',#20989);
#7135=VERTEX_POINT('',#20993);
#7136=VERTEX_POINT('',#20999);
#7137=VERTEX_POINT('',#21000);
#7138=VERTEX_POINT('',#21002);
#7139=VERTEX_POINT('',#21004);
#7140=VERTEX_POINT('',#21008);
#7141=VERTEX_POINT('',#21010);
#7142=VERTEX_POINT('',#21014);
#7143=VERTEX_POINT('',#21018);
#7144=VERTEX_POINT('',#21024);
#7145=VERTEX_POINT('',#21025);
#7146=VERTEX_POINT('',#21027);
#7147=VERTEX_POINT('',#21029);
#7148=VERTEX_POINT('',#21033);
#7149=VERTEX_POINT('',#21035);
#7150=VERTEX_POINT('',#21039);
#7151=VERTEX_POINT('',#21043);
#7152=VERTEX_POINT('',#21045);
#7153=VERTEX_POINT('',#21049);
#7154=VERTEX_POINT('',#21053);
#7155=VERTEX_POINT('',#21055);
#7156=VERTEX_POINT('',#21059);
#7157=VERTEX_POINT('',#21063);
#7158=VERTEX_POINT('',#21065);
#7159=VERTEX_POINT('',#21069);
#7160=VERTEX_POINT('',#21073);
#7161=VERTEX_POINT('',#21079);
#7162=VERTEX_POINT('',#21080);
#7163=VERTEX_POINT('',#21082);
#7164=VERTEX_POINT('',#21084);
#7165=VERTEX_POINT('',#21088);
#7166=VERTEX_POINT('',#21090);
#7167=VERTEX_POINT('',#21094);
#7168=VERTEX_POINT('',#21098);
#7169=VERTEX_POINT('',#21100);
#7170=VERTEX_POINT('',#21104);
#7171=VERTEX_POINT('',#21108);
#7172=VERTEX_POINT('',#21114);
#7173=VERTEX_POINT('',#21115);
#7174=VERTEX_POINT('',#21117);
#7175=VERTEX_POINT('',#21119);
#7176=VERTEX_POINT('',#21123);
#7177=VERTEX_POINT('',#21125);
#7178=VERTEX_POINT('',#21129);
#7179=VERTEX_POINT('',#21133);
#7180=VERTEX_POINT('',#21139);
#7181=VERTEX_POINT('',#21140);
#7182=VERTEX_POINT('',#21142);
#7183=VERTEX_POINT('',#21144);
#7184=VERTEX_POINT('',#21148);
#7185=VERTEX_POINT('',#21150);
#7186=VERTEX_POINT('',#21154);
#7187=VERTEX_POINT('',#21158);
#7188=VERTEX_POINT('',#21164);
#7189=VERTEX_POINT('',#21165);
#7190=VERTEX_POINT('',#21167);
#7191=VERTEX_POINT('',#21169);
#7192=VERTEX_POINT('',#21173);
#7193=VERTEX_POINT('',#21175);
#7194=VERTEX_POINT('',#21179);
#7195=VERTEX_POINT('',#21183);
#7196=VERTEX_POINT('',#21189);
#7197=VERTEX_POINT('',#21190);
#7198=VERTEX_POINT('',#21192);
#7199=VERTEX_POINT('',#21194);
#7200=VERTEX_POINT('',#21198);
#7201=VERTEX_POINT('',#21200);
#7202=VERTEX_POINT('',#21204);
#7203=VERTEX_POINT('',#21208);
#7204=VERTEX_POINT('',#21214);
#7205=VERTEX_POINT('',#21215);
#7206=VERTEX_POINT('',#21217);
#7207=VERTEX_POINT('',#21219);
#7208=VERTEX_POINT('',#21223);
#7209=VERTEX_POINT('',#21225);
#7210=VERTEX_POINT('',#21229);
#7211=VERTEX_POINT('',#21233);
#7212=VERTEX_POINT('',#21239);
#7213=VERTEX_POINT('',#21240);
#7214=VERTEX_POINT('',#21242);
#7215=VERTEX_POINT('',#21244);
#7216=VERTEX_POINT('',#21248);
#7217=VERTEX_POINT('',#21250);
#7218=VERTEX_POINT('',#21254);
#7219=VERTEX_POINT('',#21258);
#7220=VERTEX_POINT('',#21264);
#7221=VERTEX_POINT('',#21265);
#7222=VERTEX_POINT('',#21267);
#7223=VERTEX_POINT('',#21269);
#7224=VERTEX_POINT('',#21273);
#7225=VERTEX_POINT('',#21275);
#7226=VERTEX_POINT('',#21279);
#7227=VERTEX_POINT('',#21283);
#7228=VERTEX_POINT('',#21289);
#7229=VERTEX_POINT('',#21290);
#7230=VERTEX_POINT('',#21292);
#7231=VERTEX_POINT('',#21294);
#7232=VERTEX_POINT('',#21298);
#7233=VERTEX_POINT('',#21300);
#7234=VERTEX_POINT('',#21304);
#7235=VERTEX_POINT('',#21308);
#7236=VERTEX_POINT('',#21314);
#7237=VERTEX_POINT('',#21315);
#7238=VERTEX_POINT('',#21317);
#7239=VERTEX_POINT('',#21319);
#7240=VERTEX_POINT('',#21323);
#7241=VERTEX_POINT('',#21325);
#7242=VERTEX_POINT('',#21329);
#7243=VERTEX_POINT('',#21333);
#7244=VERTEX_POINT('',#21339);
#7245=VERTEX_POINT('',#21340);
#7246=VERTEX_POINT('',#21342);
#7247=VERTEX_POINT('',#21344);
#7248=VERTEX_POINT('',#21348);
#7249=VERTEX_POINT('',#21350);
#7250=VERTEX_POINT('',#21354);
#7251=VERTEX_POINT('',#21358);
#7252=VERTEX_POINT('',#21364);
#7253=VERTEX_POINT('',#21365);
#7254=VERTEX_POINT('',#21367);
#7255=VERTEX_POINT('',#21369);
#7256=VERTEX_POINT('',#21373);
#7257=VERTEX_POINT('',#21375);
#7258=VERTEX_POINT('',#21379);
#7259=VERTEX_POINT('',#21383);
#7260=VERTEX_POINT('',#21389);
#7261=VERTEX_POINT('',#21390);
#7262=VERTEX_POINT('',#21392);
#7263=VERTEX_POINT('',#21394);
#7264=VERTEX_POINT('',#21398);
#7265=VERTEX_POINT('',#21400);
#7266=VERTEX_POINT('',#21404);
#7267=VERTEX_POINT('',#21408);
#7268=VERTEX_POINT('',#21414);
#7269=VERTEX_POINT('',#21415);
#7270=VERTEX_POINT('',#21417);
#7271=VERTEX_POINT('',#21419);
#7272=VERTEX_POINT('',#21423);
#7273=VERTEX_POINT('',#21425);
#7274=VERTEX_POINT('',#21429);
#7275=VERTEX_POINT('',#21433);
#7276=VERTEX_POINT('',#21439);
#7277=VERTEX_POINT('',#21440);
#7278=VERTEX_POINT('',#21442);
#7279=VERTEX_POINT('',#21444);
#7280=VERTEX_POINT('',#21448);
#7281=VERTEX_POINT('',#21450);
#7282=VERTEX_POINT('',#21454);
#7283=VERTEX_POINT('',#21458);
#7284=VERTEX_POINT('',#21460);
#7285=VERTEX_POINT('',#21464);
#7286=VERTEX_POINT('',#21468);
#7287=VERTEX_POINT('',#21470);
#7288=VERTEX_POINT('',#21474);
#7289=VERTEX_POINT('',#21478);
#7290=VERTEX_POINT('',#21480);
#7291=VERTEX_POINT('',#21484);
#7292=VERTEX_POINT('',#21488);
#7293=VERTEX_POINT('',#21490);
#7294=VERTEX_POINT('',#21494);
#7295=VERTEX_POINT('',#21498);
#7296=VERTEX_POINT('',#21500);
#7297=VERTEX_POINT('',#21504);
#7298=VERTEX_POINT('',#21508);
#7299=VERTEX_POINT('',#21510);
#7300=VERTEX_POINT('',#21514);
#7301=VERTEX_POINT('',#21518);
#7302=VERTEX_POINT('',#21520);
#7303=VERTEX_POINT('',#21524);
#7304=VERTEX_POINT('',#21528);
#7305=VERTEX_POINT('',#21530);
#7306=VERTEX_POINT('',#21534);
#7307=VERTEX_POINT('',#21538);
#7308=VERTEX_POINT('',#21540);
#7309=VERTEX_POINT('',#21544);
#7310=VERTEX_POINT('',#21548);
#7311=VERTEX_POINT('',#21550);
#7312=VERTEX_POINT('',#21554);
#7313=VERTEX_POINT('',#21558);
#7314=VERTEX_POINT('',#21560);
#7315=VERTEX_POINT('',#21564);
#7316=VERTEX_POINT('',#21568);
#7317=VERTEX_POINT('',#21570);
#7318=VERTEX_POINT('',#21574);
#7319=VERTEX_POINT('',#21578);
#7320=VERTEX_POINT('',#21580);
#7321=VERTEX_POINT('',#21584);
#7322=VERTEX_POINT('',#21588);
#7323=VERTEX_POINT('',#21590);
#7324=VERTEX_POINT('',#21594);
#7325=VERTEX_POINT('',#21598);
#7326=VERTEX_POINT('',#21604);
#7327=VERTEX_POINT('',#21605);
#7328=VERTEX_POINT('',#21607);
#7329=VERTEX_POINT('',#21609);
#7330=VERTEX_POINT('',#21613);
#7331=VERTEX_POINT('',#21615);
#7332=VERTEX_POINT('',#21619);
#7333=VERTEX_POINT('',#21623);
#7334=VERTEX_POINT('',#21629);
#7335=VERTEX_POINT('',#21630);
#7336=VERTEX_POINT('',#21632);
#7337=VERTEX_POINT('',#21634);
#7338=VERTEX_POINT('',#21638);
#7339=VERTEX_POINT('',#21640);
#7340=VERTEX_POINT('',#21644);
#7341=VERTEX_POINT('',#21648);
#7342=VERTEX_POINT('',#21654);
#7343=VERTEX_POINT('',#21655);
#7344=VERTEX_POINT('',#21657);
#7345=VERTEX_POINT('',#21659);
#7346=VERTEX_POINT('',#21663);
#7347=VERTEX_POINT('',#21665);
#7348=VERTEX_POINT('',#21669);
#7349=VERTEX_POINT('',#21673);
#7350=VERTEX_POINT('',#21675);
#7351=VERTEX_POINT('',#21679);
#7352=VERTEX_POINT('',#21683);
#7353=VERTEX_POINT('',#21685);
#7354=VERTEX_POINT('',#21689);
#7355=VERTEX_POINT('',#21693);
#7356=VERTEX_POINT('',#21695);
#7357=VERTEX_POINT('',#21701);
#7358=VERTEX_POINT('',#21705);
#7359=VERTEX_POINT('',#21715);
#7360=VERTEX_POINT('',#21721);
#7361=VERTEX_POINT('',#21727);
#7362=VERTEX_POINT('',#21731);
#7363=VERTEX_POINT('',#21737);
#7364=VERTEX_POINT('',#21743);
#7365=VERTEX_POINT('',#21749);
#7366=VERTEX_POINT('',#21753);
#7367=VERTEX_POINT('',#21757);
#7368=VERTEX_POINT('',#21763);
#7369=VERTEX_POINT('',#21769);
#7370=VERTEX_POINT('',#21775);
#7371=VERTEX_POINT('',#21781);
#7372=VERTEX_POINT('',#21785);
#7373=VERTEX_POINT('',#21791);
#7374=VERTEX_POINT('',#21797);
#7375=VERTEX_POINT('',#21803);
#7376=VERTEX_POINT('',#21809);
#7377=VERTEX_POINT('',#21815);
#7378=VERTEX_POINT('',#21821);
#7379=VERTEX_POINT('',#21827);
#7380=VERTEX_POINT('',#21833);
#7381=VERTEX_POINT('',#21839);
#7382=VERTEX_POINT('',#21845);
#7383=VERTEX_POINT('',#21851);
#7384=VERTEX_POINT('',#21857);
#7385=VERTEX_POINT('',#21861);
#7386=VERTEX_POINT('',#21865);
#7387=VERTEX_POINT('',#21869);
#7388=VERTEX_POINT('',#21873);
#7389=VERTEX_POINT('',#21877);
#7390=EDGE_CURVE('',#6155,#6156,#6139,.T.);
#7391=EDGE_CURVE('',#6157,#6155,#6123,.T.);
#7392=EDGE_CURVE('',#6157,#6158,#6073,.T.);
#7393=EDGE_CURVE('',#6159,#6158,#6124,.T.);
#7394=EDGE_CURVE('',#6160,#6159,#6140,.T.);
#7395=EDGE_CURVE('',#6156,#6160,#6074,.T.);
#7396=EDGE_CURVE('',#6158,#6157,#183,.T.);
#7397=EDGE_CURVE('',#6161,#6162,#6141,.T.);
#7398=EDGE_CURVE('',#6163,#6161,#6125,.T.);
#7399=EDGE_CURVE('',#6163,#6164,#6075,.T.);
#7400=EDGE_CURVE('',#6165,#6164,#6126,.T.);
#7401=EDGE_CURVE('',#6166,#6165,#6142,.T.);
#7402=EDGE_CURVE('',#6162,#6166,#6076,.T.);
#7403=EDGE_CURVE('',#6164,#6163,#184,.T.);
#7404=EDGE_CURVE('',#6167,#6160,#185,.T.);
#7405=EDGE_CURVE('',#6167,#6168,#186,.T.);
#7406=EDGE_CURVE('',#6169,#6168,#187,.T.);
#7407=EDGE_CURVE('',#6170,#6169,#188,.T.);
#7408=EDGE_CURVE('',#6156,#6170,#189,.T.);
#7409=EDGE_CURVE('',#6171,#6159,#190,.T.);
#7410=EDGE_CURVE('',#6167,#6171,#191,.T.);
#7411=EDGE_CURVE('',#6170,#6172,#192,.T.);
#7412=EDGE_CURVE('',#6155,#6172,#193,.T.);
#7413=EDGE_CURVE('',#6173,#6166,#194,.T.);
#7414=EDGE_CURVE('',#6174,#6173,#195,.T.);
#7415=EDGE_CURVE('',#6175,#6174,#196,.T.);
#7416=EDGE_CURVE('',#6176,#6175,#197,.T.);
#7417=EDGE_CURVE('',#6162,#6176,#198,.T.);
#7418=EDGE_CURVE('',#6177,#6165,#199,.T.);
#7419=EDGE_CURVE('',#6177,#6178,#200,.T.);
#7420=EDGE_CURVE('',#6178,#6179,#201,.T.);
#7421=EDGE_CURVE('',#6179,#6180,#202,.T.);
#7422=EDGE_CURVE('',#6180,#6173,#203,.T.);
#7423=EDGE_CURVE('',#6176,#6181,#204,.T.);
#7424=EDGE_CURVE('',#6161,#6181,#205,.T.);
#7425=EDGE_CURVE('',#6182,#6183,#6143,.T.);
#7426=EDGE_CURVE('',#6184,#6182,#6127,.T.);
#7427=EDGE_CURVE('',#6184,#6185,#6077,.T.);
#7428=EDGE_CURVE('',#6186,#6185,#6128,.T.);
#7429=EDGE_CURVE('',#6187,#6186,#6144,.T.);
#7430=EDGE_CURVE('',#6183,#6187,#6078,.T.);
#7431=EDGE_CURVE('',#6185,#6184,#206,.T.);
#7432=EDGE_CURVE('',#6188,#6189,#6145,.T.);
#7433=EDGE_CURVE('',#6190,#6188,#6129,.T.);
#7434=EDGE_CURVE('',#6190,#6191,#6079,.T.);
#7435=EDGE_CURVE('',#6192,#6191,#6130,.T.);
#7436=EDGE_CURVE('',#6193,#6192,#6146,.T.);
#7437=EDGE_CURVE('',#6189,#6193,#6080,.T.);
#7438=EDGE_CURVE('',#6191,#6190,#207,.T.);
#7439=EDGE_CURVE('',#6194,#6187,#208,.T.);
#7440=EDGE_CURVE('',#6194,#6195,#209,.T.);
#7441=EDGE_CURVE('',#6196,#6195,#210,.T.);
#7442=EDGE_CURVE('',#6197,#6196,#211,.T.);
#7443=EDGE_CURVE('',#6189,#6197,#212,.T.);
#7444=EDGE_CURVE('',#6183,#6193,#213,.T.);
#7445=EDGE_CURVE('',#6197,#6198,#214,.T.);
#7446=EDGE_CURVE('',#6188,#6198,#215,.T.);
#7447=EDGE_CURVE('',#6199,#6186,#216,.T.);
#7448=EDGE_CURVE('',#6194,#6199,#217,.T.);
#7449=EDGE_CURVE('',#6182,#6192,#218,.T.);
#7450=EDGE_CURVE('',#6200,#6201,#219,.T.);
#7451=EDGE_CURVE('',#6200,#6202,#220,.T.);
#7452=EDGE_CURVE('',#6202,#6203,#221,.T.);
#7453=EDGE_CURVE('',#6201,#6203,#222,.T.);
#7454=EDGE_CURVE('',#6204,#6200,#223,.T.);
#7455=EDGE_CURVE('',#6204,#6205,#224,.T.);
#7456=EDGE_CURVE('',#6205,#6202,#225,.T.);
#7457=EDGE_CURVE('',#6206,#6204,#226,.T.);
#7458=EDGE_CURVE('',#6206,#6207,#227,.T.);
#7459=EDGE_CURVE('',#6207,#6205,#228,.T.);
#7460=EDGE_CURVE('',#6208,#6206,#229,.T.);
#7461=EDGE_CURVE('',#6208,#6209,#230,.T.);
#7462=EDGE_CURVE('',#6209,#6207,#231,.T.);
#7463=EDGE_CURVE('',#6210,#6208,#232,.T.);
#7464=EDGE_CURVE('',#6210,#6211,#233,.T.);
#7465=EDGE_CURVE('',#6211,#6209,#234,.T.);
#7466=EDGE_CURVE('',#6212,#6210,#235,.T.);
#7467=EDGE_CURVE('',#6212,#6213,#236,.T.);
#7468=EDGE_CURVE('',#6213,#6211,#237,.T.);
#7469=EDGE_CURVE('',#6214,#6212,#238,.T.);
#7470=EDGE_CURVE('',#6214,#6215,#239,.T.);
#7471=EDGE_CURVE('',#6215,#6213,#240,.T.);
#7472=EDGE_CURVE('',#6216,#6214,#241,.T.);
#7473=EDGE_CURVE('',#6216,#6217,#242,.T.);
#7474=EDGE_CURVE('',#6217,#6215,#243,.T.);
#7475=EDGE_CURVE('',#6218,#6216,#244,.T.);
#7476=EDGE_CURVE('',#6218,#6219,#245,.T.);
#7477=EDGE_CURVE('',#6219,#6217,#246,.T.);
#7478=EDGE_CURVE('',#6220,#6218,#247,.T.);
#7479=EDGE_CURVE('',#6220,#6221,#248,.T.);
#7480=EDGE_CURVE('',#6221,#6219,#249,.T.);
#7481=EDGE_CURVE('',#6222,#6220,#250,.T.);
#7482=EDGE_CURVE('',#6222,#6223,#251,.T.);
#7483=EDGE_CURVE('',#6223,#6221,#252,.T.);
#7484=EDGE_CURVE('',#6201,#6222,#253,.T.);
#7485=EDGE_CURVE('',#6203,#6223,#254,.T.);
#7486=EDGE_CURVE('',#6224,#6225,#255,.T.);
#7487=EDGE_CURVE('',#6224,#6226,#256,.T.);
#7488=EDGE_CURVE('',#6226,#6227,#257,.T.);
#7489=EDGE_CURVE('',#6225,#6227,#258,.T.);
#7490=EDGE_CURVE('',#6228,#6224,#259,.T.);
#7491=EDGE_CURVE('',#6228,#6229,#260,.T.);
#7492=EDGE_CURVE('',#6229,#6226,#261,.T.);
#7493=EDGE_CURVE('',#6230,#6228,#262,.T.);
#7494=EDGE_CURVE('',#6230,#6231,#263,.T.);
#7495=EDGE_CURVE('',#6231,#6229,#264,.T.);
#7496=EDGE_CURVE('',#6232,#6230,#265,.T.);
#7497=EDGE_CURVE('',#6232,#6233,#266,.T.);
#7498=EDGE_CURVE('',#6233,#6231,#267,.T.);
#7499=EDGE_CURVE('',#6234,#6232,#268,.T.);
#7500=EDGE_CURVE('',#6234,#6235,#269,.T.);
#7501=EDGE_CURVE('',#6235,#6233,#270,.T.);
#7502=EDGE_CURVE('',#6236,#6234,#271,.T.);
#7503=EDGE_CURVE('',#6236,#6237,#272,.T.);
#7504=EDGE_CURVE('',#6237,#6235,#273,.T.);
#7505=EDGE_CURVE('',#6238,#6236,#274,.T.);
#7506=EDGE_CURVE('',#6238,#6239,#275,.T.);
#7507=EDGE_CURVE('',#6239,#6237,#276,.T.);
#7508=EDGE_CURVE('',#6240,#6238,#277,.T.);
#7509=EDGE_CURVE('',#6240,#6241,#278,.T.);
#7510=EDGE_CURVE('',#6241,#6239,#279,.T.);
#7511=EDGE_CURVE('',#6242,#6240,#280,.T.);
#7512=EDGE_CURVE('',#6242,#6243,#281,.T.);
#7513=EDGE_CURVE('',#6243,#6241,#282,.T.);
#7514=EDGE_CURVE('',#6244,#6242,#283,.T.);
#7515=EDGE_CURVE('',#6244,#6245,#284,.T.);
#7516=EDGE_CURVE('',#6245,#6243,#285,.T.);
#7517=EDGE_CURVE('',#6246,#6244,#286,.T.);
#7518=EDGE_CURVE('',#6246,#6247,#287,.T.);
#7519=EDGE_CURVE('',#6247,#6245,#288,.T.);
#7520=EDGE_CURVE('',#6225,#6246,#289,.T.);
#7521=EDGE_CURVE('',#6227,#6247,#290,.T.);
#7522=EDGE_CURVE('',#6248,#6249,#291,.T.);
#7523=EDGE_CURVE('',#6248,#6250,#292,.T.);
#7524=EDGE_CURVE('',#6250,#6251,#293,.T.);
#7525=EDGE_CURVE('',#6249,#6251,#294,.T.);
#7526=EDGE_CURVE('',#6252,#6248,#295,.T.);
#7527=EDGE_CURVE('',#6252,#6253,#296,.T.);
#7528=EDGE_CURVE('',#6253,#6250,#297,.T.);
#7529=EDGE_CURVE('',#6254,#6252,#298,.T.);
#7530=EDGE_CURVE('',#6254,#6255,#299,.T.);
#7531=EDGE_CURVE('',#6255,#6253,#300,.T.);
#7532=EDGE_CURVE('',#6256,#6254,#301,.T.);
#7533=EDGE_CURVE('',#6256,#6257,#302,.T.);
#7534=EDGE_CURVE('',#6257,#6255,#303,.T.);
#7535=EDGE_CURVE('',#6258,#6256,#304,.T.);
#7536=EDGE_CURVE('',#6258,#6259,#305,.T.);
#7537=EDGE_CURVE('',#6259,#6257,#306,.T.);
#7538=EDGE_CURVE('',#6260,#6258,#307,.T.);
#7539=EDGE_CURVE('',#6260,#6261,#308,.T.);
#7540=EDGE_CURVE('',#6261,#6259,#309,.T.);
#7541=EDGE_CURVE('',#6262,#6260,#310,.T.);
#7542=EDGE_CURVE('',#6262,#6263,#311,.T.);
#7543=EDGE_CURVE('',#6263,#6261,#312,.T.);
#7544=EDGE_CURVE('',#6264,#6262,#313,.T.);
#7545=EDGE_CURVE('',#6264,#6265,#314,.T.);
#7546=EDGE_CURVE('',#6265,#6263,#315,.T.);
#7547=EDGE_CURVE('',#6266,#6264,#316,.T.);
#7548=EDGE_CURVE('',#6266,#6267,#317,.T.);
#7549=EDGE_CURVE('',#6267,#6265,#318,.T.);
#7550=EDGE_CURVE('',#6268,#6266,#319,.T.);
#7551=EDGE_CURVE('',#6268,#6269,#320,.T.);
#7552=EDGE_CURVE('',#6269,#6267,#321,.T.);
#7553=EDGE_CURVE('',#6270,#6268,#322,.T.);
#7554=EDGE_CURVE('',#6270,#6271,#323,.T.);
#7555=EDGE_CURVE('',#6271,#6269,#324,.T.);
#7556=EDGE_CURVE('',#6249,#6270,#325,.T.);
#7557=EDGE_CURVE('',#6251,#6271,#326,.T.);
#7558=EDGE_CURVE('',#6272,#6273,#327,.T.);
#7559=EDGE_CURVE('',#6272,#6274,#328,.T.);
#7560=EDGE_CURVE('',#6274,#6275,#329,.T.);
#7561=EDGE_CURVE('',#6273,#6275,#330,.T.);
#7562=EDGE_CURVE('',#6276,#6272,#331,.T.);
#7563=EDGE_CURVE('',#6276,#6277,#332,.T.);
#7564=EDGE_CURVE('',#6277,#6274,#333,.T.);
#7565=EDGE_CURVE('',#6278,#6276,#334,.T.);
#7566=EDGE_CURVE('',#6278,#6279,#335,.T.);
#7567=EDGE_CURVE('',#6279,#6277,#336,.T.);
#7568=EDGE_CURVE('',#6280,#6278,#337,.T.);
#7569=EDGE_CURVE('',#6280,#6281,#338,.T.);
#7570=EDGE_CURVE('',#6281,#6279,#339,.T.);
#7571=EDGE_CURVE('',#6282,#6280,#340,.T.);
#7572=EDGE_CURVE('',#6282,#6283,#341,.T.);
#7573=EDGE_CURVE('',#6283,#6281,#342,.T.);
#7574=EDGE_CURVE('',#6284,#6282,#343,.T.);
#7575=EDGE_CURVE('',#6284,#6285,#344,.T.);
#7576=EDGE_CURVE('',#6285,#6283,#345,.T.);
#7577=EDGE_CURVE('',#6286,#6284,#346,.T.);
#7578=EDGE_CURVE('',#6286,#6287,#347,.T.);
#7579=EDGE_CURVE('',#6287,#6285,#348,.T.);
#7580=EDGE_CURVE('',#6288,#6286,#349,.T.);
#7581=EDGE_CURVE('',#6288,#6289,#350,.T.);
#7582=EDGE_CURVE('',#6289,#6287,#351,.T.);
#7583=EDGE_CURVE('',#6290,#6288,#352,.T.);
#7584=EDGE_CURVE('',#6290,#6291,#353,.T.);
#7585=EDGE_CURVE('',#6291,#6289,#354,.T.);
#7586=EDGE_CURVE('',#6292,#6290,#355,.T.);
#7587=EDGE_CURVE('',#6292,#6293,#356,.T.);
#7588=EDGE_CURVE('',#6293,#6291,#357,.T.);
#7589=EDGE_CURVE('',#6294,#6292,#358,.T.);
#7590=EDGE_CURVE('',#6294,#6295,#359,.T.);
#7591=EDGE_CURVE('',#6295,#6293,#360,.T.);
#7592=EDGE_CURVE('',#6273,#6294,#361,.T.);
#7593=EDGE_CURVE('',#6275,#6295,#362,.T.);
#7594=EDGE_CURVE('',#6296,#6297,#363,.T.);
#7595=EDGE_CURVE('',#6296,#6298,#364,.T.);
#7596=EDGE_CURVE('',#6298,#6299,#365,.T.);
#7597=EDGE_CURVE('',#6297,#6299,#366,.T.);
#7598=EDGE_CURVE('',#6300,#6296,#367,.T.);
#7599=EDGE_CURVE('',#6300,#6301,#368,.T.);
#7600=EDGE_CURVE('',#6301,#6298,#369,.T.);
#7601=EDGE_CURVE('',#6302,#6300,#370,.T.);
#7602=EDGE_CURVE('',#6302,#6303,#371,.T.);
#7603=EDGE_CURVE('',#6303,#6301,#372,.T.);
#7604=EDGE_CURVE('',#6304,#6302,#373,.T.);
#7605=EDGE_CURVE('',#6304,#6305,#374,.T.);
#7606=EDGE_CURVE('',#6305,#6303,#375,.T.);
#7607=EDGE_CURVE('',#6306,#6304,#376,.T.);
#7608=EDGE_CURVE('',#6306,#6307,#377,.T.);
#7609=EDGE_CURVE('',#6307,#6305,#378,.T.);
#7610=EDGE_CURVE('',#6308,#6306,#379,.T.);
#7611=EDGE_CURVE('',#6308,#6309,#380,.T.);
#7612=EDGE_CURVE('',#6309,#6307,#381,.T.);
#7613=EDGE_CURVE('',#6310,#6308,#382,.T.);
#7614=EDGE_CURVE('',#6310,#6311,#383,.T.);
#7615=EDGE_CURVE('',#6311,#6309,#384,.T.);
#7616=EDGE_CURVE('',#6312,#6310,#385,.T.);
#7617=EDGE_CURVE('',#6312,#6313,#386,.T.);
#7618=EDGE_CURVE('',#6313,#6311,#387,.T.);
#7619=EDGE_CURVE('',#6314,#6312,#388,.T.);
#7620=EDGE_CURVE('',#6314,#6315,#389,.T.);
#7621=EDGE_CURVE('',#6315,#6313,#390,.T.);
#7622=EDGE_CURVE('',#6316,#6314,#391,.T.);
#7623=EDGE_CURVE('',#6316,#6317,#392,.T.);
#7624=EDGE_CURVE('',#6317,#6315,#393,.T.);
#7625=EDGE_CURVE('',#6318,#6316,#394,.T.);
#7626=EDGE_CURVE('',#6318,#6319,#395,.T.);
#7627=EDGE_CURVE('',#6319,#6317,#396,.T.);
#7628=EDGE_CURVE('',#6297,#6318,#397,.T.);
#7629=EDGE_CURVE('',#6299,#6319,#398,.T.);
#7630=EDGE_CURVE('',#6320,#6321,#399,.T.);
#7631=EDGE_CURVE('',#6320,#6322,#400,.T.);
#7632=EDGE_CURVE('',#6322,#6323,#401,.T.);
#7633=EDGE_CURVE('',#6321,#6323,#402,.T.);
#7634=EDGE_CURVE('',#6324,#6320,#403,.T.);
#7635=EDGE_CURVE('',#6324,#6325,#404,.T.);
#7636=EDGE_CURVE('',#6325,#6322,#405,.T.);
#7637=EDGE_CURVE('',#6326,#6324,#406,.T.);
#7638=EDGE_CURVE('',#6326,#6327,#407,.T.);
#7639=EDGE_CURVE('',#6327,#6325,#408,.T.);
#7640=EDGE_CURVE('',#6328,#6326,#409,.T.);
#7641=EDGE_CURVE('',#6328,#6329,#410,.T.);
#7642=EDGE_CURVE('',#6329,#6327,#411,.T.);
#7643=EDGE_CURVE('',#6330,#6328,#412,.T.);
#7644=EDGE_CURVE('',#6330,#6331,#413,.T.);
#7645=EDGE_CURVE('',#6331,#6329,#414,.T.);
#7646=EDGE_CURVE('',#6332,#6330,#415,.T.);
#7647=EDGE_CURVE('',#6332,#6333,#416,.T.);
#7648=EDGE_CURVE('',#6333,#6331,#417,.T.);
#7649=EDGE_CURVE('',#6334,#6332,#418,.T.);
#7650=EDGE_CURVE('',#6334,#6335,#419,.T.);
#7651=EDGE_CURVE('',#6335,#6333,#420,.T.);
#7652=EDGE_CURVE('',#6336,#6334,#421,.T.);
#7653=EDGE_CURVE('',#6336,#6337,#422,.T.);
#7654=EDGE_CURVE('',#6337,#6335,#423,.T.);
#7655=EDGE_CURVE('',#6338,#6336,#424,.T.);
#7656=EDGE_CURVE('',#6338,#6339,#425,.T.);
#7657=EDGE_CURVE('',#6339,#6337,#426,.T.);
#7658=EDGE_CURVE('',#6340,#6338,#427,.T.);
#7659=EDGE_CURVE('',#6340,#6341,#428,.T.);
#7660=EDGE_CURVE('',#6341,#6339,#429,.T.);
#7661=EDGE_CURVE('',#6342,#6340,#430,.T.);
#7662=EDGE_CURVE('',#6342,#6343,#431,.T.);
#7663=EDGE_CURVE('',#6343,#6341,#432,.T.);
#7664=EDGE_CURVE('',#6321,#6342,#433,.T.);
#7665=EDGE_CURVE('',#6323,#6343,#434,.T.);
#7666=EDGE_CURVE('',#6344,#6344,#6081,.T.);
#7667=EDGE_CURVE('',#6344,#6345,#435,.T.);
#7668=EDGE_CURVE('',#6345,#6345,#6082,.T.);
#7669=EDGE_CURVE('',#6346,#6347,#436,.T.);
#7670=EDGE_CURVE('',#6348,#6346,#6083,.T.);
#7671=EDGE_CURVE('',#6349,#6348,#437,.T.);
#7672=EDGE_CURVE('',#6350,#6349,#6084,.T.);
#7673=EDGE_CURVE('',#6350,#6351,#438,.T.);
#7674=EDGE_CURVE('',#6351,#6351,#6085,.T.);
#7675=EDGE_CURVE('',#6347,#6350,#6086,.T.);
#7676=EDGE_CURVE('',#6172,#6352,#439,.T.);
#7677=EDGE_CURVE('',#6352,#6353,#440,.T.);
#7678=EDGE_CURVE('',#6353,#6354,#441,.T.);
#7679=EDGE_CURVE('',#6354,#6355,#442,.T.);
#7680=EDGE_CURVE('',#6355,#6356,#443,.T.);
#7681=EDGE_CURVE('',#6356,#6357,#444,.T.);
#7682=EDGE_CURVE('',#6357,#6358,#445,.T.);
#7683=EDGE_CURVE('',#6358,#6359,#446,.T.);
#7684=EDGE_CURVE('',#6359,#6360,#447,.T.);
#7685=EDGE_CURVE('',#6360,#6361,#448,.T.);
#7686=EDGE_CURVE('',#6361,#6362,#449,.T.);
#7687=EDGE_CURVE('',#6362,#6363,#450,.T.);
#7688=EDGE_CURVE('',#6363,#6364,#451,.T.);
#7689=EDGE_CURVE('',#6364,#6365,#452,.T.);
#7690=EDGE_CURVE('',#6365,#6366,#453,.T.);
#7691=EDGE_CURVE('',#6366,#6367,#454,.T.);
#7692=EDGE_CURVE('',#6367,#6368,#455,.T.);
#7693=EDGE_CURVE('',#6368,#6369,#456,.T.);
#7694=EDGE_CURVE('',#6369,#6370,#457,.T.);
#7695=EDGE_CURVE('',#6370,#6371,#458,.T.);
#7696=EDGE_CURVE('',#6371,#6372,#459,.T.);
#7697=EDGE_CURVE('',#6372,#6373,#460,.T.);
#7698=EDGE_CURVE('',#6373,#6374,#461,.T.);
#7699=EDGE_CURVE('',#6374,#6375,#462,.T.);
#7700=EDGE_CURVE('',#6375,#6376,#463,.T.);
#7701=EDGE_CURVE('',#6376,#6377,#464,.T.);
#7702=EDGE_CURVE('',#6377,#6378,#465,.T.);
#7703=EDGE_CURVE('',#6378,#6379,#466,.T.);
#7704=EDGE_CURVE('',#6379,#6380,#467,.T.);
#7705=EDGE_CURVE('',#6380,#6381,#468,.T.);
#7706=EDGE_CURVE('',#6381,#6382,#469,.T.);
#7707=EDGE_CURVE('',#6382,#6383,#470,.T.);
#7708=EDGE_CURVE('',#6383,#6384,#471,.T.);
#7709=EDGE_CURVE('',#6384,#6385,#472,.T.);
#7710=EDGE_CURVE('',#6385,#6386,#473,.T.);
#7711=EDGE_CURVE('',#6386,#6387,#474,.T.);
#7712=EDGE_CURVE('',#6387,#6388,#475,.T.);
#7713=EDGE_CURVE('',#6388,#6389,#476,.T.);
#7714=EDGE_CURVE('',#6389,#6390,#477,.T.);
#7715=EDGE_CURVE('',#6390,#6391,#478,.T.);
#7716=EDGE_CURVE('',#6391,#6392,#479,.T.);
#7717=EDGE_CURVE('',#6392,#6393,#480,.T.);
#7718=EDGE_CURVE('',#6393,#6394,#481,.T.);
#7719=EDGE_CURVE('',#6394,#6395,#482,.T.);
#7720=EDGE_CURVE('',#6395,#6396,#483,.T.);
#7721=EDGE_CURVE('',#6396,#6397,#484,.T.);
#7722=EDGE_CURVE('',#6397,#6177,#485,.T.);
#7723=EDGE_CURVE('',#6181,#6398,#486,.T.);
#7724=EDGE_CURVE('',#6398,#6399,#487,.T.);
#7725=EDGE_CURVE('',#6399,#6400,#488,.T.);
#7726=EDGE_CURVE('',#6400,#6401,#489,.T.);
#7727=EDGE_CURVE('',#6401,#6402,#490,.T.);
#7728=EDGE_CURVE('',#6402,#6403,#491,.T.);
#7729=EDGE_CURVE('',#6403,#6404,#492,.T.);
#7730=EDGE_CURVE('',#6404,#6405,#493,.T.);
#7731=EDGE_CURVE('',#6405,#6406,#494,.T.);
#7732=EDGE_CURVE('',#6406,#6407,#495,.T.);
#7733=EDGE_CURVE('',#6407,#6408,#496,.T.);
#7734=EDGE_CURVE('',#6408,#6409,#497,.T.);
#7735=EDGE_CURVE('',#6409,#6410,#498,.T.);
#7736=EDGE_CURVE('',#6410,#6411,#499,.T.);
#7737=EDGE_CURVE('',#6411,#6412,#500,.T.);
#7738=EDGE_CURVE('',#6412,#6413,#501,.T.);
#7739=EDGE_CURVE('',#6413,#6414,#502,.T.);
#7740=EDGE_CURVE('',#6414,#6415,#503,.T.);
#7741=EDGE_CURVE('',#6415,#6416,#504,.T.);
#7742=EDGE_CURVE('',#6416,#6417,#505,.T.);
#7743=EDGE_CURVE('',#6417,#6418,#506,.T.);
#7744=EDGE_CURVE('',#6418,#6419,#507,.T.);
#7745=EDGE_CURVE('',#6419,#6199,#508,.T.);
#7746=EDGE_CURVE('',#6198,#6420,#509,.T.);
#7747=EDGE_CURVE('',#6420,#6421,#510,.T.);
#7748=EDGE_CURVE('',#6421,#6422,#511,.T.);
#7749=EDGE_CURVE('',#6422,#6423,#512,.T.);
#7750=EDGE_CURVE('',#6423,#6424,#513,.T.);
#7751=EDGE_CURVE('',#6424,#6425,#514,.T.);
#7752=EDGE_CURVE('',#6425,#6426,#515,.T.);
#7753=EDGE_CURVE('',#6426,#6427,#516,.T.);
#7754=EDGE_CURVE('',#6427,#6428,#517,.T.);
#7755=EDGE_CURVE('',#6428,#6429,#518,.T.);
#7756=EDGE_CURVE('',#6429,#6430,#519,.T.);
#7757=EDGE_CURVE('',#6430,#6431,#520,.T.);
#7758=EDGE_CURVE('',#6431,#6432,#521,.T.);
#7759=EDGE_CURVE('',#6432,#6433,#522,.T.);
#7760=EDGE_CURVE('',#6433,#6434,#523,.T.);
#7761=EDGE_CURVE('',#6434,#6435,#524,.T.);
#7762=EDGE_CURVE('',#6435,#6436,#525,.T.);
#7763=EDGE_CURVE('',#6436,#6437,#526,.T.);
#7764=EDGE_CURVE('',#6437,#6438,#527,.T.);
#7765=EDGE_CURVE('',#6438,#6439,#528,.T.);
#7766=EDGE_CURVE('',#6439,#6440,#529,.T.);
#7767=EDGE_CURVE('',#6440,#6441,#530,.T.);
#7768=EDGE_CURVE('',#6441,#6171,#531,.T.);
#7769=EDGE_CURVE('',#6442,#6442,#6087,.T.);
#7770=EDGE_CURVE('',#6443,#6444,#532,.T.);
#7771=EDGE_CURVE('',#6444,#6445,#533,.T.);
#7772=EDGE_CURVE('',#6445,#6446,#534,.T.);
#7773=EDGE_CURVE('',#6446,#6443,#535,.T.);
#7774=EDGE_CURVE('',#6447,#6448,#536,.T.);
#7775=EDGE_CURVE('',#6448,#6449,#537,.T.);
#7776=EDGE_CURVE('',#6449,#6450,#538,.T.);
#7777=EDGE_CURVE('',#6450,#6447,#539,.T.);
#7778=EDGE_CURVE('',#6451,#6452,#540,.T.);
#7779=EDGE_CURVE('',#6452,#6453,#541,.T.);
#7780=EDGE_CURVE('',#6453,#6454,#542,.T.);
#7781=EDGE_CURVE('',#6454,#6451,#543,.T.);
#7782=EDGE_CURVE('',#6455,#6456,#544,.T.);
#7783=EDGE_CURVE('',#6456,#6457,#545,.T.);
#7784=EDGE_CURVE('',#6457,#6458,#546,.T.);
#7785=EDGE_CURVE('',#6458,#6455,#547,.T.);
#7786=EDGE_CURVE('',#6459,#6460,#548,.T.);
#7787=EDGE_CURVE('',#6460,#6461,#549,.T.);
#7788=EDGE_CURVE('',#6461,#6462,#550,.T.);
#7789=EDGE_CURVE('',#6462,#6459,#551,.T.);
#7790=EDGE_CURVE('',#6463,#6464,#552,.T.);
#7791=EDGE_CURVE('',#6464,#6465,#553,.T.);
#7792=EDGE_CURVE('',#6465,#6466,#554,.T.);
#7793=EDGE_CURVE('',#6466,#6463,#555,.T.);
#7794=EDGE_CURVE('',#6467,#6468,#556,.T.);
#7795=EDGE_CURVE('',#6468,#6469,#557,.T.);
#7796=EDGE_CURVE('',#6469,#6470,#558,.T.);
#7797=EDGE_CURVE('',#6470,#6467,#559,.T.);
#7798=EDGE_CURVE('',#6471,#6472,#560,.T.);
#7799=EDGE_CURVE('',#6472,#6473,#561,.T.);
#7800=EDGE_CURVE('',#6473,#6474,#562,.T.);
#7801=EDGE_CURVE('',#6474,#6471,#563,.T.);
#7802=EDGE_CURVE('',#6475,#6476,#564,.T.);
#7803=EDGE_CURVE('',#6476,#6477,#565,.T.);
#7804=EDGE_CURVE('',#6477,#6478,#566,.T.);
#7805=EDGE_CURVE('',#6478,#6475,#567,.T.);
#7806=EDGE_CURVE('',#6479,#6480,#568,.T.);
#7807=EDGE_CURVE('',#6480,#6481,#569,.T.);
#7808=EDGE_CURVE('',#6481,#6482,#570,.T.);
#7809=EDGE_CURVE('',#6482,#6479,#571,.T.);
#7810=EDGE_CURVE('',#6483,#6484,#572,.T.);
#7811=EDGE_CURVE('',#6484,#6485,#573,.T.);
#7812=EDGE_CURVE('',#6485,#6486,#574,.T.);
#7813=EDGE_CURVE('',#6486,#6483,#575,.T.);
#7814=EDGE_CURVE('',#6487,#6488,#576,.T.);
#7815=EDGE_CURVE('',#6488,#6489,#577,.T.);
#7816=EDGE_CURVE('',#6489,#6490,#578,.T.);
#7817=EDGE_CURVE('',#6490,#6487,#579,.T.);
#7818=EDGE_CURVE('',#6491,#6492,#580,.T.);
#7819=EDGE_CURVE('',#6492,#6493,#581,.T.);
#7820=EDGE_CURVE('',#6493,#6494,#582,.T.);
#7821=EDGE_CURVE('',#6494,#6491,#583,.T.);
#7822=EDGE_CURVE('',#6495,#6496,#584,.T.);
#7823=EDGE_CURVE('',#6496,#6497,#585,.T.);
#7824=EDGE_CURVE('',#6497,#6498,#586,.T.);
#7825=EDGE_CURVE('',#6498,#6495,#587,.T.);
#7826=EDGE_CURVE('',#6349,#6499,#588,.T.);
#7827=EDGE_CURVE('',#6499,#6500,#589,.T.);
#7828=EDGE_CURVE('',#6500,#6501,#590,.T.);
#7829=EDGE_CURVE('',#6501,#6502,#591,.T.);
#7830=EDGE_CURVE('',#6502,#6347,#592,.T.);
#7831=EDGE_CURVE('',#6503,#6504,#593,.T.);
#7832=EDGE_CURVE('',#6504,#6505,#594,.T.);
#7833=EDGE_CURVE('',#6505,#6506,#595,.T.);
#7834=EDGE_CURVE('',#6506,#6503,#596,.T.);
#7835=EDGE_CURVE('',#6507,#6508,#597,.T.);
#7836=EDGE_CURVE('',#6508,#6509,#598,.T.);
#7837=EDGE_CURVE('',#6509,#6510,#599,.T.);
#7838=EDGE_CURVE('',#6510,#6507,#600,.T.);
#7839=EDGE_CURVE('',#6511,#6512,#601,.T.);
#7840=EDGE_CURVE('',#6512,#6513,#602,.T.);
#7841=EDGE_CURVE('',#6513,#6514,#603,.T.);
#7842=EDGE_CURVE('',#6514,#6511,#604,.T.);
#7843=EDGE_CURVE('',#6515,#6516,#605,.T.);
#7844=EDGE_CURVE('',#6516,#6517,#606,.T.);
#7845=EDGE_CURVE('',#6517,#6518,#607,.T.);
#7846=EDGE_CURVE('',#6518,#6515,#608,.T.);
#7847=EDGE_CURVE('',#6519,#6520,#609,.T.);
#7848=EDGE_CURVE('',#6520,#6521,#6088,.T.);
#7849=EDGE_CURVE('',#6521,#6522,#610,.T.);
#7850=EDGE_CURVE('',#6522,#6523,#611,.T.);
#7851=EDGE_CURVE('',#6523,#6524,#612,.T.);
#7852=EDGE_CURVE('',#6524,#6519,#6089,.T.);
#7853=EDGE_CURVE('',#6348,#6525,#613,.T.);
#7854=EDGE_CURVE('',#6499,#6525,#614,.T.);
#7855=EDGE_CURVE('',#6519,#6526,#615,.T.);
#7856=EDGE_CURVE('',#6526,#6527,#616,.T.);
#7857=EDGE_CURVE('',#6520,#6527,#617,.T.);
#7858=EDGE_CURVE('',#6524,#6528,#618,.T.);
#7859=EDGE_CURVE('',#6528,#6526,#6090,.T.);
#7860=EDGE_CURVE('',#6523,#6529,#619,.T.);
#7861=EDGE_CURVE('',#6529,#6528,#620,.T.);
#7862=EDGE_CURVE('',#6522,#6530,#621,.T.);
#7863=EDGE_CURVE('',#6530,#6529,#622,.T.);
#7864=EDGE_CURVE('',#6521,#6531,#623,.T.);
#7865=EDGE_CURVE('',#6531,#6530,#624,.T.);
#7866=EDGE_CURVE('',#6527,#6531,#6091,.T.);
#7867=EDGE_CURVE('',#6515,#6532,#625,.T.);
#7868=EDGE_CURVE('',#6532,#6533,#626,.T.);
#7869=EDGE_CURVE('',#6516,#6533,#627,.T.);
#7870=EDGE_CURVE('',#6518,#6534,#628,.T.);
#7871=EDGE_CURVE('',#6534,#6532,#629,.T.);
#7872=EDGE_CURVE('',#6517,#6535,#630,.T.);
#7873=EDGE_CURVE('',#6535,#6534,#631,.T.);
#7874=EDGE_CURVE('',#6533,#6535,#632,.T.);
#7875=EDGE_CURVE('',#6536,#6537,#633,.T.);
#7876=EDGE_CURVE('',#6538,#6536,#634,.T.);
#7877=EDGE_CURVE('',#6539,#6538,#635,.T.);
#7878=EDGE_CURVE('',#6537,#6539,#636,.T.);
#7879=EDGE_CURVE('',#6511,#6540,#637,.T.);
#7880=EDGE_CURVE('',#6540,#6541,#638,.T.);
#7881=EDGE_CURVE('',#6512,#6541,#639,.T.);
#7882=EDGE_CURVE('',#6514,#6542,#640,.T.);
#7883=EDGE_CURVE('',#6542,#6540,#641,.T.);
#7884=EDGE_CURVE('',#6513,#6543,#642,.T.);
#7885=EDGE_CURVE('',#6543,#6542,#643,.T.);
#7886=EDGE_CURVE('',#6541,#6543,#644,.T.);
#7887=EDGE_CURVE('',#6544,#6545,#645,.T.);
#7888=EDGE_CURVE('',#6546,#6544,#646,.T.);
#7889=EDGE_CURVE('',#6547,#6546,#647,.T.);
#7890=EDGE_CURVE('',#6545,#6547,#648,.T.);
#7891=EDGE_CURVE('',#6536,#6548,#649,.T.);
#7892=EDGE_CURVE('',#6549,#6548,#650,.T.);
#7893=EDGE_CURVE('',#6538,#6549,#651,.T.);
#7894=EDGE_CURVE('',#6537,#6550,#652,.T.);
#7895=EDGE_CURVE('',#6548,#6550,#653,.T.);
#7896=EDGE_CURVE('',#6544,#6551,#654,.T.);
#7897=EDGE_CURVE('',#6552,#6551,#655,.T.);
#7898=EDGE_CURVE('',#6546,#6552,#656,.T.);
#7899=EDGE_CURVE('',#6545,#6553,#657,.T.);
#7900=EDGE_CURVE('',#6551,#6553,#658,.T.);
#7901=EDGE_CURVE('',#6507,#6554,#659,.T.);
#7902=EDGE_CURVE('',#6554,#6555,#660,.T.);
#7903=EDGE_CURVE('',#6508,#6555,#661,.T.);
#7904=EDGE_CURVE('',#6510,#6556,#662,.T.);
#7905=EDGE_CURVE('',#6556,#6554,#663,.T.);
#7906=EDGE_CURVE('',#6509,#6557,#664,.T.);
#7907=EDGE_CURVE('',#6557,#6556,#665,.T.);
#7908=EDGE_CURVE('',#6555,#6557,#666,.T.);
#7909=EDGE_CURVE('',#6558,#6559,#667,.T.);
#7910=EDGE_CURVE('',#6560,#6558,#668,.T.);
#7911=EDGE_CURVE('',#6561,#6560,#669,.T.);
#7912=EDGE_CURVE('',#6559,#6561,#670,.T.);
#7913=EDGE_CURVE('',#6503,#6562,#671,.T.);
#7914=EDGE_CURVE('',#6562,#6563,#672,.T.);
#7915=EDGE_CURVE('',#6504,#6563,#673,.T.);
#7916=EDGE_CURVE('',#6506,#6564,#674,.T.);
#7917=EDGE_CURVE('',#6564,#6562,#675,.T.);
#7918=EDGE_CURVE('',#6505,#6565,#676,.T.);
#7919=EDGE_CURVE('',#6565,#6564,#677,.T.);
#7920=EDGE_CURVE('',#6563,#6565,#678,.T.);
#7921=EDGE_CURVE('',#6566,#6567,#679,.T.);
#7922=EDGE_CURVE('',#6568,#6566,#680,.T.);
#7923=EDGE_CURVE('',#6569,#6568,#681,.T.);
#7924=EDGE_CURVE('',#6567,#6569,#682,.T.);
#7925=EDGE_CURVE('',#6558,#6570,#683,.T.);
#7926=EDGE_CURVE('',#6571,#6570,#684,.T.);
#7927=EDGE_CURVE('',#6560,#6571,#685,.T.);
#7928=EDGE_CURVE('',#6559,#6572,#686,.T.);
#7929=EDGE_CURVE('',#6570,#6572,#687,.T.);
#7930=EDGE_CURVE('',#6566,#6573,#688,.T.);
#7931=EDGE_CURVE('',#6574,#6573,#689,.T.);
#7932=EDGE_CURVE('',#6568,#6574,#690,.T.);
#7933=EDGE_CURVE('',#6567,#6575,#691,.T.);
#7934=EDGE_CURVE('',#6573,#6575,#692,.T.);
#7935=EDGE_CURVE('',#6502,#6576,#693,.T.);
#7936=EDGE_CURVE('',#6576,#6346,#694,.T.);
#7937=EDGE_CURVE('',#6501,#6577,#695,.T.);
#7938=EDGE_CURVE('',#6577,#6576,#696,.T.);
#7939=EDGE_CURVE('',#6500,#6578,#697,.T.);
#7940=EDGE_CURVE('',#6578,#6577,#698,.T.);
#7941=EDGE_CURVE('',#6525,#6578,#699,.T.);
#7942=EDGE_CURVE('',#6579,#6580,#700,.T.);
#7943=EDGE_CURVE('',#6581,#6579,#701,.T.);
#7944=EDGE_CURVE('',#6582,#6581,#702,.T.);
#7945=EDGE_CURVE('',#6580,#6582,#703,.T.);
#7946=EDGE_CURVE('',#6579,#6583,#704,.T.);
#7947=EDGE_CURVE('',#6584,#6583,#705,.T.);
#7948=EDGE_CURVE('',#6581,#6584,#706,.T.);
#7949=EDGE_CURVE('',#6580,#6585,#707,.T.);
#7950=EDGE_CURVE('',#6583,#6585,#708,.T.);
#7951=EDGE_CURVE('',#6495,#6586,#709,.T.);
#7952=EDGE_CURVE('',#6586,#6587,#710,.T.);
#7953=EDGE_CURVE('',#6496,#6587,#711,.T.);
#7954=EDGE_CURVE('',#6498,#6588,#712,.T.);
#7955=EDGE_CURVE('',#6588,#6586,#713,.T.);
#7956=EDGE_CURVE('',#6497,#6589,#714,.T.);
#7957=EDGE_CURVE('',#6589,#6588,#715,.T.);
#7958=EDGE_CURVE('',#6587,#6589,#716,.T.);
#7959=EDGE_CURVE('',#6590,#6591,#717,.T.);
#7960=EDGE_CURVE('',#6592,#6590,#718,.T.);
#7961=EDGE_CURVE('',#6593,#6592,#719,.T.);
#7962=EDGE_CURVE('',#6591,#6593,#720,.T.);
#7963=EDGE_CURVE('',#6491,#6594,#721,.T.);
#7964=EDGE_CURVE('',#6594,#6595,#722,.T.);
#7965=EDGE_CURVE('',#6492,#6595,#723,.T.);
#7966=EDGE_CURVE('',#6494,#6596,#724,.T.);
#7967=EDGE_CURVE('',#6596,#6594,#725,.T.);
#7968=EDGE_CURVE('',#6493,#6597,#726,.T.);
#7969=EDGE_CURVE('',#6597,#6596,#727,.T.);
#7970=EDGE_CURVE('',#6595,#6597,#728,.T.);
#7971=EDGE_CURVE('',#6598,#6599,#729,.T.);
#7972=EDGE_CURVE('',#6600,#6598,#730,.T.);
#7973=EDGE_CURVE('',#6601,#6600,#731,.T.);
#7974=EDGE_CURVE('',#6599,#6601,#732,.T.);
#7975=EDGE_CURVE('',#6487,#6602,#733,.T.);
#7976=EDGE_CURVE('',#6602,#6603,#734,.T.);
#7977=EDGE_CURVE('',#6488,#6603,#735,.T.);
#7978=EDGE_CURVE('',#6490,#6604,#736,.T.);
#7979=EDGE_CURVE('',#6604,#6602,#737,.T.);
#7980=EDGE_CURVE('',#6489,#6605,#738,.T.);
#7981=EDGE_CURVE('',#6605,#6604,#739,.T.);
#7982=EDGE_CURVE('',#6603,#6605,#740,.T.);
#7983=EDGE_CURVE('',#6606,#6607,#741,.T.);
#7984=EDGE_CURVE('',#6608,#6606,#742,.T.);
#7985=EDGE_CURVE('',#6609,#6608,#743,.T.);
#7986=EDGE_CURVE('',#6607,#6609,#744,.T.);
#7987=EDGE_CURVE('',#6483,#6610,#745,.T.);
#7988=EDGE_CURVE('',#6610,#6611,#746,.T.);
#7989=EDGE_CURVE('',#6484,#6611,#747,.T.);
#7990=EDGE_CURVE('',#6486,#6612,#748,.T.);
#7991=EDGE_CURVE('',#6612,#6610,#749,.T.);
#7992=EDGE_CURVE('',#6485,#6613,#750,.T.);
#7993=EDGE_CURVE('',#6613,#6612,#751,.T.);
#7994=EDGE_CURVE('',#6611,#6613,#752,.T.);
#7995=EDGE_CURVE('',#6614,#6615,#753,.T.);
#7996=EDGE_CURVE('',#6616,#6614,#754,.T.);
#7997=EDGE_CURVE('',#6617,#6616,#755,.T.);
#7998=EDGE_CURVE('',#6615,#6617,#756,.T.);
#7999=EDGE_CURVE('',#6479,#6618,#757,.T.);
#8000=EDGE_CURVE('',#6618,#6619,#758,.T.);
#8001=EDGE_CURVE('',#6480,#6619,#759,.T.);
#8002=EDGE_CURVE('',#6482,#6620,#760,.T.);
#8003=EDGE_CURVE('',#6620,#6618,#761,.T.);
#8004=EDGE_CURVE('',#6481,#6621,#762,.T.);
#8005=EDGE_CURVE('',#6621,#6620,#763,.T.);
#8006=EDGE_CURVE('',#6619,#6621,#764,.T.);
#8007=EDGE_CURVE('',#6622,#6623,#765,.T.);
#8008=EDGE_CURVE('',#6624,#6622,#766,.T.);
#8009=EDGE_CURVE('',#6625,#6624,#767,.T.);
#8010=EDGE_CURVE('',#6623,#6625,#768,.T.);
#8011=EDGE_CURVE('',#6475,#6626,#769,.T.);
#8012=EDGE_CURVE('',#6626,#6627,#770,.T.);
#8013=EDGE_CURVE('',#6476,#6627,#771,.T.);
#8014=EDGE_CURVE('',#6478,#6628,#772,.T.);
#8015=EDGE_CURVE('',#6628,#6626,#773,.T.);
#8016=EDGE_CURVE('',#6477,#6629,#774,.T.);
#8017=EDGE_CURVE('',#6629,#6628,#775,.T.);
#8018=EDGE_CURVE('',#6627,#6629,#776,.T.);
#8019=EDGE_CURVE('',#6630,#6631,#777,.T.);
#8020=EDGE_CURVE('',#6632,#6630,#778,.T.);
#8021=EDGE_CURVE('',#6633,#6632,#779,.T.);
#8022=EDGE_CURVE('',#6631,#6633,#780,.T.);
#8023=EDGE_CURVE('',#6471,#6634,#781,.T.);
#8024=EDGE_CURVE('',#6634,#6635,#782,.T.);
#8025=EDGE_CURVE('',#6472,#6635,#783,.T.);
#8026=EDGE_CURVE('',#6474,#6636,#784,.T.);
#8027=EDGE_CURVE('',#6636,#6634,#785,.T.);
#8028=EDGE_CURVE('',#6473,#6637,#786,.T.);
#8029=EDGE_CURVE('',#6637,#6636,#787,.T.);
#8030=EDGE_CURVE('',#6635,#6637,#788,.T.);
#8031=EDGE_CURVE('',#6638,#6639,#789,.T.);
#8032=EDGE_CURVE('',#6640,#6638,#790,.T.);
#8033=EDGE_CURVE('',#6641,#6640,#791,.T.);
#8034=EDGE_CURVE('',#6639,#6641,#792,.T.);
#8035=EDGE_CURVE('',#6467,#6642,#793,.T.);
#8036=EDGE_CURVE('',#6642,#6643,#794,.T.);
#8037=EDGE_CURVE('',#6468,#6643,#795,.T.);
#8038=EDGE_CURVE('',#6470,#6644,#796,.T.);
#8039=EDGE_CURVE('',#6644,#6642,#797,.T.);
#8040=EDGE_CURVE('',#6469,#6645,#798,.T.);
#8041=EDGE_CURVE('',#6645,#6644,#799,.T.);
#8042=EDGE_CURVE('',#6643,#6645,#800,.T.);
#8043=EDGE_CURVE('',#6646,#6647,#801,.T.);
#8044=EDGE_CURVE('',#6648,#6646,#802,.T.);
#8045=EDGE_CURVE('',#6649,#6648,#803,.T.);
#8046=EDGE_CURVE('',#6647,#6649,#804,.T.);
#8047=EDGE_CURVE('',#6463,#6650,#805,.T.);
#8048=EDGE_CURVE('',#6650,#6651,#806,.T.);
#8049=EDGE_CURVE('',#6464,#6651,#807,.T.);
#8050=EDGE_CURVE('',#6466,#6652,#808,.T.);
#8051=EDGE_CURVE('',#6652,#6650,#809,.T.);
#8052=EDGE_CURVE('',#6465,#6653,#810,.T.);
#8053=EDGE_CURVE('',#6653,#6652,#811,.T.);
#8054=EDGE_CURVE('',#6651,#6653,#812,.T.);
#8055=EDGE_CURVE('',#6654,#6655,#813,.T.);
#8056=EDGE_CURVE('',#6656,#6654,#814,.T.);
#8057=EDGE_CURVE('',#6657,#6656,#815,.T.);
#8058=EDGE_CURVE('',#6655,#6657,#816,.T.);
#8059=EDGE_CURVE('',#6459,#6658,#817,.T.);
#8060=EDGE_CURVE('',#6658,#6659,#818,.T.);
#8061=EDGE_CURVE('',#6460,#6659,#819,.T.);
#8062=EDGE_CURVE('',#6462,#6660,#820,.T.);
#8063=EDGE_CURVE('',#6660,#6658,#821,.T.);
#8064=EDGE_CURVE('',#6461,#6661,#822,.T.);
#8065=EDGE_CURVE('',#6661,#6660,#823,.T.);
#8066=EDGE_CURVE('',#6659,#6661,#824,.T.);
#8067=EDGE_CURVE('',#6662,#6663,#825,.T.);
#8068=EDGE_CURVE('',#6664,#6662,#826,.T.);
#8069=EDGE_CURVE('',#6665,#6664,#827,.T.);
#8070=EDGE_CURVE('',#6663,#6665,#828,.T.);
#8071=EDGE_CURVE('',#6455,#6666,#829,.T.);
#8072=EDGE_CURVE('',#6666,#6667,#830,.T.);
#8073=EDGE_CURVE('',#6456,#6667,#831,.T.);
#8074=EDGE_CURVE('',#6458,#6668,#832,.T.);
#8075=EDGE_CURVE('',#6668,#6666,#833,.T.);
#8076=EDGE_CURVE('',#6457,#6669,#834,.T.);
#8077=EDGE_CURVE('',#6669,#6668,#835,.T.);
#8078=EDGE_CURVE('',#6667,#6669,#836,.T.);
#8079=EDGE_CURVE('',#6670,#6671,#837,.T.);
#8080=EDGE_CURVE('',#6672,#6670,#838,.T.);
#8081=EDGE_CURVE('',#6673,#6672,#839,.T.);
#8082=EDGE_CURVE('',#6671,#6673,#840,.T.);
#8083=EDGE_CURVE('',#6451,#6674,#841,.T.);
#8084=EDGE_CURVE('',#6674,#6675,#842,.T.);
#8085=EDGE_CURVE('',#6452,#6675,#843,.T.);
#8086=EDGE_CURVE('',#6454,#6676,#844,.T.);
#8087=EDGE_CURVE('',#6676,#6674,#845,.T.);
#8088=EDGE_CURVE('',#6453,#6677,#846,.T.);
#8089=EDGE_CURVE('',#6677,#6676,#847,.T.);
#8090=EDGE_CURVE('',#6675,#6677,#848,.T.);
#8091=EDGE_CURVE('',#6678,#6679,#849,.T.);
#8092=EDGE_CURVE('',#6680,#6678,#850,.T.);
#8093=EDGE_CURVE('',#6681,#6680,#851,.T.);
#8094=EDGE_CURVE('',#6679,#6681,#852,.T.);
#8095=EDGE_CURVE('',#6447,#6682,#853,.T.);
#8096=EDGE_CURVE('',#6682,#6683,#854,.T.);
#8097=EDGE_CURVE('',#6448,#6683,#855,.T.);
#8098=EDGE_CURVE('',#6450,#6684,#856,.T.);
#8099=EDGE_CURVE('',#6684,#6682,#857,.T.);
#8100=EDGE_CURVE('',#6449,#6685,#858,.T.);
#8101=EDGE_CURVE('',#6685,#6684,#859,.T.);
#8102=EDGE_CURVE('',#6683,#6685,#860,.T.);
#8103=EDGE_CURVE('',#6686,#6687,#861,.T.);
#8104=EDGE_CURVE('',#6688,#6686,#862,.T.);
#8105=EDGE_CURVE('',#6689,#6688,#863,.T.);
#8106=EDGE_CURVE('',#6687,#6689,#864,.T.);
#8107=EDGE_CURVE('',#6443,#6690,#865,.T.);
#8108=EDGE_CURVE('',#6690,#6691,#866,.T.);
#8109=EDGE_CURVE('',#6444,#6691,#867,.T.);
#8110=EDGE_CURVE('',#6446,#6692,#868,.T.);
#8111=EDGE_CURVE('',#6692,#6690,#869,.T.);
#8112=EDGE_CURVE('',#6445,#6693,#870,.T.);
#8113=EDGE_CURVE('',#6693,#6692,#871,.T.);
#8114=EDGE_CURVE('',#6691,#6693,#872,.T.);
#8115=EDGE_CURVE('',#6694,#6695,#873,.T.);
#8116=EDGE_CURVE('',#6696,#6694,#874,.T.);
#8117=EDGE_CURVE('',#6697,#6696,#875,.T.);
#8118=EDGE_CURVE('',#6695,#6697,#876,.T.);
#8119=EDGE_CURVE('',#6590,#6698,#877,.T.);
#8120=EDGE_CURVE('',#6699,#6698,#878,.T.);
#8121=EDGE_CURVE('',#6592,#6699,#879,.T.);
#8122=EDGE_CURVE('',#6591,#6700,#880,.T.);
#8123=EDGE_CURVE('',#6698,#6700,#881,.T.);
#8124=EDGE_CURVE('',#6598,#6701,#882,.T.);
#8125=EDGE_CURVE('',#6702,#6701,#883,.T.);
#8126=EDGE_CURVE('',#6600,#6702,#884,.T.);
#8127=EDGE_CURVE('',#6599,#6703,#885,.T.);
#8128=EDGE_CURVE('',#6701,#6703,#886,.T.);
#8129=EDGE_CURVE('',#6606,#6704,#887,.T.);
#8130=EDGE_CURVE('',#6705,#6704,#888,.T.);
#8131=EDGE_CURVE('',#6608,#6705,#889,.T.);
#8132=EDGE_CURVE('',#6607,#6706,#890,.T.);
#8133=EDGE_CURVE('',#6704,#6706,#891,.T.);
#8134=EDGE_CURVE('',#6614,#6707,#892,.T.);
#8135=EDGE_CURVE('',#6708,#6707,#893,.T.);
#8136=EDGE_CURVE('',#6616,#6708,#894,.T.);
#8137=EDGE_CURVE('',#6615,#6709,#895,.T.);
#8138=EDGE_CURVE('',#6707,#6709,#896,.T.);
#8139=EDGE_CURVE('',#6622,#6710,#897,.T.);
#8140=EDGE_CURVE('',#6711,#6710,#898,.T.);
#8141=EDGE_CURVE('',#6624,#6711,#899,.T.);
#8142=EDGE_CURVE('',#6623,#6712,#900,.T.);
#8143=EDGE_CURVE('',#6710,#6712,#901,.T.);
#8144=EDGE_CURVE('',#6630,#6713,#902,.T.);
#8145=EDGE_CURVE('',#6714,#6713,#903,.T.);
#8146=EDGE_CURVE('',#6632,#6714,#904,.T.);
#8147=EDGE_CURVE('',#6631,#6715,#905,.T.);
#8148=EDGE_CURVE('',#6713,#6715,#906,.T.);
#8149=EDGE_CURVE('',#6638,#6716,#907,.T.);
#8150=EDGE_CURVE('',#6717,#6716,#908,.T.);
#8151=EDGE_CURVE('',#6640,#6717,#909,.T.);
#8152=EDGE_CURVE('',#6639,#6718,#910,.T.);
#8153=EDGE_CURVE('',#6716,#6718,#911,.T.);
#8154=EDGE_CURVE('',#6646,#6719,#912,.T.);
#8155=EDGE_CURVE('',#6720,#6719,#913,.T.);
#8156=EDGE_CURVE('',#6648,#6720,#914,.T.);
#8157=EDGE_CURVE('',#6647,#6721,#915,.T.);
#8158=EDGE_CURVE('',#6719,#6721,#916,.T.);
#8159=EDGE_CURVE('',#6654,#6722,#917,.T.);
#8160=EDGE_CURVE('',#6723,#6722,#918,.T.);
#8161=EDGE_CURVE('',#6656,#6723,#919,.T.);
#8162=EDGE_CURVE('',#6655,#6724,#920,.T.);
#8163=EDGE_CURVE('',#6722,#6724,#921,.T.);
#8164=EDGE_CURVE('',#6662,#6725,#922,.T.);
#8165=EDGE_CURVE('',#6726,#6725,#923,.T.);
#8166=EDGE_CURVE('',#6664,#6726,#924,.T.);
#8167=EDGE_CURVE('',#6663,#6727,#925,.T.);
#8168=EDGE_CURVE('',#6725,#6727,#926,.T.);
#8169=EDGE_CURVE('',#6670,#6728,#927,.T.);
#8170=EDGE_CURVE('',#6729,#6728,#928,.T.);
#8171=EDGE_CURVE('',#6672,#6729,#929,.T.);
#8172=EDGE_CURVE('',#6671,#6730,#930,.T.);
#8173=EDGE_CURVE('',#6728,#6730,#931,.T.);
#8174=EDGE_CURVE('',#6678,#6731,#932,.T.);
#8175=EDGE_CURVE('',#6732,#6731,#933,.T.);
#8176=EDGE_CURVE('',#6680,#6732,#934,.T.);
#8177=EDGE_CURVE('',#6679,#6733,#935,.T.);
#8178=EDGE_CURVE('',#6731,#6733,#936,.T.);
#8179=EDGE_CURVE('',#6686,#6734,#937,.T.);
#8180=EDGE_CURVE('',#6735,#6734,#938,.T.);
#8181=EDGE_CURVE('',#6688,#6735,#939,.T.);
#8182=EDGE_CURVE('',#6687,#6736,#940,.T.);
#8183=EDGE_CURVE('',#6734,#6736,#941,.T.);
#8184=EDGE_CURVE('',#6694,#6737,#942,.T.);
#8185=EDGE_CURVE('',#6738,#6737,#943,.T.);
#8186=EDGE_CURVE('',#6696,#6738,#944,.T.);
#8187=EDGE_CURVE('',#6695,#6739,#945,.T.);
#8188=EDGE_CURVE('',#6737,#6739,#946,.T.);
#8189=EDGE_CURVE('',#6740,#6741,#947,.T.);
#8190=EDGE_CURVE('',#6741,#6742,#948,.T.);
#8191=EDGE_CURVE('',#6742,#6743,#949,.T.);
#8192=EDGE_CURVE('',#6743,#6363,#950,.T.);
#8193=EDGE_CURVE('',#6362,#6744,#951,.T.);
#8194=EDGE_CURVE('',#6744,#6745,#952,.T.);
#8195=EDGE_CURVE('',#6745,#6746,#953,.T.);
#8196=EDGE_CURVE('',#6746,#6747,#954,.T.);
#8197=EDGE_CURVE('',#6747,#6740,#955,.T.);
#8198=EDGE_CURVE('',#6743,#6748,#956,.T.);
#8199=EDGE_CURVE('',#6748,#6364,#957,.T.);
#8200=EDGE_CURVE('',#6748,#6749,#958,.T.);
#8201=EDGE_CURVE('',#6749,#6365,#959,.T.);
#8202=EDGE_CURVE('',#6749,#6750,#960,.T.);
#8203=EDGE_CURVE('',#6750,#6366,#961,.T.);
#8204=EDGE_CURVE('',#6750,#6751,#962,.T.);
#8205=EDGE_CURVE('',#6751,#6367,#963,.T.);
#8206=EDGE_CURVE('',#6751,#6752,#964,.T.);
#8207=EDGE_CURVE('',#6752,#6368,#965,.T.);
#8208=EDGE_CURVE('',#6752,#6753,#966,.T.);
#8209=EDGE_CURVE('',#6753,#6369,#967,.T.);
#8210=EDGE_CURVE('',#6753,#6754,#968,.T.);
#8211=EDGE_CURVE('',#6754,#6370,#969,.T.);
#8212=EDGE_CURVE('',#6754,#6755,#970,.T.);
#8213=EDGE_CURVE('',#6755,#6371,#971,.T.);
#8214=EDGE_CURVE('',#6755,#6756,#972,.T.);
#8215=EDGE_CURVE('',#6756,#6372,#973,.T.);
#8216=EDGE_CURVE('',#6756,#6757,#974,.T.);
#8217=EDGE_CURVE('',#6757,#6373,#975,.T.);
#8218=EDGE_CURVE('',#6757,#6758,#976,.T.);
#8219=EDGE_CURVE('',#6758,#6374,#977,.T.);
#8220=EDGE_CURVE('',#6758,#6759,#978,.T.);
#8221=EDGE_CURVE('',#6759,#6375,#979,.T.);
#8222=EDGE_CURVE('',#6759,#6760,#980,.T.);
#8223=EDGE_CURVE('',#6760,#6376,#981,.T.);
#8224=EDGE_CURVE('',#6760,#6761,#982,.T.);
#8225=EDGE_CURVE('',#6761,#6377,#983,.T.);
#8226=EDGE_CURVE('',#6761,#6762,#984,.T.);
#8227=EDGE_CURVE('',#6762,#6378,#985,.T.);
#8228=EDGE_CURVE('',#6762,#6763,#986,.T.);
#8229=EDGE_CURVE('',#6763,#6379,#987,.T.);
#8230=EDGE_CURVE('',#6763,#6764,#988,.T.);
#8231=EDGE_CURVE('',#6764,#6380,#989,.T.);
#8232=EDGE_CURVE('',#6764,#6765,#990,.T.);
#8233=EDGE_CURVE('',#6765,#6381,#991,.T.);
#8234=EDGE_CURVE('',#6765,#6766,#992,.T.);
#8235=EDGE_CURVE('',#6766,#6382,#993,.T.);
#8236=EDGE_CURVE('',#6766,#6767,#994,.T.);
#8237=EDGE_CURVE('',#6767,#6383,#995,.T.);
#8238=EDGE_CURVE('',#6767,#6768,#996,.T.);
#8239=EDGE_CURVE('',#6768,#6384,#997,.T.);
#8240=EDGE_CURVE('',#6768,#6769,#998,.T.);
#8241=EDGE_CURVE('',#6769,#6385,#999,.T.);
#8242=EDGE_CURVE('',#6769,#6770,#1000,.T.);
#8243=EDGE_CURVE('',#6770,#6386,#1001,.T.);
#8244=EDGE_CURVE('',#6771,#6387,#1002,.T.);
#8245=EDGE_CURVE('',#6770,#6772,#1003,.T.);
#8246=EDGE_CURVE('',#6772,#6773,#1004,.T.);
#8247=EDGE_CURVE('',#6773,#6774,#1005,.T.);
#8248=EDGE_CURVE('',#6774,#6775,#1006,.T.);
#8249=EDGE_CURVE('',#6775,#6776,#1007,.T.);
#8250=EDGE_CURVE('',#6776,#6771,#1008,.T.);
#8251=EDGE_CURVE('',#6777,#6774,#1009,.T.);
#8252=EDGE_CURVE('',#6391,#6777,#1010,.T.);
#8253=EDGE_CURVE('',#6390,#6775,#1011,.T.);
#8254=EDGE_CURVE('',#6773,#6778,#1012,.T.);
#8255=EDGE_CURVE('',#6778,#6395,#1013,.T.);
#8256=EDGE_CURVE('',#6394,#6779,#1014,.T.);
#8257=EDGE_CURVE('',#6779,#6780,#1015,.T.);
#8258=EDGE_CURVE('',#6780,#6777,#1016,.T.);
#8259=EDGE_CURVE('',#6781,#6741,#1017,.T.);
#8260=EDGE_CURVE('',#6782,#6781,#1018,.T.);
#8261=EDGE_CURVE('',#6782,#6742,#1019,.T.);
#8262=EDGE_CURVE('',#6772,#6783,#1020,.T.);
#8263=EDGE_CURVE('',#6783,#6173,#1021,.T.);
#8264=EDGE_CURVE('',#6778,#6180,#1022,.T.);
#8265=EDGE_CURVE('',#6740,#6784,#1023,.T.);
#8266=EDGE_CURVE('',#6784,#6785,#1024,.T.);
#8267=EDGE_CURVE('',#6785,#6786,#1025,.T.);
#8268=EDGE_CURVE('',#6786,#6787,#1026,.T.);
#8269=EDGE_CURVE('',#6787,#6353,#1027,.T.);
#8270=EDGE_CURVE('',#6781,#6352,#1028,.T.);
#8271=EDGE_CURVE('',#6358,#6747,#1029,.T.);
#8272=EDGE_CURVE('',#6357,#6784,#1030,.T.);
#8273=EDGE_CURVE('',#6359,#6746,#1031,.T.);
#8274=EDGE_CURVE('',#6176,#6788,#1032,.T.);
#8275=EDGE_CURVE('',#6788,#6398,#1033,.T.);
#8276=EDGE_CURVE('',#6788,#6789,#1034,.T.);
#8277=EDGE_CURVE('',#6789,#6399,#1035,.T.);
#8278=EDGE_CURVE('',#6789,#6790,#1036,.T.);
#8279=EDGE_CURVE('',#6790,#6400,#1037,.T.);
#8280=EDGE_CURVE('',#6790,#6791,#1038,.T.);
#8281=EDGE_CURVE('',#6791,#6401,#1039,.T.);
#8282=EDGE_CURVE('',#6791,#6792,#1040,.T.);
#8283=EDGE_CURVE('',#6792,#6402,#1041,.T.);
#8284=EDGE_CURVE('',#6792,#6793,#1042,.T.);
#8285=EDGE_CURVE('',#6793,#6403,#1043,.T.);
#8286=EDGE_CURVE('',#6793,#6794,#1044,.T.);
#8287=EDGE_CURVE('',#6794,#6404,#1045,.T.);
#8288=EDGE_CURVE('',#6794,#6795,#1046,.T.);
#8289=EDGE_CURVE('',#6795,#6405,#1047,.T.);
#8290=EDGE_CURVE('',#6795,#6796,#1048,.T.);
#8291=EDGE_CURVE('',#6796,#6406,#1049,.T.);
#8292=EDGE_CURVE('',#6796,#6797,#1050,.T.);
#8293=EDGE_CURVE('',#6797,#6407,#1051,.T.);
#8294=EDGE_CURVE('',#6797,#6798,#1052,.T.);
#8295=EDGE_CURVE('',#6798,#6408,#1053,.T.);
#8296=EDGE_CURVE('',#6798,#6799,#1054,.T.);
#8297=EDGE_CURVE('',#6799,#6409,#1055,.T.);
#8298=EDGE_CURVE('',#6799,#6800,#1056,.T.);
#8299=EDGE_CURVE('',#6800,#6410,#1057,.T.);
#8300=EDGE_CURVE('',#6800,#6801,#1058,.T.);
#8301=EDGE_CURVE('',#6801,#6411,#1059,.T.);
#8302=EDGE_CURVE('',#6801,#6802,#1060,.T.);
#8303=EDGE_CURVE('',#6802,#6412,#1061,.T.);
#8304=EDGE_CURVE('',#6802,#6803,#1062,.T.);
#8305=EDGE_CURVE('',#6803,#6413,#1063,.T.);
#8306=EDGE_CURVE('',#6803,#6804,#1064,.T.);
#8307=EDGE_CURVE('',#6804,#6414,#1065,.T.);
#8308=EDGE_CURVE('',#6804,#6805,#1066,.T.);
#8309=EDGE_CURVE('',#6805,#6415,#1067,.T.);
#8310=EDGE_CURVE('',#6805,#6806,#1068,.T.);
#8311=EDGE_CURVE('',#6806,#6416,#1069,.T.);
#8312=EDGE_CURVE('',#6806,#6807,#1070,.T.);
#8313=EDGE_CURVE('',#6807,#6417,#1071,.T.);
#8314=EDGE_CURVE('',#6807,#6808,#1072,.T.);
#8315=EDGE_CURVE('',#6808,#6418,#1073,.T.);
#8316=EDGE_CURVE('',#6808,#6809,#1074,.T.);
#8317=EDGE_CURVE('',#6809,#6419,#1075,.T.);
#8318=EDGE_CURVE('',#6809,#6194,#1076,.T.);
#8319=EDGE_CURVE('',#6197,#6810,#1077,.T.);
#8320=EDGE_CURVE('',#6810,#6420,#1078,.T.);
#8321=EDGE_CURVE('',#6810,#6811,#1079,.T.);
#8322=EDGE_CURVE('',#6811,#6421,#1080,.T.);
#8323=EDGE_CURVE('',#6811,#6812,#1081,.T.);
#8324=EDGE_CURVE('',#6812,#6422,#1082,.T.);
#8325=EDGE_CURVE('',#6812,#6813,#1083,.T.);
#8326=EDGE_CURVE('',#6813,#6423,#1084,.T.);
#8327=EDGE_CURVE('',#6813,#6814,#1085,.T.);
#8328=EDGE_CURVE('',#6814,#6424,#1086,.T.);
#8329=EDGE_CURVE('',#6814,#6815,#1087,.T.);
#8330=EDGE_CURVE('',#6815,#6425,#1088,.T.);
#8331=EDGE_CURVE('',#6815,#6816,#1089,.T.);
#8332=EDGE_CURVE('',#6816,#6426,#1090,.T.);
#8333=EDGE_CURVE('',#6816,#6817,#1091,.T.);
#8334=EDGE_CURVE('',#6817,#6427,#1092,.T.);
#8335=EDGE_CURVE('',#6817,#6818,#1093,.T.);
#8336=EDGE_CURVE('',#6818,#6428,#1094,.T.);
#8337=EDGE_CURVE('',#6818,#6819,#1095,.T.);
#8338=EDGE_CURVE('',#6819,#6429,#1096,.T.);
#8339=EDGE_CURVE('',#6819,#6820,#1097,.T.);
#8340=EDGE_CURVE('',#6820,#6430,#1098,.T.);
#8341=EDGE_CURVE('',#6820,#6821,#1099,.T.);
#8342=EDGE_CURVE('',#6821,#6431,#1100,.T.);
#8343=EDGE_CURVE('',#6821,#6822,#1101,.T.);
#8344=EDGE_CURVE('',#6822,#6432,#1102,.T.);
#8345=EDGE_CURVE('',#6822,#6823,#1103,.T.);
#8346=EDGE_CURVE('',#6823,#6433,#1104,.T.);
#8347=EDGE_CURVE('',#6823,#6824,#1105,.T.);
#8348=EDGE_CURVE('',#6824,#6434,#1106,.T.);
#8349=EDGE_CURVE('',#6824,#6825,#1107,.T.);
#8350=EDGE_CURVE('',#6825,#6435,#1108,.T.);
#8351=EDGE_CURVE('',#6825,#6826,#1109,.T.);
#8352=EDGE_CURVE('',#6826,#6436,#1110,.T.);
#8353=EDGE_CURVE('',#6826,#6827,#1111,.T.);
#8354=EDGE_CURVE('',#6827,#6437,#1112,.T.);
#8355=EDGE_CURVE('',#6827,#6828,#1113,.T.);
#8356=EDGE_CURVE('',#6828,#6438,#1114,.T.);
#8357=EDGE_CURVE('',#6828,#6829,#1115,.T.);
#8358=EDGE_CURVE('',#6829,#6439,#1116,.T.);
#8359=EDGE_CURVE('',#6829,#6830,#1117,.T.);
#8360=EDGE_CURVE('',#6830,#6440,#1118,.T.);
#8361=EDGE_CURVE('',#6830,#6831,#1119,.T.);
#8362=EDGE_CURVE('',#6831,#6441,#1120,.T.);
#8363=EDGE_CURVE('',#6831,#6167,#1121,.T.);
#8364=EDGE_CURVE('',#6170,#6782,#1122,.T.);
#8365=EDGE_CURVE('',#6360,#6745,#1123,.T.);
#8366=EDGE_CURVE('',#6361,#6744,#1124,.T.);
#8367=EDGE_CURVE('',#6179,#6396,#1125,.T.);
#8368=EDGE_CURVE('',#6397,#6178,#1126,.T.);
#8369=EDGE_CURVE('',#6354,#6787,#1127,.T.);
#8370=EDGE_CURVE('',#6355,#6786,#1128,.T.);
#8371=EDGE_CURVE('',#6356,#6785,#1129,.T.);
#8372=EDGE_CURVE('',#6388,#6771,#1130,.T.);
#8373=EDGE_CURVE('',#6389,#6776,#1131,.T.);
#8374=EDGE_CURVE('',#6392,#6780,#1132,.T.);
#8375=EDGE_CURVE('',#6393,#6779,#1133,.T.);
#8376=EDGE_CURVE('',#6832,#6735,#1134,.T.);
#8377=EDGE_CURVE('',#6689,#6832,#1135,.T.);
#8378=EDGE_CURVE('',#6736,#6832,#1136,.T.);
#8379=EDGE_CURVE('',#6833,#6552,#1137,.T.);
#8380=EDGE_CURVE('',#6547,#6833,#1138,.T.);
#8381=EDGE_CURVE('',#6553,#6833,#1139,.T.);
#8382=EDGE_CURVE('',#6834,#6729,#1140,.T.);
#8383=EDGE_CURVE('',#6673,#6834,#1141,.T.);
#8384=EDGE_CURVE('',#6730,#6834,#1142,.T.);
#8385=EDGE_CURVE('',#6835,#6711,#1143,.T.);
#8386=EDGE_CURVE('',#6625,#6835,#1144,.T.);
#8387=EDGE_CURVE('',#6712,#6835,#1145,.T.);
#8388=EDGE_CURVE('',#6836,#6549,#1146,.T.);
#8389=EDGE_CURVE('',#6539,#6836,#1147,.T.);
#8390=EDGE_CURVE('',#6550,#6836,#1148,.T.);
#8391=EDGE_CURVE('',#6837,#6574,#1149,.T.);
#8392=EDGE_CURVE('',#6569,#6837,#1150,.T.);
#8393=EDGE_CURVE('',#6575,#6837,#1151,.T.);
#8394=EDGE_CURVE('',#6838,#6714,#1152,.T.);
#8395=EDGE_CURVE('',#6633,#6838,#1153,.T.);
#8396=EDGE_CURVE('',#6715,#6838,#1154,.T.);
#8397=EDGE_CURVE('',#6839,#6723,#1155,.T.);
#8398=EDGE_CURVE('',#6657,#6839,#1156,.T.);
#8399=EDGE_CURVE('',#6724,#6839,#1157,.T.);
#8400=EDGE_CURVE('',#6840,#6705,#1158,.T.);
#8401=EDGE_CURVE('',#6609,#6840,#1159,.T.);
#8402=EDGE_CURVE('',#6706,#6840,#1160,.T.);
#8403=EDGE_CURVE('',#6841,#6732,#1161,.T.);
#8404=EDGE_CURVE('',#6681,#6841,#1162,.T.);
#8405=EDGE_CURVE('',#6733,#6841,#1163,.T.);
#8406=EDGE_CURVE('',#6842,#6571,#1164,.T.);
#8407=EDGE_CURVE('',#6561,#6842,#1165,.T.);
#8408=EDGE_CURVE('',#6572,#6842,#1166,.T.);
#8409=EDGE_CURVE('',#6843,#6699,#1167,.T.);
#8410=EDGE_CURVE('',#6593,#6843,#1168,.T.);
#8411=EDGE_CURVE('',#6700,#6843,#1169,.T.);
#8412=EDGE_CURVE('',#6844,#6726,#1170,.T.);
#8413=EDGE_CURVE('',#6665,#6844,#1171,.T.);
#8414=EDGE_CURVE('',#6727,#6844,#1172,.T.);
#8415=EDGE_CURVE('',#6845,#6708,#1173,.T.);
#8416=EDGE_CURVE('',#6617,#6845,#1174,.T.);
#8417=EDGE_CURVE('',#6709,#6845,#1175,.T.);
#8418=EDGE_CURVE('',#6846,#6717,#1176,.T.);
#8419=EDGE_CURVE('',#6641,#6846,#1177,.T.);
#8420=EDGE_CURVE('',#6718,#6846,#1178,.T.);
#8421=EDGE_CURVE('',#6847,#6584,#1179,.T.);
#8422=EDGE_CURVE('',#6582,#6847,#1180,.T.);
#8423=EDGE_CURVE('',#6585,#6847,#1181,.T.);
#8424=EDGE_CURVE('',#6848,#6702,#1182,.T.);
#8425=EDGE_CURVE('',#6601,#6848,#1183,.T.);
#8426=EDGE_CURVE('',#6703,#6848,#1184,.T.);
#8427=EDGE_CURVE('',#6849,#6849,#6092,.T.);
#8428=EDGE_CURVE('',#6849,#6442,#1185,.T.);
#8429=EDGE_CURVE('',#6850,#6738,#1186,.T.);
#8430=EDGE_CURVE('',#6697,#6850,#1187,.T.);
#8431=EDGE_CURVE('',#6739,#6850,#1188,.T.);
#8432=EDGE_CURVE('',#6851,#6720,#1189,.T.);
#8433=EDGE_CURVE('',#6649,#6851,#1190,.T.);
#8434=EDGE_CURVE('',#6721,#6851,#1191,.T.);
#8435=EDGE_CURVE('',#6852,#6175,#1192,.T.);
#8436=EDGE_CURVE('',#6788,#6852,#1193,.T.);
#8437=EDGE_CURVE('',#6853,#6852,#1194,.T.);
#8438=EDGE_CURVE('',#6789,#6853,#1195,.T.);
#8439=EDGE_CURVE('',#6854,#6853,#1196,.T.);
#8440=EDGE_CURVE('',#6790,#6854,#1197,.T.);
#8441=EDGE_CURVE('',#6855,#6854,#1198,.T.);
#8442=EDGE_CURVE('',#6791,#6855,#1199,.T.);
#8443=EDGE_CURVE('',#6856,#6855,#1200,.T.);
#8444=EDGE_CURVE('',#6792,#6856,#1201,.T.);
#8445=EDGE_CURVE('',#6857,#6856,#1202,.T.);
#8446=EDGE_CURVE('',#6793,#6857,#1203,.T.);
#8447=EDGE_CURVE('',#6858,#6857,#1204,.T.);
#8448=EDGE_CURVE('',#6794,#6858,#1205,.T.);
#8449=EDGE_CURVE('',#6859,#6858,#1206,.T.);
#8450=EDGE_CURVE('',#6795,#6859,#1207,.T.);
#8451=EDGE_CURVE('',#6860,#6859,#1208,.T.);
#8452=EDGE_CURVE('',#6796,#6860,#1209,.T.);
#8453=EDGE_CURVE('',#6861,#6860,#1210,.T.);
#8454=EDGE_CURVE('',#6797,#6861,#1211,.T.);
#8455=EDGE_CURVE('',#6862,#6861,#1212,.T.);
#8456=EDGE_CURVE('',#6798,#6862,#1213,.T.);
#8457=EDGE_CURVE('',#6863,#6862,#1214,.T.);
#8458=EDGE_CURVE('',#6799,#6863,#1215,.T.);
#8459=EDGE_CURVE('',#6864,#6863,#1216,.T.);
#8460=EDGE_CURVE('',#6800,#6864,#1217,.T.);
#8461=EDGE_CURVE('',#6865,#6864,#1218,.T.);
#8462=EDGE_CURVE('',#6801,#6865,#1219,.T.);
#8463=EDGE_CURVE('',#6866,#6865,#1220,.T.);
#8464=EDGE_CURVE('',#6802,#6866,#1221,.T.);
#8465=EDGE_CURVE('',#6867,#6866,#1222,.T.);
#8466=EDGE_CURVE('',#6803,#6867,#1223,.T.);
#8467=EDGE_CURVE('',#6868,#6867,#1224,.T.);
#8468=EDGE_CURVE('',#6804,#6868,#1225,.T.);
#8469=EDGE_CURVE('',#6869,#6868,#1226,.T.);
#8470=EDGE_CURVE('',#6805,#6869,#1227,.T.);
#8471=EDGE_CURVE('',#6870,#6869,#1228,.T.);
#8472=EDGE_CURVE('',#6806,#6870,#1229,.T.);
#8473=EDGE_CURVE('',#6871,#6870,#1230,.T.);
#8474=EDGE_CURVE('',#6807,#6871,#1231,.T.);
#8475=EDGE_CURVE('',#6872,#6871,#1232,.T.);
#8476=EDGE_CURVE('',#6808,#6872,#1233,.T.);
#8477=EDGE_CURVE('',#6873,#6872,#1234,.T.);
#8478=EDGE_CURVE('',#6809,#6873,#1235,.T.);
#8479=EDGE_CURVE('',#6195,#6873,#1236,.T.);
#8480=EDGE_CURVE('',#6874,#6196,#1237,.T.);
#8481=EDGE_CURVE('',#6810,#6874,#1238,.T.);
#8482=EDGE_CURVE('',#6875,#6874,#1239,.T.);
#8483=EDGE_CURVE('',#6811,#6875,#1240,.T.);
#8484=EDGE_CURVE('',#6876,#6875,#1241,.T.);
#8485=EDGE_CURVE('',#6812,#6876,#1242,.T.);
#8486=EDGE_CURVE('',#6877,#6876,#1243,.T.);
#8487=EDGE_CURVE('',#6813,#6877,#1244,.T.);
#8488=EDGE_CURVE('',#6878,#6877,#1245,.T.);
#8489=EDGE_CURVE('',#6814,#6878,#1246,.T.);
#8490=EDGE_CURVE('',#6879,#6878,#1247,.T.);
#8491=EDGE_CURVE('',#6815,#6879,#1248,.T.);
#8492=EDGE_CURVE('',#6880,#6879,#1249,.T.);
#8493=EDGE_CURVE('',#6816,#6880,#1250,.T.);
#8494=EDGE_CURVE('',#6881,#6880,#1251,.T.);
#8495=EDGE_CURVE('',#6817,#6881,#1252,.T.);
#8496=EDGE_CURVE('',#6882,#6881,#1253,.T.);
#8497=EDGE_CURVE('',#6818,#6882,#1254,.T.);
#8498=EDGE_CURVE('',#6883,#6882,#1255,.T.);
#8499=EDGE_CURVE('',#6819,#6883,#1256,.T.);
#8500=EDGE_CURVE('',#6884,#6883,#1257,.T.);
#8501=EDGE_CURVE('',#6820,#6884,#1258,.T.);
#8502=EDGE_CURVE('',#6885,#6884,#1259,.T.);
#8503=EDGE_CURVE('',#6821,#6885,#1260,.T.);
#8504=EDGE_CURVE('',#6886,#6885,#1261,.T.);
#8505=EDGE_CURVE('',#6822,#6886,#1262,.T.);
#8506=EDGE_CURVE('',#6887,#6886,#1263,.T.);
#8507=EDGE_CURVE('',#6823,#6887,#1264,.T.);
#8508=EDGE_CURVE('',#6888,#6887,#1265,.T.);
#8509=EDGE_CURVE('',#6824,#6888,#1266,.T.);
#8510=EDGE_CURVE('',#6889,#6888,#1267,.T.);
#8511=EDGE_CURVE('',#6825,#6889,#1268,.T.);
#8512=EDGE_CURVE('',#6890,#6889,#1269,.T.);
#8513=EDGE_CURVE('',#6826,#6890,#1270,.T.);
#8514=EDGE_CURVE('',#6891,#6890,#1271,.T.);
#8515=EDGE_CURVE('',#6827,#6891,#1272,.T.);
#8516=EDGE_CURVE('',#6892,#6891,#1273,.T.);
#8517=EDGE_CURVE('',#6828,#6892,#1274,.T.);
#8518=EDGE_CURVE('',#6893,#6892,#1275,.T.);
#8519=EDGE_CURVE('',#6829,#6893,#1276,.T.);
#8520=EDGE_CURVE('',#6894,#6893,#1277,.T.);
#8521=EDGE_CURVE('',#6830,#6894,#1278,.T.);
#8522=EDGE_CURVE('',#6895,#6894,#1279,.T.);
#8523=EDGE_CURVE('',#6831,#6895,#1280,.T.);
#8524=EDGE_CURVE('',#6168,#6895,#1281,.T.);
#8525=EDGE_CURVE('',#6896,#6169,#1282,.T.);
#8526=EDGE_CURVE('',#6782,#6896,#1283,.T.);
#8527=EDGE_CURVE('',#6897,#6896,#1284,.T.);
#8528=EDGE_CURVE('',#6742,#6897,#1285,.T.);
#8529=EDGE_CURVE('',#6898,#6897,#1286,.T.);
#8530=EDGE_CURVE('',#6743,#6898,#1287,.T.);
#8531=EDGE_CURVE('',#6899,#6898,#1288,.T.);
#8532=EDGE_CURVE('',#6748,#6899,#1289,.T.);
#8533=EDGE_CURVE('',#6900,#6899,#1290,.T.);
#8534=EDGE_CURVE('',#6749,#6900,#1291,.T.);
#8535=EDGE_CURVE('',#6901,#6900,#1292,.T.);
#8536=EDGE_CURVE('',#6750,#6901,#1293,.T.);
#8537=EDGE_CURVE('',#6902,#6901,#1294,.T.);
#8538=EDGE_CURVE('',#6751,#6902,#1295,.T.);
#8539=EDGE_CURVE('',#6903,#6902,#1296,.T.);
#8540=EDGE_CURVE('',#6752,#6903,#1297,.T.);
#8541=EDGE_CURVE('',#6904,#6903,#1298,.T.);
#8542=EDGE_CURVE('',#6753,#6904,#1299,.T.);
#8543=EDGE_CURVE('',#6905,#6904,#1300,.T.);
#8544=EDGE_CURVE('',#6754,#6905,#1301,.T.);
#8545=EDGE_CURVE('',#6906,#6905,#1302,.T.);
#8546=EDGE_CURVE('',#6755,#6906,#1303,.T.);
#8547=EDGE_CURVE('',#6907,#6906,#1304,.T.);
#8548=EDGE_CURVE('',#6756,#6907,#1305,.T.);
#8549=EDGE_CURVE('',#6908,#6907,#1306,.T.);
#8550=EDGE_CURVE('',#6757,#6908,#1307,.T.);
#8551=EDGE_CURVE('',#6909,#6908,#1308,.T.);
#8552=EDGE_CURVE('',#6758,#6909,#1309,.T.);
#8553=EDGE_CURVE('',#6910,#6909,#1310,.T.);
#8554=EDGE_CURVE('',#6759,#6910,#1311,.T.);
#8555=EDGE_CURVE('',#6911,#6910,#1312,.T.);
#8556=EDGE_CURVE('',#6760,#6911,#1313,.T.);
#8557=EDGE_CURVE('',#6912,#6911,#1314,.T.);
#8558=EDGE_CURVE('',#6761,#6912,#1315,.T.);
#8559=EDGE_CURVE('',#6913,#6912,#1316,.T.);
#8560=EDGE_CURVE('',#6762,#6913,#1317,.T.);
#8561=EDGE_CURVE('',#6914,#6913,#1318,.T.);
#8562=EDGE_CURVE('',#6763,#6914,#1319,.T.);
#8563=EDGE_CURVE('',#6915,#6914,#1320,.T.);
#8564=EDGE_CURVE('',#6764,#6915,#1321,.T.);
#8565=EDGE_CURVE('',#6916,#6915,#1322,.T.);
#8566=EDGE_CURVE('',#6765,#6916,#1323,.T.);
#8567=EDGE_CURVE('',#6917,#6916,#1324,.T.);
#8568=EDGE_CURVE('',#6766,#6917,#1325,.T.);
#8569=EDGE_CURVE('',#6918,#6917,#1326,.T.);
#8570=EDGE_CURVE('',#6767,#6918,#1327,.T.);
#8571=EDGE_CURVE('',#6919,#6918,#1328,.T.);
#8572=EDGE_CURVE('',#6768,#6919,#1329,.T.);
#8573=EDGE_CURVE('',#6920,#6919,#1330,.T.);
#8574=EDGE_CURVE('',#6769,#6920,#1331,.T.);
#8575=EDGE_CURVE('',#6921,#6920,#1332,.T.);
#8576=EDGE_CURVE('',#6770,#6921,#1333,.T.);
#8577=EDGE_CURVE('',#6922,#6921,#1334,.T.);
#8578=EDGE_CURVE('',#6772,#6922,#1335,.T.);
#8579=EDGE_CURVE('',#6923,#6922,#1336,.T.);
#8580=EDGE_CURVE('',#6783,#6923,#1337,.T.);
#8581=EDGE_CURVE('',#6174,#6923,#1338,.T.);
#8582=EDGE_CURVE('',#6924,#6925,#1339,.T.);
#8583=EDGE_CURVE('',#6924,#6925,#6093,.T.);
#8584=EDGE_CURVE('',#6926,#6924,#6131,.T.);
#8585=EDGE_CURVE('',#6927,#6926,#6147,.T.);
#8586=EDGE_CURVE('',#6928,#6927,#6094,.T.);
#8587=EDGE_CURVE('',#6929,#6928,#6148,.T.);
#8588=EDGE_CURVE('',#6925,#6929,#6132,.T.);
#8589=EDGE_CURVE('',#6930,#6931,#1340,.T.);
#8590=EDGE_CURVE('',#6930,#6931,#6095,.T.);
#8591=EDGE_CURVE('',#6932,#6930,#6133,.T.);
#8592=EDGE_CURVE('',#6933,#6932,#6149,.T.);
#8593=EDGE_CURVE('',#6934,#6933,#6096,.T.);
#8594=EDGE_CURVE('',#6935,#6934,#6150,.T.);
#8595=EDGE_CURVE('',#6931,#6935,#6134,.T.);
#8596=EDGE_CURVE('',#6929,#6936,#1341,.T.);
#8597=EDGE_CURVE('',#6936,#6937,#6097,.T.);
#8598=EDGE_CURVE('',#6937,#6938,#1342,.T.);
#8599=EDGE_CURVE('',#6938,#6939,#6098,.T.);
#8600=EDGE_CURVE('',#6939,#6940,#1343,.T.);
#8601=EDGE_CURVE('',#6940,#6941,#6135,.T.);
#8602=EDGE_CURVE('',#6941,#6942,#1344,.T.);
#8603=EDGE_CURVE('',#6942,#6943,#6136,.T.);
#8604=EDGE_CURVE('',#6943,#6944,#1345,.T.);
#8605=EDGE_CURVE('',#6944,#6945,#6137,.T.);
#8606=EDGE_CURVE('',#6945,#6946,#1346,.T.);
#8607=EDGE_CURVE('',#6946,#6947,#6138,.T.);
#8608=EDGE_CURVE('',#6947,#6948,#1347,.T.);
#8609=EDGE_CURVE('',#6948,#6949,#6099,.T.);
#8610=EDGE_CURVE('',#6949,#6950,#1348,.T.);
#8611=EDGE_CURVE('',#6950,#6951,#6100,.T.);
#8612=EDGE_CURVE('',#6951,#6932,#1349,.T.);
#8613=EDGE_CURVE('',#6935,#6926,#1350,.T.);
#8614=EDGE_CURVE('',#6952,#6952,#6101,.T.);
#8615=EDGE_CURVE('',#6953,#6953,#6102,.T.);
#8616=EDGE_CURVE('',#6954,#6954,#6103,.T.);
#8617=EDGE_CURVE('',#6955,#6955,#6104,.T.);
#8618=EDGE_CURVE('',#6956,#6957,#1351,.T.);
#8619=EDGE_CURVE('',#6957,#6958,#1352,.T.);
#8620=EDGE_CURVE('',#6958,#6959,#1353,.T.);
#8621=EDGE_CURVE('',#6959,#6956,#1354,.T.);
#8622=EDGE_CURVE('',#6960,#6961,#1355,.T.);
#8623=EDGE_CURVE('',#6961,#6962,#1356,.T.);
#8624=EDGE_CURVE('',#6962,#6963,#1357,.T.);
#8625=EDGE_CURVE('',#6963,#6960,#1358,.T.);
#8626=EDGE_CURVE('',#6964,#6965,#1359,.T.);
#8627=EDGE_CURVE('',#6965,#6966,#1360,.T.);
#8628=EDGE_CURVE('',#6966,#6967,#1361,.T.);
#8629=EDGE_CURVE('',#6967,#6964,#1362,.T.);
#8630=EDGE_CURVE('',#6968,#6969,#1363,.T.);
#8631=EDGE_CURVE('',#6969,#6970,#1364,.T.);
#8632=EDGE_CURVE('',#6970,#6971,#1365,.T.);
#8633=EDGE_CURVE('',#6971,#6968,#1366,.T.);
#8634=EDGE_CURVE('',#6972,#6973,#1367,.T.);
#8635=EDGE_CURVE('',#6973,#6974,#1368,.T.);
#8636=EDGE_CURVE('',#6974,#6975,#1369,.T.);
#8637=EDGE_CURVE('',#6975,#6972,#1370,.T.);
#8638=EDGE_CURVE('',#6976,#6977,#1371,.T.);
#8639=EDGE_CURVE('',#6977,#6978,#1372,.T.);
#8640=EDGE_CURVE('',#6978,#6979,#1373,.T.);
#8641=EDGE_CURVE('',#6979,#6976,#1374,.T.);
#8642=EDGE_CURVE('',#6980,#6981,#1375,.T.);
#8643=EDGE_CURVE('',#6981,#6982,#1376,.T.);
#8644=EDGE_CURVE('',#6982,#6983,#1377,.T.);
#8645=EDGE_CURVE('',#6983,#6980,#1378,.T.);
#8646=EDGE_CURVE('',#6984,#6985,#1379,.T.);
#8647=EDGE_CURVE('',#6985,#6986,#1380,.T.);
#8648=EDGE_CURVE('',#6986,#6987,#1381,.T.);
#8649=EDGE_CURVE('',#6987,#6984,#1382,.T.);
#8650=EDGE_CURVE('',#6988,#6989,#1383,.T.);
#8651=EDGE_CURVE('',#6989,#6990,#1384,.T.);
#8652=EDGE_CURVE('',#6990,#6991,#1385,.T.);
#8653=EDGE_CURVE('',#6991,#6988,#1386,.T.);
#8654=EDGE_CURVE('',#6992,#6993,#1387,.T.);
#8655=EDGE_CURVE('',#6993,#6994,#1388,.T.);
#8656=EDGE_CURVE('',#6994,#6995,#1389,.T.);
#8657=EDGE_CURVE('',#6995,#6992,#1390,.T.);
#8658=EDGE_CURVE('',#6996,#6997,#1391,.T.);
#8659=EDGE_CURVE('',#6997,#6998,#1392,.T.);
#8660=EDGE_CURVE('',#6998,#6999,#1393,.T.);
#8661=EDGE_CURVE('',#6999,#6996,#1394,.T.);
#8662=EDGE_CURVE('',#7000,#7001,#1395,.T.);
#8663=EDGE_CURVE('',#7001,#7002,#1396,.T.);
#8664=EDGE_CURVE('',#7002,#7003,#1397,.T.);
#8665=EDGE_CURVE('',#7003,#7000,#1398,.T.);
#8666=EDGE_CURVE('',#7004,#7005,#1399,.T.);
#8667=EDGE_CURVE('',#7005,#7006,#1400,.T.);
#8668=EDGE_CURVE('',#7006,#7007,#1401,.T.);
#8669=EDGE_CURVE('',#7007,#7004,#1402,.T.);
#8670=EDGE_CURVE('',#7008,#7009,#1403,.T.);
#8671=EDGE_CURVE('',#7009,#7010,#1404,.T.);
#8672=EDGE_CURVE('',#7010,#7011,#1405,.T.);
#8673=EDGE_CURVE('',#7011,#7008,#1406,.T.);
#8674=EDGE_CURVE('',#7012,#7013,#1407,.T.);
#8675=EDGE_CURVE('',#7013,#7014,#1408,.T.);
#8676=EDGE_CURVE('',#7014,#7015,#1409,.T.);
#8677=EDGE_CURVE('',#7015,#7012,#1410,.T.);
#8678=EDGE_CURVE('',#7016,#7017,#1411,.T.);
#8679=EDGE_CURVE('',#7017,#7018,#1412,.T.);
#8680=EDGE_CURVE('',#7018,#7019,#1413,.T.);
#8681=EDGE_CURVE('',#7019,#7016,#1414,.T.);
#8682=EDGE_CURVE('',#7020,#7021,#1415,.T.);
#8683=EDGE_CURVE('',#7021,#7022,#1416,.T.);
#8684=EDGE_CURVE('',#7022,#7023,#1417,.T.);
#8685=EDGE_CURVE('',#7023,#7020,#1418,.T.);
#8686=EDGE_CURVE('',#7024,#7025,#1419,.T.);
#8687=EDGE_CURVE('',#7025,#7026,#1420,.T.);
#8688=EDGE_CURVE('',#7026,#7027,#1421,.T.);
#8689=EDGE_CURVE('',#7027,#7024,#1422,.T.);
#8690=EDGE_CURVE('',#7028,#7029,#1423,.T.);
#8691=EDGE_CURVE('',#7029,#7030,#1424,.T.);
#8692=EDGE_CURVE('',#7030,#7031,#1425,.T.);
#8693=EDGE_CURVE('',#7031,#7028,#1426,.T.);
#8694=EDGE_CURVE('',#7032,#7033,#1427,.T.);
#8695=EDGE_CURVE('',#7033,#7034,#1428,.T.);
#8696=EDGE_CURVE('',#7034,#7035,#1429,.T.);
#8697=EDGE_CURVE('',#7035,#7032,#1430,.T.);
#8698=EDGE_CURVE('',#7036,#7037,#1431,.T.);
#8699=EDGE_CURVE('',#7037,#7038,#1432,.T.);
#8700=EDGE_CURVE('',#7038,#7039,#1433,.T.);
#8701=EDGE_CURVE('',#7039,#7036,#1434,.T.);
#8702=EDGE_CURVE('',#7040,#7041,#1435,.T.);
#8703=EDGE_CURVE('',#7041,#7042,#1436,.T.);
#8704=EDGE_CURVE('',#7042,#7043,#1437,.T.);
#8705=EDGE_CURVE('',#7043,#7044,#1438,.T.);
#8706=EDGE_CURVE('',#7044,#7045,#1439,.T.);
#8707=EDGE_CURVE('',#7045,#7046,#1440,.T.);
#8708=EDGE_CURVE('',#7046,#7047,#1441,.T.);
#8709=EDGE_CURVE('',#7047,#7048,#1442,.T.);
#8710=EDGE_CURVE('',#7048,#7049,#1443,.T.);
#8711=EDGE_CURVE('',#7049,#7050,#1444,.T.);
#8712=EDGE_CURVE('',#7050,#7051,#1445,.T.);
#8713=EDGE_CURVE('',#7051,#7040,#1446,.T.);
#8714=EDGE_CURVE('',#7052,#7053,#1447,.T.);
#8715=EDGE_CURVE('',#7053,#7054,#1448,.T.);
#8716=EDGE_CURVE('',#7054,#7055,#1449,.T.);
#8717=EDGE_CURVE('',#7055,#7056,#1450,.T.);
#8718=EDGE_CURVE('',#7056,#7057,#1451,.T.);
#8719=EDGE_CURVE('',#7057,#7058,#1452,.T.);
#8720=EDGE_CURVE('',#7058,#7059,#1453,.T.);
#8721=EDGE_CURVE('',#7059,#7060,#1454,.T.);
#8722=EDGE_CURVE('',#7060,#7061,#1455,.T.);
#8723=EDGE_CURVE('',#7061,#7062,#1456,.T.);
#8724=EDGE_CURVE('',#7062,#7063,#1457,.T.);
#8725=EDGE_CURVE('',#7063,#7052,#1458,.T.);
#8726=EDGE_CURVE('',#7064,#7065,#1459,.T.);
#8727=EDGE_CURVE('',#7065,#7066,#1460,.T.);
#8728=EDGE_CURVE('',#7066,#7067,#1461,.T.);
#8729=EDGE_CURVE('',#7067,#7068,#1462,.T.);
#8730=EDGE_CURVE('',#7068,#7069,#1463,.T.);
#8731=EDGE_CURVE('',#7069,#7070,#1464,.T.);
#8732=EDGE_CURVE('',#7070,#7071,#1465,.T.);
#8733=EDGE_CURVE('',#7071,#7072,#1466,.T.);
#8734=EDGE_CURVE('',#7072,#7073,#1467,.T.);
#8735=EDGE_CURVE('',#7073,#7074,#1468,.T.);
#8736=EDGE_CURVE('',#7074,#7075,#1469,.T.);
#8737=EDGE_CURVE('',#7075,#7064,#1470,.T.);
#8738=EDGE_CURVE('',#7076,#7076,#6105,.T.);
#8739=EDGE_CURVE('',#6951,#7077,#1471,.T.);
#8740=EDGE_CURVE('',#7077,#6933,#1472,.T.);
#8741=EDGE_CURVE('',#6928,#7078,#1473,.T.);
#8742=EDGE_CURVE('',#6936,#7078,#1474,.T.);
#8743=EDGE_CURVE('',#6941,#6942,#6106,.T.);
#8744=EDGE_CURVE('',#7079,#6940,#6151,.T.);
#8745=EDGE_CURVE('',#7080,#7079,#6107,.T.);
#8746=EDGE_CURVE('',#6943,#7080,#6152,.T.);
#8747=EDGE_CURVE('',#6945,#6946,#6108,.T.);
#8748=EDGE_CURVE('',#7081,#6944,#6153,.T.);
#8749=EDGE_CURVE('',#7082,#7081,#6109,.T.);
#8750=EDGE_CURVE('',#6947,#7082,#6154,.T.);
#8751=EDGE_CURVE('',#7083,#7079,#1475,.T.);
#8752=EDGE_CURVE('',#7084,#7083,#1476,.T.);
#8753=EDGE_CURVE('',#7085,#7084,#1477,.T.);
#8754=EDGE_CURVE('',#7086,#7085,#1478,.T.);
#8755=EDGE_CURVE('',#7082,#7086,#1479,.T.);
#8756=EDGE_CURVE('',#7080,#7081,#1480,.T.);
#8757=EDGE_CURVE('',#6948,#7086,#1481,.T.);
#8758=EDGE_CURVE('',#6939,#7083,#1482,.T.);
#8759=EDGE_CURVE('',#7076,#7087,#1483,.T.);
#8760=EDGE_CURVE('',#7087,#7087,#6110,.T.);
#8761=EDGE_CURVE('',#7064,#7088,#1484,.T.);
#8762=EDGE_CURVE('',#7088,#7089,#1485,.T.);
#8763=EDGE_CURVE('',#7065,#7089,#1486,.T.);
#8764=EDGE_CURVE('',#7075,#7090,#1487,.T.);
#8765=EDGE_CURVE('',#7090,#7088,#1488,.T.);
#8766=EDGE_CURVE('',#7074,#7091,#1489,.T.);
#8767=EDGE_CURVE('',#7091,#7090,#1490,.T.);
#8768=EDGE_CURVE('',#7073,#7092,#1491,.T.);
#8769=EDGE_CURVE('',#7092,#7091,#1492,.T.);
#8770=EDGE_CURVE('',#7072,#7093,#1493,.T.);
#8771=EDGE_CURVE('',#7093,#7092,#1494,.T.);
#8772=EDGE_CURVE('',#7071,#7094,#1495,.T.);
#8773=EDGE_CURVE('',#7094,#7093,#1496,.T.);
#8774=EDGE_CURVE('',#7070,#7095,#1497,.T.);
#8775=EDGE_CURVE('',#7095,#7094,#1498,.T.);
#8776=EDGE_CURVE('',#7069,#7096,#1499,.T.);
#8777=EDGE_CURVE('',#7096,#7095,#1500,.T.);
#8778=EDGE_CURVE('',#7068,#7097,#1501,.T.);
#8779=EDGE_CURVE('',#7097,#7096,#1502,.T.);
#8780=EDGE_CURVE('',#7067,#7098,#1503,.T.);
#8781=EDGE_CURVE('',#7098,#7097,#1504,.T.);
#8782=EDGE_CURVE('',#7066,#7099,#1505,.T.);
#8783=EDGE_CURVE('',#7099,#7098,#1506,.T.);
#8784=EDGE_CURVE('',#7089,#7099,#1507,.T.);
#8785=EDGE_CURVE('',#7052,#7100,#1508,.T.);
#8786=EDGE_CURVE('',#7100,#7101,#1509,.T.);
#8787=EDGE_CURVE('',#7053,#7101,#1510,.T.);
#8788=EDGE_CURVE('',#7063,#7102,#1511,.T.);
#8789=EDGE_CURVE('',#7102,#7100,#1512,.T.);
#8790=EDGE_CURVE('',#7062,#7103,#1513,.T.);
#8791=EDGE_CURVE('',#7103,#7102,#1514,.T.);
#8792=EDGE_CURVE('',#7061,#7104,#1515,.T.);
#8793=EDGE_CURVE('',#7104,#7103,#1516,.T.);
#8794=EDGE_CURVE('',#7060,#7105,#1517,.T.);
#8795=EDGE_CURVE('',#7105,#7104,#1518,.T.);
#8796=EDGE_CURVE('',#7059,#7106,#1519,.T.);
#8797=EDGE_CURVE('',#7106,#7105,#1520,.T.);
#8798=EDGE_CURVE('',#7058,#7107,#1521,.T.);
#8799=EDGE_CURVE('',#7107,#7106,#1522,.T.);
#8800=EDGE_CURVE('',#7057,#7108,#1523,.T.);
#8801=EDGE_CURVE('',#7108,#7107,#1524,.T.);
#8802=EDGE_CURVE('',#7056,#7109,#1525,.T.);
#8803=EDGE_CURVE('',#7109,#7108,#1526,.T.);
#8804=EDGE_CURVE('',#7055,#7110,#1527,.T.);
#8805=EDGE_CURVE('',#7110,#7109,#1528,.T.);
#8806=EDGE_CURVE('',#7054,#7111,#1529,.T.);
#8807=EDGE_CURVE('',#7111,#7110,#1530,.T.);
#8808=EDGE_CURVE('',#7101,#7111,#1531,.T.);
#8809=EDGE_CURVE('',#7040,#7112,#1532,.T.);
#8810=EDGE_CURVE('',#7112,#7113,#1533,.T.);
#8811=EDGE_CURVE('',#7041,#7113,#1534,.T.);
#8812=EDGE_CURVE('',#7051,#7114,#1535,.T.);
#8813=EDGE_CURVE('',#7114,#7112,#1536,.T.);
#8814=EDGE_CURVE('',#7050,#7115,#1537,.T.);
#8815=EDGE_CURVE('',#7115,#7114,#1538,.T.);
#8816=EDGE_CURVE('',#7049,#7116,#1539,.T.);
#8817=EDGE_CURVE('',#7116,#7115,#1540,.T.);
#8818=EDGE_CURVE('',#7048,#7117,#1541,.T.);
#8819=EDGE_CURVE('',#7117,#7116,#1542,.T.);
#8820=EDGE_CURVE('',#7047,#7118,#1543,.T.);
#8821=EDGE_CURVE('',#7118,#7117,#1544,.T.);
#8822=EDGE_CURVE('',#7046,#7119,#1545,.T.);
#8823=EDGE_CURVE('',#7119,#7118,#1546,.T.);
#8824=EDGE_CURVE('',#7045,#7120,#1547,.T.);
#8825=EDGE_CURVE('',#7120,#7119,#1548,.T.);
#8826=EDGE_CURVE('',#7044,#7121,#1549,.T.);
#8827=EDGE_CURVE('',#7121,#7120,#1550,.T.);
#8828=EDGE_CURVE('',#7043,#7122,#1551,.T.);
#8829=EDGE_CURVE('',#7122,#7121,#1552,.T.);
#8830=EDGE_CURVE('',#7042,#7123,#1553,.T.);
#8831=EDGE_CURVE('',#7123,#7122,#1554,.T.);
#8832=EDGE_CURVE('',#7113,#7123,#1555,.T.);
#8833=EDGE_CURVE('',#7036,#7124,#1556,.T.);
#8834=EDGE_CURVE('',#7124,#7125,#1557,.T.);
#8835=EDGE_CURVE('',#7037,#7125,#1558,.T.);
#8836=EDGE_CURVE('',#7039,#7126,#1559,.T.);
#8837=EDGE_CURVE('',#7126,#7124,#1560,.T.);
#8838=EDGE_CURVE('',#7038,#7127,#1561,.T.);
#8839=EDGE_CURVE('',#7127,#7126,#1562,.T.);
#8840=EDGE_CURVE('',#7125,#7127,#1563,.T.);
#8841=EDGE_CURVE('',#7128,#7129,#1564,.T.);
#8842=EDGE_CURVE('',#7130,#7128,#1565,.T.);
#8843=EDGE_CURVE('',#7131,#7130,#1566,.T.);
#8844=EDGE_CURVE('',#7129,#7131,#1567,.T.);
#8845=EDGE_CURVE('',#7032,#7132,#1568,.T.);
#8846=EDGE_CURVE('',#7132,#7133,#1569,.T.);
#8847=EDGE_CURVE('',#7033,#7133,#1570,.T.);
#8848=EDGE_CURVE('',#7035,#7134,#1571,.T.);
#8849=EDGE_CURVE('',#7134,#7132,#1572,.T.);
#8850=EDGE_CURVE('',#7034,#7135,#1573,.T.);
#8851=EDGE_CURVE('',#7135,#7134,#1574,.T.);
#8852=EDGE_CURVE('',#7133,#7135,#1575,.T.);
#8853=EDGE_CURVE('',#7136,#7137,#1576,.T.);
#8854=EDGE_CURVE('',#7138,#7136,#1577,.T.);
#8855=EDGE_CURVE('',#7139,#7138,#1578,.T.);
#8856=EDGE_CURVE('',#7137,#7139,#1579,.T.);
#8857=EDGE_CURVE('',#7028,#7140,#1580,.T.);
#8858=EDGE_CURVE('',#7140,#7141,#1581,.T.);
#8859=EDGE_CURVE('',#7029,#7141,#1582,.T.);
#8860=EDGE_CURVE('',#7031,#7142,#1583,.T.);
#8861=EDGE_CURVE('',#7142,#7140,#1584,.T.);
#8862=EDGE_CURVE('',#7030,#7143,#1585,.T.);
#8863=EDGE_CURVE('',#7143,#7142,#1586,.T.);
#8864=EDGE_CURVE('',#7141,#7143,#1587,.T.);
#8865=EDGE_CURVE('',#7144,#7145,#1588,.T.);
#8866=EDGE_CURVE('',#7146,#7144,#1589,.T.);
#8867=EDGE_CURVE('',#7147,#7146,#1590,.T.);
#8868=EDGE_CURVE('',#7145,#7147,#1591,.T.);
#8869=EDGE_CURVE('',#7130,#7148,#1592,.T.);
#8870=EDGE_CURVE('',#7149,#7148,#1593,.T.);
#8871=EDGE_CURVE('',#7131,#7149,#1594,.T.);
#8872=EDGE_CURVE('',#7128,#7150,#1595,.T.);
#8873=EDGE_CURVE('',#7148,#7150,#1596,.T.);
#8874=EDGE_CURVE('',#7138,#7151,#1597,.T.);
#8875=EDGE_CURVE('',#7152,#7151,#1598,.T.);
#8876=EDGE_CURVE('',#7139,#7152,#1599,.T.);
#8877=EDGE_CURVE('',#7136,#7153,#1600,.T.);
#8878=EDGE_CURVE('',#7151,#7153,#1601,.T.);
#8879=EDGE_CURVE('',#7146,#7154,#1602,.T.);
#8880=EDGE_CURVE('',#7155,#7154,#1603,.T.);
#8881=EDGE_CURVE('',#7147,#7155,#1604,.T.);
#8882=EDGE_CURVE('',#7144,#7156,#1605,.T.);
#8883=EDGE_CURVE('',#7154,#7156,#1606,.T.);
#8884=EDGE_CURVE('',#7024,#7157,#1607,.T.);
#8885=EDGE_CURVE('',#7157,#7158,#1608,.T.);
#8886=EDGE_CURVE('',#7025,#7158,#1609,.T.);
#8887=EDGE_CURVE('',#7027,#7159,#1610,.T.);
#8888=EDGE_CURVE('',#7159,#7157,#1611,.T.);
#8889=EDGE_CURVE('',#7026,#7160,#1612,.T.);
#8890=EDGE_CURVE('',#7160,#7159,#1613,.T.);
#8891=EDGE_CURVE('',#7158,#7160,#1614,.T.);
#8892=EDGE_CURVE('',#7161,#7162,#1615,.T.);
#8893=EDGE_CURVE('',#7163,#7161,#1616,.T.);
#8894=EDGE_CURVE('',#7164,#7163,#1617,.T.);
#8895=EDGE_CURVE('',#7162,#7164,#1618,.T.);
#8896=EDGE_CURVE('',#7163,#7165,#1619,.T.);
#8897=EDGE_CURVE('',#7166,#7165,#1620,.T.);
#8898=EDGE_CURVE('',#7164,#7166,#1621,.T.);
#8899=EDGE_CURVE('',#7161,#7167,#1622,.T.);
#8900=EDGE_CURVE('',#7165,#7167,#1623,.T.);
#8901=EDGE_CURVE('',#7020,#7168,#1624,.T.);
#8902=EDGE_CURVE('',#7168,#7169,#1625,.T.);
#8903=EDGE_CURVE('',#7021,#7169,#1626,.T.);
#8904=EDGE_CURVE('',#7023,#7170,#1627,.T.);
#8905=EDGE_CURVE('',#7170,#7168,#1628,.T.);
#8906=EDGE_CURVE('',#7022,#7171,#1629,.T.);
#8907=EDGE_CURVE('',#7171,#7170,#1630,.T.);
#8908=EDGE_CURVE('',#7169,#7171,#1631,.T.);
#8909=EDGE_CURVE('',#7172,#7173,#1632,.T.);
#8910=EDGE_CURVE('',#7174,#7172,#1633,.T.);
#8911=EDGE_CURVE('',#7175,#7174,#1634,.T.);
#8912=EDGE_CURVE('',#7173,#7175,#1635,.T.);
#8913=EDGE_CURVE('',#7016,#7176,#1636,.T.);
#8914=EDGE_CURVE('',#7176,#7177,#1637,.T.);
#8915=EDGE_CURVE('',#7017,#7177,#1638,.T.);
#8916=EDGE_CURVE('',#7019,#7178,#1639,.T.);
#8917=EDGE_CURVE('',#7178,#7176,#1640,.T.);
#8918=EDGE_CURVE('',#7018,#7179,#1641,.T.);
#8919=EDGE_CURVE('',#7179,#7178,#1642,.T.);
#8920=EDGE_CURVE('',#7177,#7179,#1643,.T.);
#8921=EDGE_CURVE('',#7180,#7181,#1644,.T.);
#8922=EDGE_CURVE('',#7182,#7180,#1645,.T.);
#8923=EDGE_CURVE('',#7183,#7182,#1646,.T.);
#8924=EDGE_CURVE('',#7181,#7183,#1647,.T.);
#8925=EDGE_CURVE('',#7012,#7184,#1648,.T.);
#8926=EDGE_CURVE('',#7184,#7185,#1649,.T.);
#8927=EDGE_CURVE('',#7013,#7185,#1650,.T.);
#8928=EDGE_CURVE('',#7015,#7186,#1651,.T.);
#8929=EDGE_CURVE('',#7186,#7184,#1652,.T.);
#8930=EDGE_CURVE('',#7014,#7187,#1653,.T.);
#8931=EDGE_CURVE('',#7187,#7186,#1654,.T.);
#8932=EDGE_CURVE('',#7185,#7187,#1655,.T.);
#8933=EDGE_CURVE('',#7188,#7189,#1656,.T.);
#8934=EDGE_CURVE('',#7190,#7188,#1657,.T.);
#8935=EDGE_CURVE('',#7191,#7190,#1658,.T.);
#8936=EDGE_CURVE('',#7189,#7191,#1659,.T.);
#8937=EDGE_CURVE('',#7008,#7192,#1660,.T.);
#8938=EDGE_CURVE('',#7192,#7193,#1661,.T.);
#8939=EDGE_CURVE('',#7009,#7193,#1662,.T.);
#8940=EDGE_CURVE('',#7011,#7194,#1663,.T.);
#8941=EDGE_CURVE('',#7194,#7192,#1664,.T.);
#8942=EDGE_CURVE('',#7010,#7195,#1665,.T.);
#8943=EDGE_CURVE('',#7195,#7194,#1666,.T.);
#8944=EDGE_CURVE('',#7193,#7195,#1667,.T.);
#8945=EDGE_CURVE('',#7196,#7197,#1668,.T.);
#8946=EDGE_CURVE('',#7198,#7196,#1669,.T.);
#8947=EDGE_CURVE('',#7199,#7198,#1670,.T.);
#8948=EDGE_CURVE('',#7197,#7199,#1671,.T.);
#8949=EDGE_CURVE('',#7004,#7200,#1672,.T.);
#8950=EDGE_CURVE('',#7200,#7201,#1673,.T.);
#8951=EDGE_CURVE('',#7005,#7201,#1674,.T.);
#8952=EDGE_CURVE('',#7007,#7202,#1675,.T.);
#8953=EDGE_CURVE('',#7202,#7200,#1676,.T.);
#8954=EDGE_CURVE('',#7006,#7203,#1677,.T.);
#8955=EDGE_CURVE('',#7203,#7202,#1678,.T.);
#8956=EDGE_CURVE('',#7201,#7203,#1679,.T.);
#8957=EDGE_CURVE('',#7204,#7205,#1680,.T.);
#8958=EDGE_CURVE('',#7206,#7204,#1681,.T.);
#8959=EDGE_CURVE('',#7207,#7206,#1682,.T.);
#8960=EDGE_CURVE('',#7205,#7207,#1683,.T.);
#8961=EDGE_CURVE('',#7000,#7208,#1684,.T.);
#8962=EDGE_CURVE('',#7208,#7209,#1685,.T.);
#8963=EDGE_CURVE('',#7001,#7209,#1686,.T.);
#8964=EDGE_CURVE('',#7003,#7210,#1687,.T.);
#8965=EDGE_CURVE('',#7210,#7208,#1688,.T.);
#8966=EDGE_CURVE('',#7002,#7211,#1689,.T.);
#8967=EDGE_CURVE('',#7211,#7210,#1690,.T.);
#8968=EDGE_CURVE('',#7209,#7211,#1691,.T.);
#8969=EDGE_CURVE('',#7212,#7213,#1692,.T.);
#8970=EDGE_CURVE('',#7214,#7212,#1693,.T.);
#8971=EDGE_CURVE('',#7215,#7214,#1694,.T.);
#8972=EDGE_CURVE('',#7213,#7215,#1695,.T.);
#8973=EDGE_CURVE('',#6996,#7216,#1696,.T.);
#8974=EDGE_CURVE('',#7216,#7217,#1697,.T.);
#8975=EDGE_CURVE('',#6997,#7217,#1698,.T.);
#8976=EDGE_CURVE('',#6999,#7218,#1699,.T.);
#8977=EDGE_CURVE('',#7218,#7216,#1700,.T.);
#8978=EDGE_CURVE('',#6998,#7219,#1701,.T.);
#8979=EDGE_CURVE('',#7219,#7218,#1702,.T.);
#8980=EDGE_CURVE('',#7217,#7219,#1703,.T.);
#8981=EDGE_CURVE('',#7220,#7221,#1704,.T.);
#8982=EDGE_CURVE('',#7222,#7220,#1705,.T.);
#8983=EDGE_CURVE('',#7223,#7222,#1706,.T.);
#8984=EDGE_CURVE('',#7221,#7223,#1707,.T.);
#8985=EDGE_CURVE('',#6992,#7224,#1708,.T.);
#8986=EDGE_CURVE('',#7224,#7225,#1709,.T.);
#8987=EDGE_CURVE('',#6993,#7225,#1710,.T.);
#8988=EDGE_CURVE('',#6995,#7226,#1711,.T.);
#8989=EDGE_CURVE('',#7226,#7224,#1712,.T.);
#8990=EDGE_CURVE('',#6994,#7227,#1713,.T.);
#8991=EDGE_CURVE('',#7227,#7226,#1714,.T.);
#8992=EDGE_CURVE('',#7225,#7227,#1715,.T.);
#8993=EDGE_CURVE('',#7228,#7229,#1716,.T.);
#8994=EDGE_CURVE('',#7230,#7228,#1717,.T.);
#8995=EDGE_CURVE('',#7231,#7230,#1718,.T.);
#8996=EDGE_CURVE('',#7229,#7231,#1719,.T.);
#8997=EDGE_CURVE('',#6988,#7232,#1720,.T.);
#8998=EDGE_CURVE('',#7232,#7233,#1721,.T.);
#8999=EDGE_CURVE('',#6989,#7233,#1722,.T.);
#9000=EDGE_CURVE('',#6991,#7234,#1723,.T.);
#9001=EDGE_CURVE('',#7234,#7232,#1724,.T.);
#9002=EDGE_CURVE('',#6990,#7235,#1725,.T.);
#9003=EDGE_CURVE('',#7235,#7234,#1726,.T.);
#9004=EDGE_CURVE('',#7233,#7235,#1727,.T.);
#9005=EDGE_CURVE('',#7236,#7237,#1728,.T.);
#9006=EDGE_CURVE('',#7238,#7236,#1729,.T.);
#9007=EDGE_CURVE('',#7239,#7238,#1730,.T.);
#9008=EDGE_CURVE('',#7237,#7239,#1731,.T.);
#9009=EDGE_CURVE('',#6984,#7240,#1732,.T.);
#9010=EDGE_CURVE('',#7240,#7241,#1733,.T.);
#9011=EDGE_CURVE('',#6985,#7241,#1734,.T.);
#9012=EDGE_CURVE('',#6987,#7242,#1735,.T.);
#9013=EDGE_CURVE('',#7242,#7240,#1736,.T.);
#9014=EDGE_CURVE('',#6986,#7243,#1737,.T.);
#9015=EDGE_CURVE('',#7243,#7242,#1738,.T.);
#9016=EDGE_CURVE('',#7241,#7243,#1739,.T.);
#9017=EDGE_CURVE('',#7244,#7245,#1740,.T.);
#9018=EDGE_CURVE('',#7246,#7244,#1741,.T.);
#9019=EDGE_CURVE('',#7247,#7246,#1742,.T.);
#9020=EDGE_CURVE('',#7245,#7247,#1743,.T.);
#9021=EDGE_CURVE('',#6980,#7248,#1744,.T.);
#9022=EDGE_CURVE('',#7248,#7249,#1745,.T.);
#9023=EDGE_CURVE('',#6981,#7249,#1746,.T.);
#9024=EDGE_CURVE('',#6983,#7250,#1747,.T.);
#9025=EDGE_CURVE('',#7250,#7248,#1748,.T.);
#9026=EDGE_CURVE('',#6982,#7251,#1749,.T.);
#9027=EDGE_CURVE('',#7251,#7250,#1750,.T.);
#9028=EDGE_CURVE('',#7249,#7251,#1751,.T.);
#9029=EDGE_CURVE('',#7252,#7253,#1752,.T.);
#9030=EDGE_CURVE('',#7254,#7252,#1753,.T.);
#9031=EDGE_CURVE('',#7255,#7254,#1754,.T.);
#9032=EDGE_CURVE('',#7253,#7255,#1755,.T.);
#9033=EDGE_CURVE('',#6976,#7256,#1756,.T.);
#9034=EDGE_CURVE('',#7256,#7257,#1757,.T.);
#9035=EDGE_CURVE('',#6977,#7257,#1758,.T.);
#9036=EDGE_CURVE('',#6979,#7258,#1759,.T.);
#9037=EDGE_CURVE('',#7258,#7256,#1760,.T.);
#9038=EDGE_CURVE('',#6978,#7259,#1761,.T.);
#9039=EDGE_CURVE('',#7259,#7258,#1762,.T.);
#9040=EDGE_CURVE('',#7257,#7259,#1763,.T.);
#9041=EDGE_CURVE('',#7260,#7261,#1764,.T.);
#9042=EDGE_CURVE('',#7262,#7260,#1765,.T.);
#9043=EDGE_CURVE('',#7263,#7262,#1766,.T.);
#9044=EDGE_CURVE('',#7261,#7263,#1767,.T.);
#9045=EDGE_CURVE('',#6972,#7264,#1768,.T.);
#9046=EDGE_CURVE('',#7264,#7265,#1769,.T.);
#9047=EDGE_CURVE('',#6973,#7265,#1770,.T.);
#9048=EDGE_CURVE('',#6975,#7266,#1771,.T.);
#9049=EDGE_CURVE('',#7266,#7264,#1772,.T.);
#9050=EDGE_CURVE('',#6974,#7267,#1773,.T.);
#9051=EDGE_CURVE('',#7267,#7266,#1774,.T.);
#9052=EDGE_CURVE('',#7265,#7267,#1775,.T.);
#9053=EDGE_CURVE('',#7268,#7269,#1776,.T.);
#9054=EDGE_CURVE('',#7270,#7268,#1777,.T.);
#9055=EDGE_CURVE('',#7271,#7270,#1778,.T.);
#9056=EDGE_CURVE('',#7269,#7271,#1779,.T.);
#9057=EDGE_CURVE('',#6968,#7272,#1780,.T.);
#9058=EDGE_CURVE('',#7272,#7273,#1781,.T.);
#9059=EDGE_CURVE('',#6969,#7273,#1782,.T.);
#9060=EDGE_CURVE('',#6971,#7274,#1783,.T.);
#9061=EDGE_CURVE('',#7274,#7272,#1784,.T.);
#9062=EDGE_CURVE('',#6970,#7275,#1785,.T.);
#9063=EDGE_CURVE('',#7275,#7274,#1786,.T.);
#9064=EDGE_CURVE('',#7273,#7275,#1787,.T.);
#9065=EDGE_CURVE('',#7276,#7277,#1788,.T.);
#9066=EDGE_CURVE('',#7278,#7276,#1789,.T.);
#9067=EDGE_CURVE('',#7279,#7278,#1790,.T.);
#9068=EDGE_CURVE('',#7277,#7279,#1791,.T.);
#9069=EDGE_CURVE('',#7174,#7280,#1792,.T.);
#9070=EDGE_CURVE('',#7281,#7280,#1793,.T.);
#9071=EDGE_CURVE('',#7175,#7281,#1794,.T.);
#9072=EDGE_CURVE('',#7172,#7282,#1795,.T.);
#9073=EDGE_CURVE('',#7280,#7282,#1796,.T.);
#9074=EDGE_CURVE('',#7182,#7283,#1797,.T.);
#9075=EDGE_CURVE('',#7284,#7283,#1798,.T.);
#9076=EDGE_CURVE('',#7183,#7284,#1799,.T.);
#9077=EDGE_CURVE('',#7180,#7285,#1800,.T.);
#9078=EDGE_CURVE('',#7283,#7285,#1801,.T.);
#9079=EDGE_CURVE('',#7190,#7286,#1802,.T.);
#9080=EDGE_CURVE('',#7287,#7286,#1803,.T.);
#9081=EDGE_CURVE('',#7191,#7287,#1804,.T.);
#9082=EDGE_CURVE('',#7188,#7288,#1805,.T.);
#9083=EDGE_CURVE('',#7286,#7288,#1806,.T.);
#9084=EDGE_CURVE('',#7198,#7289,#1807,.T.);
#9085=EDGE_CURVE('',#7290,#7289,#1808,.T.);
#9086=EDGE_CURVE('',#7199,#7290,#1809,.T.);
#9087=EDGE_CURVE('',#7196,#7291,#1810,.T.);
#9088=EDGE_CURVE('',#7289,#7291,#1811,.T.);
#9089=EDGE_CURVE('',#7206,#7292,#1812,.T.);
#9090=EDGE_CURVE('',#7293,#7292,#1813,.T.);
#9091=EDGE_CURVE('',#7207,#7293,#1814,.T.);
#9092=EDGE_CURVE('',#7204,#7294,#1815,.T.);
#9093=EDGE_CURVE('',#7292,#7294,#1816,.T.);
#9094=EDGE_CURVE('',#7214,#7295,#1817,.T.);
#9095=EDGE_CURVE('',#7296,#7295,#1818,.T.);
#9096=EDGE_CURVE('',#7215,#7296,#1819,.T.);
#9097=EDGE_CURVE('',#7212,#7297,#1820,.T.);
#9098=EDGE_CURVE('',#7295,#7297,#1821,.T.);
#9099=EDGE_CURVE('',#7222,#7298,#1822,.T.);
#9100=EDGE_CURVE('',#7299,#7298,#1823,.T.);
#9101=EDGE_CURVE('',#7223,#7299,#1824,.T.);
#9102=EDGE_CURVE('',#7220,#7300,#1825,.T.);
#9103=EDGE_CURVE('',#7298,#7300,#1826,.T.);
#9104=EDGE_CURVE('',#7230,#7301,#1827,.T.);
#9105=EDGE_CURVE('',#7302,#7301,#1828,.T.);
#9106=EDGE_CURVE('',#7231,#7302,#1829,.T.);
#9107=EDGE_CURVE('',#7228,#7303,#1830,.T.);
#9108=EDGE_CURVE('',#7301,#7303,#1831,.T.);
#9109=EDGE_CURVE('',#7238,#7304,#1832,.T.);
#9110=EDGE_CURVE('',#7305,#7304,#1833,.T.);
#9111=EDGE_CURVE('',#7239,#7305,#1834,.T.);
#9112=EDGE_CURVE('',#7236,#7306,#1835,.T.);
#9113=EDGE_CURVE('',#7304,#7306,#1836,.T.);
#9114=EDGE_CURVE('',#7246,#7307,#1837,.T.);
#9115=EDGE_CURVE('',#7308,#7307,#1838,.T.);
#9116=EDGE_CURVE('',#7247,#7308,#1839,.T.);
#9117=EDGE_CURVE('',#7244,#7309,#1840,.T.);
#9118=EDGE_CURVE('',#7307,#7309,#1841,.T.);
#9119=EDGE_CURVE('',#7254,#7310,#1842,.T.);
#9120=EDGE_CURVE('',#7311,#7310,#1843,.T.);
#9121=EDGE_CURVE('',#7255,#7311,#1844,.T.);
#9122=EDGE_CURVE('',#7252,#7312,#1845,.T.);
#9123=EDGE_CURVE('',#7310,#7312,#1846,.T.);
#9124=EDGE_CURVE('',#7262,#7313,#1847,.T.);
#9125=EDGE_CURVE('',#7314,#7313,#1848,.T.);
#9126=EDGE_CURVE('',#7263,#7314,#1849,.T.);
#9127=EDGE_CURVE('',#7260,#7315,#1850,.T.);
#9128=EDGE_CURVE('',#7313,#7315,#1851,.T.);
#9129=EDGE_CURVE('',#7270,#7316,#1852,.T.);
#9130=EDGE_CURVE('',#7317,#7316,#1853,.T.);
#9131=EDGE_CURVE('',#7271,#7317,#1854,.T.);
#9132=EDGE_CURVE('',#7268,#7318,#1855,.T.);
#9133=EDGE_CURVE('',#7316,#7318,#1856,.T.);
#9134=EDGE_CURVE('',#7278,#7319,#1857,.T.);
#9135=EDGE_CURVE('',#7320,#7319,#1858,.T.);
#9136=EDGE_CURVE('',#7279,#7320,#1859,.T.);
#9137=EDGE_CURVE('',#7276,#7321,#1860,.T.);
#9138=EDGE_CURVE('',#7319,#7321,#1861,.T.);
#9139=EDGE_CURVE('',#6964,#7322,#1862,.T.);
#9140=EDGE_CURVE('',#7322,#7323,#1863,.T.);
#9141=EDGE_CURVE('',#6965,#7323,#1864,.T.);
#9142=EDGE_CURVE('',#6967,#7324,#1865,.T.);
#9143=EDGE_CURVE('',#7324,#7322,#1866,.T.);
#9144=EDGE_CURVE('',#6966,#7325,#1867,.T.);
#9145=EDGE_CURVE('',#7325,#7324,#1868,.T.);
#9146=EDGE_CURVE('',#7323,#7325,#1869,.T.);
#9147=EDGE_CURVE('',#7326,#7327,#1870,.T.);
#9148=EDGE_CURVE('',#7328,#7326,#1871,.T.);
#9149=EDGE_CURVE('',#7329,#7328,#1872,.T.);
#9150=EDGE_CURVE('',#7327,#7329,#1873,.T.);
#9151=EDGE_CURVE('',#6960,#7330,#1874,.T.);
#9152=EDGE_CURVE('',#7330,#7331,#1875,.T.);
#9153=EDGE_CURVE('',#6961,#7331,#1876,.T.);
#9154=EDGE_CURVE('',#6963,#7332,#1877,.T.);
#9155=EDGE_CURVE('',#7332,#7330,#1878,.T.);
#9156=EDGE_CURVE('',#6962,#7333,#1879,.T.);
#9157=EDGE_CURVE('',#7333,#7332,#1880,.T.);
#9158=EDGE_CURVE('',#7331,#7333,#1881,.T.);
#9159=EDGE_CURVE('',#7334,#7335,#1882,.T.);
#9160=EDGE_CURVE('',#7336,#7334,#1883,.T.);
#9161=EDGE_CURVE('',#7337,#7336,#1884,.T.);
#9162=EDGE_CURVE('',#7335,#7337,#1885,.T.);
#9163=EDGE_CURVE('',#6956,#7338,#1886,.T.);
#9164=EDGE_CURVE('',#7338,#7339,#1887,.T.);
#9165=EDGE_CURVE('',#6957,#7339,#1888,.T.);
#9166=EDGE_CURVE('',#6959,#7340,#1889,.T.);
#9167=EDGE_CURVE('',#7340,#7338,#1890,.T.);
#9168=EDGE_CURVE('',#6958,#7341,#1891,.T.);
#9169=EDGE_CURVE('',#7341,#7340,#1892,.T.);
#9170=EDGE_CURVE('',#7339,#7341,#1893,.T.);
#9171=EDGE_CURVE('',#7342,#7343,#1894,.T.);
#9172=EDGE_CURVE('',#7344,#7342,#1895,.T.);
#9173=EDGE_CURVE('',#7345,#7344,#1896,.T.);
#9174=EDGE_CURVE('',#7343,#7345,#1897,.T.);
#9175=EDGE_CURVE('',#7328,#7346,#1898,.T.);
#9176=EDGE_CURVE('',#7347,#7346,#1899,.T.);
#9177=EDGE_CURVE('',#7329,#7347,#1900,.T.);
#9178=EDGE_CURVE('',#7326,#7348,#1901,.T.);
#9179=EDGE_CURVE('',#7346,#7348,#1902,.T.);
#9180=EDGE_CURVE('',#7336,#7349,#1903,.T.);
#9181=EDGE_CURVE('',#7350,#7349,#1904,.T.);
#9182=EDGE_CURVE('',#7337,#7350,#1905,.T.);
#9183=EDGE_CURVE('',#7334,#7351,#1906,.T.);
#9184=EDGE_CURVE('',#7349,#7351,#1907,.T.);
#9185=EDGE_CURVE('',#7344,#7352,#1908,.T.);
#9186=EDGE_CURVE('',#7353,#7352,#1909,.T.);
#9187=EDGE_CURVE('',#7345,#7353,#1910,.T.);
#9188=EDGE_CURVE('',#7342,#7354,#1911,.T.);
#9189=EDGE_CURVE('',#7352,#7354,#1912,.T.);
#9190=EDGE_CURVE('',#6949,#7355,#1913,.T.);
#9191=EDGE_CURVE('',#7355,#7356,#1914,.T.);
#9192=EDGE_CURVE('',#7356,#6950,#1915,.T.);
#9193=EDGE_CURVE('',#7086,#7355,#6111,.T.);
#9194=EDGE_CURVE('',#6938,#7357,#1916,.T.);
#9195=EDGE_CURVE('',#7357,#7083,#6112,.T.);
#9196=EDGE_CURVE('',#6937,#7358,#1917,.T.);
#9197=EDGE_CURVE('',#7358,#7357,#1918,.T.);
#9198=EDGE_CURVE('',#7078,#7358,#6113,.T.);
#9199=EDGE_CURVE('',#6934,#6927,#1919,.T.);
#9200=EDGE_CURVE('',#7356,#7077,#6114,.T.);
#9201=EDGE_CURVE('',#7129,#7359,#1920,.T.);
#9202=EDGE_CURVE('',#7150,#7359,#1921,.T.);
#9203=EDGE_CURVE('',#7359,#7149,#1922,.T.);
#9204=EDGE_CURVE('',#7269,#7360,#1923,.T.);
#9205=EDGE_CURVE('',#7318,#7360,#1924,.T.);
#9206=EDGE_CURVE('',#7360,#7317,#1925,.T.);
#9207=EDGE_CURVE('',#7361,#7361,#6115,.T.);
#9208=EDGE_CURVE('',#7361,#6952,#1926,.T.);
#9209=EDGE_CURVE('',#7137,#7362,#1927,.T.);
#9210=EDGE_CURVE('',#7153,#7362,#1928,.T.);
#9211=EDGE_CURVE('',#7362,#7152,#1929,.T.);
#9212=EDGE_CURVE('',#7237,#7363,#1930,.T.);
#9213=EDGE_CURVE('',#7306,#7363,#1931,.T.);
#9214=EDGE_CURVE('',#7363,#7305,#1932,.T.);
#9215=EDGE_CURVE('',#7181,#7364,#1933,.T.);
#9216=EDGE_CURVE('',#7285,#7364,#1934,.T.);
#9217=EDGE_CURVE('',#7364,#7284,#1935,.T.);
#9218=EDGE_CURVE('',#7365,#7365,#6116,.T.);
#9219=EDGE_CURVE('',#7365,#6953,#1936,.T.);
#9220=EDGE_CURVE('',#7366,#7366,#6117,.T.);
#9221=EDGE_CURVE('',#7366,#6954,#1937,.T.);
#9222=EDGE_CURVE('',#7213,#7367,#1938,.T.);
#9223=EDGE_CURVE('',#7297,#7367,#1939,.T.);
#9224=EDGE_CURVE('',#7367,#7296,#1940,.T.);
#9225=EDGE_CURVE('',#7189,#7368,#1941,.T.);
#9226=EDGE_CURVE('',#7288,#7368,#1942,.T.);
#9227=EDGE_CURVE('',#7368,#7287,#1943,.T.);
#9228=EDGE_CURVE('',#7221,#7369,#1944,.T.);
#9229=EDGE_CURVE('',#7300,#7369,#1945,.T.);
#9230=EDGE_CURVE('',#7369,#7299,#1946,.T.);
#9231=EDGE_CURVE('',#7173,#7370,#1947,.T.);
#9232=EDGE_CURVE('',#7282,#7370,#1948,.T.);
#9233=EDGE_CURVE('',#7370,#7281,#1949,.T.);
#9234=EDGE_CURVE('',#7371,#7371,#6118,.T.);
#9235=EDGE_CURVE('',#7371,#6955,#1950,.T.);
#9236=EDGE_CURVE('',#7335,#7372,#1951,.T.);
#9237=EDGE_CURVE('',#7351,#7372,#1952,.T.);
#9238=EDGE_CURVE('',#7372,#7350,#1953,.T.);
#9239=EDGE_CURVE('',#7205,#7373,#1954,.T.);
#9240=EDGE_CURVE('',#7294,#7373,#1955,.T.);
#9241=EDGE_CURVE('',#7373,#7293,#1956,.T.);
#9242=EDGE_CURVE('',#7253,#7374,#1957,.T.);
#9243=EDGE_CURVE('',#7312,#7374,#1958,.T.);
#9244=EDGE_CURVE('',#7374,#7311,#1959,.T.);
#9245=EDGE_CURVE('',#7162,#7375,#1960,.T.);
#9246=EDGE_CURVE('',#7167,#7375,#1961,.T.);
#9247=EDGE_CURVE('',#7375,#7166,#1962,.T.);
#9248=EDGE_CURVE('',#7145,#7376,#1963,.T.);
#9249=EDGE_CURVE('',#7156,#7376,#1964,.T.);
#9250=EDGE_CURVE('',#7376,#7155,#1965,.T.);
#9251=EDGE_CURVE('',#7277,#7377,#1966,.T.);
#9252=EDGE_CURVE('',#7321,#7377,#1967,.T.);
#9253=EDGE_CURVE('',#7377,#7320,#1968,.T.);
#9254=EDGE_CURVE('',#7327,#7378,#1969,.T.);
#9255=EDGE_CURVE('',#7348,#7378,#1970,.T.);
#9256=EDGE_CURVE('',#7378,#7347,#1971,.T.);
#9257=EDGE_CURVE('',#7229,#7379,#1972,.T.);
#9258=EDGE_CURVE('',#7303,#7379,#1973,.T.);
#9259=EDGE_CURVE('',#7379,#7302,#1974,.T.);
#9260=EDGE_CURVE('',#7261,#7380,#1975,.T.);
#9261=EDGE_CURVE('',#7315,#7380,#1976,.T.);
#9262=EDGE_CURVE('',#7380,#7314,#1977,.T.);
#9263=EDGE_CURVE('',#7245,#7381,#1978,.T.);
#9264=EDGE_CURVE('',#7309,#7381,#1979,.T.);
#9265=EDGE_CURVE('',#7381,#7308,#1980,.T.);
#9266=EDGE_CURVE('',#7197,#7382,#1981,.T.);
#9267=EDGE_CURVE('',#7291,#7382,#1982,.T.);
#9268=EDGE_CURVE('',#7382,#7290,#1983,.T.);
#9269=EDGE_CURVE('',#7343,#7383,#1984,.T.);
#9270=EDGE_CURVE('',#7354,#7383,#1985,.T.);
#9271=EDGE_CURVE('',#7383,#7353,#1986,.T.);
#9272=EDGE_CURVE('',#7384,#7085,#6119,.T.);
#9273=EDGE_CURVE('',#7355,#7384,#1987,.T.);
#9274=EDGE_CURVE('',#7385,#7384,#1988,.T.);
#9275=EDGE_CURVE('',#7356,#7385,#1989,.T.);
#9276=EDGE_CURVE('',#7386,#7385,#6120,.T.);
#9277=EDGE_CURVE('',#7077,#7386,#1990,.T.);
#9278=EDGE_CURVE('',#7387,#7386,#1991,.T.);
#9279=EDGE_CURVE('',#7078,#7387,#1992,.T.);
#9280=EDGE_CURVE('',#7388,#7387,#6121,.T.);
#9281=EDGE_CURVE('',#7358,#7388,#1993,.T.);
#9282=EDGE_CURVE('',#7389,#7388,#1994,.T.);
#9283=EDGE_CURVE('',#7357,#7389,#1995,.T.);
#9284=EDGE_CURVE('',#7084,#7389,#6122,.T.);
#9285=ORIENTED_EDGE('',*,*,#7390,.F.);
#9286=ORIENTED_EDGE('',*,*,#7391,.F.);
#9287=ORIENTED_EDGE('',*,*,#7392,.T.);
#9288=ORIENTED_EDGE('',*,*,#7393,.F.);
#9289=ORIENTED_EDGE('',*,*,#7394,.F.);
#9290=ORIENTED_EDGE('',*,*,#7395,.F.);
#9291=ORIENTED_EDGE('',*,*,#7396,.F.);
#9292=ORIENTED_EDGE('',*,*,#7392,.F.);
#9293=ORIENTED_EDGE('',*,*,#7397,.F.);
#9294=ORIENTED_EDGE('',*,*,#7398,.F.);
#9295=ORIENTED_EDGE('',*,*,#7399,.T.);
#9296=ORIENTED_EDGE('',*,*,#7400,.F.);
#9297=ORIENTED_EDGE('',*,*,#7401,.F.);
#9298=ORIENTED_EDGE('',*,*,#7402,.F.);
#9299=ORIENTED_EDGE('',*,*,#7403,.F.);
#9300=ORIENTED_EDGE('',*,*,#7399,.F.);
#9301=ORIENTED_EDGE('',*,*,#7395,.T.);
#9302=ORIENTED_EDGE('',*,*,#7404,.F.);
#9303=ORIENTED_EDGE('',*,*,#7405,.T.);
#9304=ORIENTED_EDGE('',*,*,#7406,.F.);
#9305=ORIENTED_EDGE('',*,*,#7407,.F.);
#9306=ORIENTED_EDGE('',*,*,#7408,.F.);
#9307=ORIENTED_EDGE('',*,*,#7394,.T.);
#9308=ORIENTED_EDGE('',*,*,#7409,.F.);
#9309=ORIENTED_EDGE('',*,*,#7410,.F.);
#9310=ORIENTED_EDGE('',*,*,#7404,.T.);
#9311=ORIENTED_EDGE('',*,*,#7390,.T.);
#9312=ORIENTED_EDGE('',*,*,#7408,.T.);
#9313=ORIENTED_EDGE('',*,*,#7411,.T.);
#9314=ORIENTED_EDGE('',*,*,#7412,.F.);
#9315=ORIENTED_EDGE('',*,*,#7402,.T.);
#9316=ORIENTED_EDGE('',*,*,#7413,.F.);
#9317=ORIENTED_EDGE('',*,*,#7414,.F.);
#9318=ORIENTED_EDGE('',*,*,#7415,.F.);
#9319=ORIENTED_EDGE('',*,*,#7416,.F.);
#9320=ORIENTED_EDGE('',*,*,#7417,.F.);
#9321=ORIENTED_EDGE('',*,*,#7401,.T.);
#9322=ORIENTED_EDGE('',*,*,#7418,.F.);
#9323=ORIENTED_EDGE('',*,*,#7419,.T.);
#9324=ORIENTED_EDGE('',*,*,#7420,.T.);
#9325=ORIENTED_EDGE('',*,*,#7421,.T.);
#9326=ORIENTED_EDGE('',*,*,#7422,.T.);
#9327=ORIENTED_EDGE('',*,*,#7413,.T.);
#9328=ORIENTED_EDGE('',*,*,#7397,.T.);
#9329=ORIENTED_EDGE('',*,*,#7417,.T.);
#9330=ORIENTED_EDGE('',*,*,#7423,.T.);
#9331=ORIENTED_EDGE('',*,*,#7424,.F.);
#9332=ORIENTED_EDGE('',*,*,#7425,.F.);
#9333=ORIENTED_EDGE('',*,*,#7426,.F.);
#9334=ORIENTED_EDGE('',*,*,#7427,.T.);
#9335=ORIENTED_EDGE('',*,*,#7428,.F.);
#9336=ORIENTED_EDGE('',*,*,#7429,.F.);
#9337=ORIENTED_EDGE('',*,*,#7430,.F.);
#9338=ORIENTED_EDGE('',*,*,#7431,.F.);
#9339=ORIENTED_EDGE('',*,*,#7427,.F.);
#9340=ORIENTED_EDGE('',*,*,#7432,.F.);
#9341=ORIENTED_EDGE('',*,*,#7433,.F.);
#9342=ORIENTED_EDGE('',*,*,#7434,.T.);
#9343=ORIENTED_EDGE('',*,*,#7435,.F.);
#9344=ORIENTED_EDGE('',*,*,#7436,.F.);
#9345=ORIENTED_EDGE('',*,*,#7437,.F.);
#9346=ORIENTED_EDGE('',*,*,#7438,.F.);
#9347=ORIENTED_EDGE('',*,*,#7434,.F.);
#9348=ORIENTED_EDGE('',*,*,#7430,.T.);
#9349=ORIENTED_EDGE('',*,*,#7439,.F.);
#9350=ORIENTED_EDGE('',*,*,#7440,.T.);
#9351=ORIENTED_EDGE('',*,*,#7441,.F.);
#9352=ORIENTED_EDGE('',*,*,#7442,.F.);
#9353=ORIENTED_EDGE('',*,*,#7443,.F.);
#9354=ORIENTED_EDGE('',*,*,#7437,.T.);
#9355=ORIENTED_EDGE('',*,*,#7444,.F.);
#9356=ORIENTED_EDGE('',*,*,#7432,.T.);
#9357=ORIENTED_EDGE('',*,*,#7443,.T.);
#9358=ORIENTED_EDGE('',*,*,#7445,.T.);
#9359=ORIENTED_EDGE('',*,*,#7446,.F.);
#9360=ORIENTED_EDGE('',*,*,#7429,.T.);
#9361=ORIENTED_EDGE('',*,*,#7447,.F.);
#9362=ORIENTED_EDGE('',*,*,#7448,.F.);
#9363=ORIENTED_EDGE('',*,*,#7439,.T.);
#9364=ORIENTED_EDGE('',*,*,#7425,.T.);
#9365=ORIENTED_EDGE('',*,*,#7444,.T.);
#9366=ORIENTED_EDGE('',*,*,#7436,.T.);
#9367=ORIENTED_EDGE('',*,*,#7449,.F.);
#9368=ORIENTED_EDGE('',*,*,#7450,.F.);
#9369=ORIENTED_EDGE('',*,*,#7451,.T.);
#9370=ORIENTED_EDGE('',*,*,#7452,.T.);
#9371=ORIENTED_EDGE('',*,*,#7453,.F.);
#9372=ORIENTED_EDGE('',*,*,#7454,.F.);
#9373=ORIENTED_EDGE('',*,*,#7455,.T.);
#9374=ORIENTED_EDGE('',*,*,#7456,.T.);
#9375=ORIENTED_EDGE('',*,*,#7451,.F.);
#9376=ORIENTED_EDGE('',*,*,#7457,.F.);
#9377=ORIENTED_EDGE('',*,*,#7458,.T.);
#9378=ORIENTED_EDGE('',*,*,#7459,.T.);
#9379=ORIENTED_EDGE('',*,*,#7455,.F.);
#9380=ORIENTED_EDGE('',*,*,#7460,.F.);
#9381=ORIENTED_EDGE('',*,*,#7461,.T.);
#9382=ORIENTED_EDGE('',*,*,#7462,.T.);
#9383=ORIENTED_EDGE('',*,*,#7458,.F.);
#9384=ORIENTED_EDGE('',*,*,#7463,.F.);
#9385=ORIENTED_EDGE('',*,*,#7464,.T.);
#9386=ORIENTED_EDGE('',*,*,#7465,.T.);
#9387=ORIENTED_EDGE('',*,*,#7461,.F.);
#9388=ORIENTED_EDGE('',*,*,#7466,.F.);
#9389=ORIENTED_EDGE('',*,*,#7467,.T.);
#9390=ORIENTED_EDGE('',*,*,#7468,.T.);
#9391=ORIENTED_EDGE('',*,*,#7464,.F.);
#9392=ORIENTED_EDGE('',*,*,#7469,.F.);
#9393=ORIENTED_EDGE('',*,*,#7470,.T.);
#9394=ORIENTED_EDGE('',*,*,#7471,.T.);
#9395=ORIENTED_EDGE('',*,*,#7467,.F.);
#9396=ORIENTED_EDGE('',*,*,#7472,.F.);
#9397=ORIENTED_EDGE('',*,*,#7473,.T.);
#9398=ORIENTED_EDGE('',*,*,#7474,.T.);
#9399=ORIENTED_EDGE('',*,*,#7470,.F.);
#9400=ORIENTED_EDGE('',*,*,#7475,.F.);
#9401=ORIENTED_EDGE('',*,*,#7476,.T.);
#9402=ORIENTED_EDGE('',*,*,#7477,.T.);
#9403=ORIENTED_EDGE('',*,*,#7473,.F.);
#9404=ORIENTED_EDGE('',*,*,#7478,.F.);
#9405=ORIENTED_EDGE('',*,*,#7479,.T.);
#9406=ORIENTED_EDGE('',*,*,#7480,.T.);
#9407=ORIENTED_EDGE('',*,*,#7476,.F.);
#9408=ORIENTED_EDGE('',*,*,#7481,.F.);
#9409=ORIENTED_EDGE('',*,*,#7482,.T.);
#9410=ORIENTED_EDGE('',*,*,#7483,.T.);
#9411=ORIENTED_EDGE('',*,*,#7479,.F.);
#9412=ORIENTED_EDGE('',*,*,#7484,.F.);
#9413=ORIENTED_EDGE('',*,*,#7453,.T.);
#9414=ORIENTED_EDGE('',*,*,#7485,.T.);
#9415=ORIENTED_EDGE('',*,*,#7482,.F.);
#9416=ORIENTED_EDGE('',*,*,#7485,.F.);
#9417=ORIENTED_EDGE('',*,*,#7452,.F.);
#9418=ORIENTED_EDGE('',*,*,#7456,.F.);
#9419=ORIENTED_EDGE('',*,*,#7459,.F.);
#9420=ORIENTED_EDGE('',*,*,#7462,.F.);
#9421=ORIENTED_EDGE('',*,*,#7465,.F.);
#9422=ORIENTED_EDGE('',*,*,#7468,.F.);
#9423=ORIENTED_EDGE('',*,*,#7471,.F.);
#9424=ORIENTED_EDGE('',*,*,#7474,.F.);
#9425=ORIENTED_EDGE('',*,*,#7477,.F.);
#9426=ORIENTED_EDGE('',*,*,#7480,.F.);
#9427=ORIENTED_EDGE('',*,*,#7483,.F.);
#9428=ORIENTED_EDGE('',*,*,#7486,.F.);
#9429=ORIENTED_EDGE('',*,*,#7487,.T.);
#9430=ORIENTED_EDGE('',*,*,#7488,.T.);
#9431=ORIENTED_EDGE('',*,*,#7489,.F.);
#9432=ORIENTED_EDGE('',*,*,#7490,.F.);
#9433=ORIENTED_EDGE('',*,*,#7491,.T.);
#9434=ORIENTED_EDGE('',*,*,#7492,.T.);
#9435=ORIENTED_EDGE('',*,*,#7487,.F.);
#9436=ORIENTED_EDGE('',*,*,#7493,.F.);
#9437=ORIENTED_EDGE('',*,*,#7494,.T.);
#9438=ORIENTED_EDGE('',*,*,#7495,.T.);
#9439=ORIENTED_EDGE('',*,*,#7491,.F.);
#9440=ORIENTED_EDGE('',*,*,#7496,.F.);
#9441=ORIENTED_EDGE('',*,*,#7497,.T.);
#9442=ORIENTED_EDGE('',*,*,#7498,.T.);
#9443=ORIENTED_EDGE('',*,*,#7494,.F.);
#9444=ORIENTED_EDGE('',*,*,#7499,.F.);
#9445=ORIENTED_EDGE('',*,*,#7500,.T.);
#9446=ORIENTED_EDGE('',*,*,#7501,.T.);
#9447=ORIENTED_EDGE('',*,*,#7497,.F.);
#9448=ORIENTED_EDGE('',*,*,#7502,.F.);
#9449=ORIENTED_EDGE('',*,*,#7503,.T.);
#9450=ORIENTED_EDGE('',*,*,#7504,.T.);
#9451=ORIENTED_EDGE('',*,*,#7500,.F.);
#9452=ORIENTED_EDGE('',*,*,#7505,.F.);
#9453=ORIENTED_EDGE('',*,*,#7506,.T.);
#9454=ORIENTED_EDGE('',*,*,#7507,.T.);
#9455=ORIENTED_EDGE('',*,*,#7503,.F.);
#9456=ORIENTED_EDGE('',*,*,#7508,.F.);
#9457=ORIENTED_EDGE('',*,*,#7509,.T.);
#9458=ORIENTED_EDGE('',*,*,#7510,.T.);
#9459=ORIENTED_EDGE('',*,*,#7506,.F.);
#9460=ORIENTED_EDGE('',*,*,#7511,.F.);
#9461=ORIENTED_EDGE('',*,*,#7512,.T.);
#9462=ORIENTED_EDGE('',*,*,#7513,.T.);
#9463=ORIENTED_EDGE('',*,*,#7509,.F.);
#9464=ORIENTED_EDGE('',*,*,#7514,.F.);
#9465=ORIENTED_EDGE('',*,*,#7515,.T.);
#9466=ORIENTED_EDGE('',*,*,#7516,.T.);
#9467=ORIENTED_EDGE('',*,*,#7512,.F.);
#9468=ORIENTED_EDGE('',*,*,#7517,.F.);
#9469=ORIENTED_EDGE('',*,*,#7518,.T.);
#9470=ORIENTED_EDGE('',*,*,#7519,.T.);
#9471=ORIENTED_EDGE('',*,*,#7515,.F.);
#9472=ORIENTED_EDGE('',*,*,#7520,.F.);
#9473=ORIENTED_EDGE('',*,*,#7489,.T.);
#9474=ORIENTED_EDGE('',*,*,#7521,.T.);
#9475=ORIENTED_EDGE('',*,*,#7518,.F.);
#9476=ORIENTED_EDGE('',*,*,#7521,.F.);
#9477=ORIENTED_EDGE('',*,*,#7488,.F.);
#9478=ORIENTED_EDGE('',*,*,#7492,.F.);
#9479=ORIENTED_EDGE('',*,*,#7495,.F.);
#9480=ORIENTED_EDGE('',*,*,#7498,.F.);
#9481=ORIENTED_EDGE('',*,*,#7501,.F.);
#9482=ORIENTED_EDGE('',*,*,#7504,.F.);
#9483=ORIENTED_EDGE('',*,*,#7507,.F.);
#9484=ORIENTED_EDGE('',*,*,#7510,.F.);
#9485=ORIENTED_EDGE('',*,*,#7513,.F.);
#9486=ORIENTED_EDGE('',*,*,#7516,.F.);
#9487=ORIENTED_EDGE('',*,*,#7519,.F.);
#9488=ORIENTED_EDGE('',*,*,#7522,.F.);
#9489=ORIENTED_EDGE('',*,*,#7523,.T.);
#9490=ORIENTED_EDGE('',*,*,#7524,.T.);
#9491=ORIENTED_EDGE('',*,*,#7525,.F.);
#9492=ORIENTED_EDGE('',*,*,#7526,.F.);
#9493=ORIENTED_EDGE('',*,*,#7527,.T.);
#9494=ORIENTED_EDGE('',*,*,#7528,.T.);
#9495=ORIENTED_EDGE('',*,*,#7523,.F.);
#9496=ORIENTED_EDGE('',*,*,#7529,.F.);
#9497=ORIENTED_EDGE('',*,*,#7530,.T.);
#9498=ORIENTED_EDGE('',*,*,#7531,.T.);
#9499=ORIENTED_EDGE('',*,*,#7527,.F.);
#9500=ORIENTED_EDGE('',*,*,#7532,.F.);
#9501=ORIENTED_EDGE('',*,*,#7533,.T.);
#9502=ORIENTED_EDGE('',*,*,#7534,.T.);
#9503=ORIENTED_EDGE('',*,*,#7530,.F.);
#9504=ORIENTED_EDGE('',*,*,#7535,.F.);
#9505=ORIENTED_EDGE('',*,*,#7536,.T.);
#9506=ORIENTED_EDGE('',*,*,#7537,.T.);
#9507=ORIENTED_EDGE('',*,*,#7533,.F.);
#9508=ORIENTED_EDGE('',*,*,#7538,.F.);
#9509=ORIENTED_EDGE('',*,*,#7539,.T.);
#9510=ORIENTED_EDGE('',*,*,#7540,.T.);
#9511=ORIENTED_EDGE('',*,*,#7536,.F.);
#9512=ORIENTED_EDGE('',*,*,#7541,.F.);
#9513=ORIENTED_EDGE('',*,*,#7542,.T.);
#9514=ORIENTED_EDGE('',*,*,#7543,.T.);
#9515=ORIENTED_EDGE('',*,*,#7539,.F.);
#9516=ORIENTED_EDGE('',*,*,#7544,.F.);
#9517=ORIENTED_EDGE('',*,*,#7545,.T.);
#9518=ORIENTED_EDGE('',*,*,#7546,.T.);
#9519=ORIENTED_EDGE('',*,*,#7542,.F.);
#9520=ORIENTED_EDGE('',*,*,#7547,.F.);
#9521=ORIENTED_EDGE('',*,*,#7548,.T.);
#9522=ORIENTED_EDGE('',*,*,#7549,.T.);
#9523=ORIENTED_EDGE('',*,*,#7545,.F.);
#9524=ORIENTED_EDGE('',*,*,#7550,.F.);
#9525=ORIENTED_EDGE('',*,*,#7551,.T.);
#9526=ORIENTED_EDGE('',*,*,#7552,.T.);
#9527=ORIENTED_EDGE('',*,*,#7548,.F.);
#9528=ORIENTED_EDGE('',*,*,#7553,.F.);
#9529=ORIENTED_EDGE('',*,*,#7554,.T.);
#9530=ORIENTED_EDGE('',*,*,#7555,.T.);
#9531=ORIENTED_EDGE('',*,*,#7551,.F.);
#9532=ORIENTED_EDGE('',*,*,#7556,.F.);
#9533=ORIENTED_EDGE('',*,*,#7525,.T.);
#9534=ORIENTED_EDGE('',*,*,#7557,.T.);
#9535=ORIENTED_EDGE('',*,*,#7554,.F.);
#9536=ORIENTED_EDGE('',*,*,#7557,.F.);
#9537=ORIENTED_EDGE('',*,*,#7524,.F.);
#9538=ORIENTED_EDGE('',*,*,#7528,.F.);
#9539=ORIENTED_EDGE('',*,*,#7531,.F.);
#9540=ORIENTED_EDGE('',*,*,#7534,.F.);
#9541=ORIENTED_EDGE('',*,*,#7537,.F.);
#9542=ORIENTED_EDGE('',*,*,#7540,.F.);
#9543=ORIENTED_EDGE('',*,*,#7543,.F.);
#9544=ORIENTED_EDGE('',*,*,#7546,.F.);
#9545=ORIENTED_EDGE('',*,*,#7549,.F.);
#9546=ORIENTED_EDGE('',*,*,#7552,.F.);
#9547=ORIENTED_EDGE('',*,*,#7555,.F.);
#9548=ORIENTED_EDGE('',*,*,#7558,.F.);
#9549=ORIENTED_EDGE('',*,*,#7559,.T.);
#9550=ORIENTED_EDGE('',*,*,#7560,.T.);
#9551=ORIENTED_EDGE('',*,*,#7561,.F.);
#9552=ORIENTED_EDGE('',*,*,#7562,.F.);
#9553=ORIENTED_EDGE('',*,*,#7563,.T.);
#9554=ORIENTED_EDGE('',*,*,#7564,.T.);
#9555=ORIENTED_EDGE('',*,*,#7559,.F.);
#9556=ORIENTED_EDGE('',*,*,#7565,.F.);
#9557=ORIENTED_EDGE('',*,*,#7566,.T.);
#9558=ORIENTED_EDGE('',*,*,#7567,.T.);
#9559=ORIENTED_EDGE('',*,*,#7563,.F.);
#9560=ORIENTED_EDGE('',*,*,#7568,.F.);
#9561=ORIENTED_EDGE('',*,*,#7569,.T.);
#9562=ORIENTED_EDGE('',*,*,#7570,.T.);
#9563=ORIENTED_EDGE('',*,*,#7566,.F.);
#9564=ORIENTED_EDGE('',*,*,#7571,.F.);
#9565=ORIENTED_EDGE('',*,*,#7572,.T.);
#9566=ORIENTED_EDGE('',*,*,#7573,.T.);
#9567=ORIENTED_EDGE('',*,*,#7569,.F.);
#9568=ORIENTED_EDGE('',*,*,#7574,.F.);
#9569=ORIENTED_EDGE('',*,*,#7575,.T.);
#9570=ORIENTED_EDGE('',*,*,#7576,.T.);
#9571=ORIENTED_EDGE('',*,*,#7572,.F.);
#9572=ORIENTED_EDGE('',*,*,#7577,.F.);
#9573=ORIENTED_EDGE('',*,*,#7578,.T.);
#9574=ORIENTED_EDGE('',*,*,#7579,.T.);
#9575=ORIENTED_EDGE('',*,*,#7575,.F.);
#9576=ORIENTED_EDGE('',*,*,#7580,.F.);
#9577=ORIENTED_EDGE('',*,*,#7581,.T.);
#9578=ORIENTED_EDGE('',*,*,#7582,.T.);
#9579=ORIENTED_EDGE('',*,*,#7578,.F.);
#9580=ORIENTED_EDGE('',*,*,#7583,.F.);
#9581=ORIENTED_EDGE('',*,*,#7584,.T.);
#9582=ORIENTED_EDGE('',*,*,#7585,.T.);
#9583=ORIENTED_EDGE('',*,*,#7581,.F.);
#9584=ORIENTED_EDGE('',*,*,#7586,.F.);
#9585=ORIENTED_EDGE('',*,*,#7587,.T.);
#9586=ORIENTED_EDGE('',*,*,#7588,.T.);
#9587=ORIENTED_EDGE('',*,*,#7584,.F.);
#9588=ORIENTED_EDGE('',*,*,#7589,.F.);
#9589=ORIENTED_EDGE('',*,*,#7590,.T.);
#9590=ORIENTED_EDGE('',*,*,#7591,.T.);
#9591=ORIENTED_EDGE('',*,*,#7587,.F.);
#9592=ORIENTED_EDGE('',*,*,#7592,.F.);
#9593=ORIENTED_EDGE('',*,*,#7561,.T.);
#9594=ORIENTED_EDGE('',*,*,#7593,.T.);
#9595=ORIENTED_EDGE('',*,*,#7590,.F.);
#9596=ORIENTED_EDGE('',*,*,#7593,.F.);
#9597=ORIENTED_EDGE('',*,*,#7560,.F.);
#9598=ORIENTED_EDGE('',*,*,#7564,.F.);
#9599=ORIENTED_EDGE('',*,*,#7567,.F.);
#9600=ORIENTED_EDGE('',*,*,#7570,.F.);
#9601=ORIENTED_EDGE('',*,*,#7573,.F.);
#9602=ORIENTED_EDGE('',*,*,#7576,.F.);
#9603=ORIENTED_EDGE('',*,*,#7579,.F.);
#9604=ORIENTED_EDGE('',*,*,#7582,.F.);
#9605=ORIENTED_EDGE('',*,*,#7585,.F.);
#9606=ORIENTED_EDGE('',*,*,#7588,.F.);
#9607=ORIENTED_EDGE('',*,*,#7591,.F.);
#9608=ORIENTED_EDGE('',*,*,#7594,.F.);
#9609=ORIENTED_EDGE('',*,*,#7595,.T.);
#9610=ORIENTED_EDGE('',*,*,#7596,.T.);
#9611=ORIENTED_EDGE('',*,*,#7597,.F.);
#9612=ORIENTED_EDGE('',*,*,#7598,.F.);
#9613=ORIENTED_EDGE('',*,*,#7599,.T.);
#9614=ORIENTED_EDGE('',*,*,#7600,.T.);
#9615=ORIENTED_EDGE('',*,*,#7595,.F.);
#9616=ORIENTED_EDGE('',*,*,#7601,.F.);
#9617=ORIENTED_EDGE('',*,*,#7602,.T.);
#9618=ORIENTED_EDGE('',*,*,#7603,.T.);
#9619=ORIENTED_EDGE('',*,*,#7599,.F.);
#9620=ORIENTED_EDGE('',*,*,#7604,.F.);
#9621=ORIENTED_EDGE('',*,*,#7605,.T.);
#9622=ORIENTED_EDGE('',*,*,#7606,.T.);
#9623=ORIENTED_EDGE('',*,*,#7602,.F.);
#9624=ORIENTED_EDGE('',*,*,#7607,.F.);
#9625=ORIENTED_EDGE('',*,*,#7608,.T.);
#9626=ORIENTED_EDGE('',*,*,#7609,.T.);
#9627=ORIENTED_EDGE('',*,*,#7605,.F.);
#9628=ORIENTED_EDGE('',*,*,#7610,.F.);
#9629=ORIENTED_EDGE('',*,*,#7611,.T.);
#9630=ORIENTED_EDGE('',*,*,#7612,.T.);
#9631=ORIENTED_EDGE('',*,*,#7608,.F.);
#9632=ORIENTED_EDGE('',*,*,#7613,.F.);
#9633=ORIENTED_EDGE('',*,*,#7614,.T.);
#9634=ORIENTED_EDGE('',*,*,#7615,.T.);
#9635=ORIENTED_EDGE('',*,*,#7611,.F.);
#9636=ORIENTED_EDGE('',*,*,#7616,.F.);
#9637=ORIENTED_EDGE('',*,*,#7617,.T.);
#9638=ORIENTED_EDGE('',*,*,#7618,.T.);
#9639=ORIENTED_EDGE('',*,*,#7614,.F.);
#9640=ORIENTED_EDGE('',*,*,#7619,.F.);
#9641=ORIENTED_EDGE('',*,*,#7620,.T.);
#9642=ORIENTED_EDGE('',*,*,#7621,.T.);
#9643=ORIENTED_EDGE('',*,*,#7617,.F.);
#9644=ORIENTED_EDGE('',*,*,#7622,.F.);
#9645=ORIENTED_EDGE('',*,*,#7623,.T.);
#9646=ORIENTED_EDGE('',*,*,#7624,.T.);
#9647=ORIENTED_EDGE('',*,*,#7620,.F.);
#9648=ORIENTED_EDGE('',*,*,#7625,.F.);
#9649=ORIENTED_EDGE('',*,*,#7626,.T.);
#9650=ORIENTED_EDGE('',*,*,#7627,.T.);
#9651=ORIENTED_EDGE('',*,*,#7623,.F.);
#9652=ORIENTED_EDGE('',*,*,#7628,.F.);
#9653=ORIENTED_EDGE('',*,*,#7597,.T.);
#9654=ORIENTED_EDGE('',*,*,#7629,.T.);
#9655=ORIENTED_EDGE('',*,*,#7626,.F.);
#9656=ORIENTED_EDGE('',*,*,#7629,.F.);
#9657=ORIENTED_EDGE('',*,*,#7596,.F.);
#9658=ORIENTED_EDGE('',*,*,#7600,.F.);
#9659=ORIENTED_EDGE('',*,*,#7603,.F.);
#9660=ORIENTED_EDGE('',*,*,#7606,.F.);
#9661=ORIENTED_EDGE('',*,*,#7609,.F.);
#9662=ORIENTED_EDGE('',*,*,#7612,.F.);
#9663=ORIENTED_EDGE('',*,*,#7615,.F.);
#9664=ORIENTED_EDGE('',*,*,#7618,.F.);
#9665=ORIENTED_EDGE('',*,*,#7621,.F.);
#9666=ORIENTED_EDGE('',*,*,#7624,.F.);
#9667=ORIENTED_EDGE('',*,*,#7627,.F.);
#9668=ORIENTED_EDGE('',*,*,#7630,.F.);
#9669=ORIENTED_EDGE('',*,*,#7631,.T.);
#9670=ORIENTED_EDGE('',*,*,#7632,.T.);
#9671=ORIENTED_EDGE('',*,*,#7633,.F.);
#9672=ORIENTED_EDGE('',*,*,#7634,.F.);
#9673=ORIENTED_EDGE('',*,*,#7635,.T.);
#9674=ORIENTED_EDGE('',*,*,#7636,.T.);
#9675=ORIENTED_EDGE('',*,*,#7631,.F.);
#9676=ORIENTED_EDGE('',*,*,#7637,.F.);
#9677=ORIENTED_EDGE('',*,*,#7638,.T.);
#9678=ORIENTED_EDGE('',*,*,#7639,.T.);
#9679=ORIENTED_EDGE('',*,*,#7635,.F.);
#9680=ORIENTED_EDGE('',*,*,#7640,.F.);
#9681=ORIENTED_EDGE('',*,*,#7641,.T.);
#9682=ORIENTED_EDGE('',*,*,#7642,.T.);
#9683=ORIENTED_EDGE('',*,*,#7638,.F.);
#9684=ORIENTED_EDGE('',*,*,#7643,.F.);
#9685=ORIENTED_EDGE('',*,*,#7644,.T.);
#9686=ORIENTED_EDGE('',*,*,#7645,.T.);
#9687=ORIENTED_EDGE('',*,*,#7641,.F.);
#9688=ORIENTED_EDGE('',*,*,#7646,.F.);
#9689=ORIENTED_EDGE('',*,*,#7647,.T.);
#9690=ORIENTED_EDGE('',*,*,#7648,.T.);
#9691=ORIENTED_EDGE('',*,*,#7644,.F.);
#9692=ORIENTED_EDGE('',*,*,#7649,.F.);
#9693=ORIENTED_EDGE('',*,*,#7650,.T.);
#9694=ORIENTED_EDGE('',*,*,#7651,.T.);
#9695=ORIENTED_EDGE('',*,*,#7647,.F.);
#9696=ORIENTED_EDGE('',*,*,#7652,.F.);
#9697=ORIENTED_EDGE('',*,*,#7653,.T.);
#9698=ORIENTED_EDGE('',*,*,#7654,.T.);
#9699=ORIENTED_EDGE('',*,*,#7650,.F.);
#9700=ORIENTED_EDGE('',*,*,#7655,.F.);
#9701=ORIENTED_EDGE('',*,*,#7656,.T.);
#9702=ORIENTED_EDGE('',*,*,#7657,.T.);
#9703=ORIENTED_EDGE('',*,*,#7653,.F.);
#9704=ORIENTED_EDGE('',*,*,#7658,.F.);
#9705=ORIENTED_EDGE('',*,*,#7659,.T.);
#9706=ORIENTED_EDGE('',*,*,#7660,.T.);
#9707=ORIENTED_EDGE('',*,*,#7656,.F.);
#9708=ORIENTED_EDGE('',*,*,#7661,.F.);
#9709=ORIENTED_EDGE('',*,*,#7662,.T.);
#9710=ORIENTED_EDGE('',*,*,#7663,.T.);
#9711=ORIENTED_EDGE('',*,*,#7659,.F.);
#9712=ORIENTED_EDGE('',*,*,#7664,.F.);
#9713=ORIENTED_EDGE('',*,*,#7633,.T.);
#9714=ORIENTED_EDGE('',*,*,#7665,.T.);
#9715=ORIENTED_EDGE('',*,*,#7662,.F.);
#9716=ORIENTED_EDGE('',*,*,#7665,.F.);
#9717=ORIENTED_EDGE('',*,*,#7632,.F.);
#9718=ORIENTED_EDGE('',*,*,#7636,.F.);
#9719=ORIENTED_EDGE('',*,*,#7639,.F.);
#9720=ORIENTED_EDGE('',*,*,#7642,.F.);
#9721=ORIENTED_EDGE('',*,*,#7645,.F.);
#9722=ORIENTED_EDGE('',*,*,#7648,.F.);
#9723=ORIENTED_EDGE('',*,*,#7651,.F.);
#9724=ORIENTED_EDGE('',*,*,#7654,.F.);
#9725=ORIENTED_EDGE('',*,*,#7657,.F.);
#9726=ORIENTED_EDGE('',*,*,#7660,.F.);
#9727=ORIENTED_EDGE('',*,*,#7663,.F.);
#9728=ORIENTED_EDGE('',*,*,#7666,.F.);
#9729=ORIENTED_EDGE('',*,*,#7667,.T.);
#9730=ORIENTED_EDGE('',*,*,#7668,.T.);
#9731=ORIENTED_EDGE('',*,*,#7667,.F.);
#9732=ORIENTED_EDGE('',*,*,#7668,.F.);
#9733=ORIENTED_EDGE('',*,*,#7669,.F.);
#9734=ORIENTED_EDGE('',*,*,#7670,.F.);
#9735=ORIENTED_EDGE('',*,*,#7671,.F.);
#9736=ORIENTED_EDGE('',*,*,#7672,.F.);
#9737=ORIENTED_EDGE('',*,*,#7673,.T.);
#9738=ORIENTED_EDGE('',*,*,#7674,.T.);
#9739=ORIENTED_EDGE('',*,*,#7673,.F.);
#9740=ORIENTED_EDGE('',*,*,#7675,.F.);
#9741=ORIENTED_EDGE('',*,*,#7674,.F.);
#9742=ORIENTED_EDGE('',*,*,#7391,.T.);
#9743=ORIENTED_EDGE('',*,*,#7412,.T.);
#9744=ORIENTED_EDGE('',*,*,#7676,.T.);
#9745=ORIENTED_EDGE('',*,*,#7677,.T.);
#9746=ORIENTED_EDGE('',*,*,#7678,.T.);
#9747=ORIENTED_EDGE('',*,*,#7679,.T.);
#9748=ORIENTED_EDGE('',*,*,#7680,.T.);
#9749=ORIENTED_EDGE('',*,*,#7681,.T.);
#9750=ORIENTED_EDGE('',*,*,#7682,.T.);
#9751=ORIENTED_EDGE('',*,*,#7683,.T.);
#9752=ORIENTED_EDGE('',*,*,#7684,.T.);
#9753=ORIENTED_EDGE('',*,*,#7685,.T.);
#9754=ORIENTED_EDGE('',*,*,#7686,.T.);
#9755=ORIENTED_EDGE('',*,*,#7687,.T.);
#9756=ORIENTED_EDGE('',*,*,#7688,.T.);
#9757=ORIENTED_EDGE('',*,*,#7689,.T.);
#9758=ORIENTED_EDGE('',*,*,#7690,.T.);
#9759=ORIENTED_EDGE('',*,*,#7691,.T.);
#9760=ORIENTED_EDGE('',*,*,#7692,.T.);
#9761=ORIENTED_EDGE('',*,*,#7693,.T.);
#9762=ORIENTED_EDGE('',*,*,#7694,.T.);
#9763=ORIENTED_EDGE('',*,*,#7695,.T.);
#9764=ORIENTED_EDGE('',*,*,#7696,.T.);
#9765=ORIENTED_EDGE('',*,*,#7697,.T.);
#9766=ORIENTED_EDGE('',*,*,#7698,.T.);
#9767=ORIENTED_EDGE('',*,*,#7699,.T.);
#9768=ORIENTED_EDGE('',*,*,#7700,.T.);
#9769=ORIENTED_EDGE('',*,*,#7701,.T.);
#9770=ORIENTED_EDGE('',*,*,#7702,.T.);
#9771=ORIENTED_EDGE('',*,*,#7703,.T.);
#9772=ORIENTED_EDGE('',*,*,#7704,.T.);
#9773=ORIENTED_EDGE('',*,*,#7705,.T.);
#9774=ORIENTED_EDGE('',*,*,#7706,.T.);
#9775=ORIENTED_EDGE('',*,*,#7707,.T.);
#9776=ORIENTED_EDGE('',*,*,#7708,.T.);
#9777=ORIENTED_EDGE('',*,*,#7709,.T.);
#9778=ORIENTED_EDGE('',*,*,#7710,.T.);
#9779=ORIENTED_EDGE('',*,*,#7711,.T.);
#9780=ORIENTED_EDGE('',*,*,#7712,.T.);
#9781=ORIENTED_EDGE('',*,*,#7713,.T.);
#9782=ORIENTED_EDGE('',*,*,#7714,.T.);
#9783=ORIENTED_EDGE('',*,*,#7715,.T.);
#9784=ORIENTED_EDGE('',*,*,#7716,.T.);
#9785=ORIENTED_EDGE('',*,*,#7717,.T.);
#9786=ORIENTED_EDGE('',*,*,#7718,.T.);
#9787=ORIENTED_EDGE('',*,*,#7719,.T.);
#9788=ORIENTED_EDGE('',*,*,#7720,.T.);
#9789=ORIENTED_EDGE('',*,*,#7721,.T.);
#9790=ORIENTED_EDGE('',*,*,#7722,.T.);
#9791=ORIENTED_EDGE('',*,*,#7418,.T.);
#9792=ORIENTED_EDGE('',*,*,#7400,.T.);
#9793=ORIENTED_EDGE('',*,*,#7403,.T.);
#9794=ORIENTED_EDGE('',*,*,#7398,.T.);
#9795=ORIENTED_EDGE('',*,*,#7424,.T.);
#9796=ORIENTED_EDGE('',*,*,#7723,.T.);
#9797=ORIENTED_EDGE('',*,*,#7724,.T.);
#9798=ORIENTED_EDGE('',*,*,#7725,.T.);
#9799=ORIENTED_EDGE('',*,*,#7726,.T.);
#9800=ORIENTED_EDGE('',*,*,#7727,.T.);
#9801=ORIENTED_EDGE('',*,*,#7728,.T.);
#9802=ORIENTED_EDGE('',*,*,#7729,.T.);
#9803=ORIENTED_EDGE('',*,*,#7730,.T.);
#9804=ORIENTED_EDGE('',*,*,#7731,.T.);
#9805=ORIENTED_EDGE('',*,*,#7732,.T.);
#9806=ORIENTED_EDGE('',*,*,#7733,.T.);
#9807=ORIENTED_EDGE('',*,*,#7734,.T.);
#9808=ORIENTED_EDGE('',*,*,#7735,.T.);
#9809=ORIENTED_EDGE('',*,*,#7736,.T.);
#9810=ORIENTED_EDGE('',*,*,#7737,.T.);
#9811=ORIENTED_EDGE('',*,*,#7738,.T.);
#9812=ORIENTED_EDGE('',*,*,#7739,.T.);
#9813=ORIENTED_EDGE('',*,*,#7740,.T.);
#9814=ORIENTED_EDGE('',*,*,#7741,.T.);
#9815=ORIENTED_EDGE('',*,*,#7742,.T.);
#9816=ORIENTED_EDGE('',*,*,#7743,.T.);
#9817=ORIENTED_EDGE('',*,*,#7744,.T.);
#9818=ORIENTED_EDGE('',*,*,#7745,.T.);
#9819=ORIENTED_EDGE('',*,*,#7447,.T.);
#9820=ORIENTED_EDGE('',*,*,#7428,.T.);
#9821=ORIENTED_EDGE('',*,*,#7431,.T.);
#9822=ORIENTED_EDGE('',*,*,#7426,.T.);
#9823=ORIENTED_EDGE('',*,*,#7449,.T.);
#9824=ORIENTED_EDGE('',*,*,#7435,.T.);
#9825=ORIENTED_EDGE('',*,*,#7438,.T.);
#9826=ORIENTED_EDGE('',*,*,#7433,.T.);
#9827=ORIENTED_EDGE('',*,*,#7446,.T.);
#9828=ORIENTED_EDGE('',*,*,#7746,.T.);
#9829=ORIENTED_EDGE('',*,*,#7747,.T.);
#9830=ORIENTED_EDGE('',*,*,#7748,.T.);
#9831=ORIENTED_EDGE('',*,*,#7749,.T.);
#9832=ORIENTED_EDGE('',*,*,#7750,.T.);
#9833=ORIENTED_EDGE('',*,*,#7751,.T.);
#9834=ORIENTED_EDGE('',*,*,#7752,.T.);
#9835=ORIENTED_EDGE('',*,*,#7753,.T.);
#9836=ORIENTED_EDGE('',*,*,#7754,.T.);
#9837=ORIENTED_EDGE('',*,*,#7755,.T.);
#9838=ORIENTED_EDGE('',*,*,#7756,.T.);
#9839=ORIENTED_EDGE('',*,*,#7757,.T.);
#9840=ORIENTED_EDGE('',*,*,#7758,.T.);
#9841=ORIENTED_EDGE('',*,*,#7759,.T.);
#9842=ORIENTED_EDGE('',*,*,#7760,.T.);
#9843=ORIENTED_EDGE('',*,*,#7761,.T.);
#9844=ORIENTED_EDGE('',*,*,#7762,.T.);
#9845=ORIENTED_EDGE('',*,*,#7763,.T.);
#9846=ORIENTED_EDGE('',*,*,#7764,.T.);
#9847=ORIENTED_EDGE('',*,*,#7765,.T.);
#9848=ORIENTED_EDGE('',*,*,#7766,.T.);
#9849=ORIENTED_EDGE('',*,*,#7767,.T.);
#9850=ORIENTED_EDGE('',*,*,#7768,.T.);
#9851=ORIENTED_EDGE('',*,*,#7409,.T.);
#9852=ORIENTED_EDGE('',*,*,#7393,.T.);
#9853=ORIENTED_EDGE('',*,*,#7396,.T.);
#9854=ORIENTED_EDGE('',*,*,#7450,.T.);
#9855=ORIENTED_EDGE('',*,*,#7484,.T.);
#9856=ORIENTED_EDGE('',*,*,#7481,.T.);
#9857=ORIENTED_EDGE('',*,*,#7478,.T.);
#9858=ORIENTED_EDGE('',*,*,#7475,.T.);
#9859=ORIENTED_EDGE('',*,*,#7472,.T.);
#9860=ORIENTED_EDGE('',*,*,#7469,.T.);
#9861=ORIENTED_EDGE('',*,*,#7466,.T.);
#9862=ORIENTED_EDGE('',*,*,#7463,.T.);
#9863=ORIENTED_EDGE('',*,*,#7460,.T.);
#9864=ORIENTED_EDGE('',*,*,#7457,.T.);
#9865=ORIENTED_EDGE('',*,*,#7454,.T.);
#9866=ORIENTED_EDGE('',*,*,#7486,.T.);
#9867=ORIENTED_EDGE('',*,*,#7520,.T.);
#9868=ORIENTED_EDGE('',*,*,#7517,.T.);
#9869=ORIENTED_EDGE('',*,*,#7514,.T.);
#9870=ORIENTED_EDGE('',*,*,#7511,.T.);
#9871=ORIENTED_EDGE('',*,*,#7508,.T.);
#9872=ORIENTED_EDGE('',*,*,#7505,.T.);
#9873=ORIENTED_EDGE('',*,*,#7502,.T.);
#9874=ORIENTED_EDGE('',*,*,#7499,.T.);
#9875=ORIENTED_EDGE('',*,*,#7496,.T.);
#9876=ORIENTED_EDGE('',*,*,#7493,.T.);
#9877=ORIENTED_EDGE('',*,*,#7490,.T.);
#9878=ORIENTED_EDGE('',*,*,#7522,.T.);
#9879=ORIENTED_EDGE('',*,*,#7556,.T.);
#9880=ORIENTED_EDGE('',*,*,#7553,.T.);
#9881=ORIENTED_EDGE('',*,*,#7550,.T.);
#9882=ORIENTED_EDGE('',*,*,#7547,.T.);
#9883=ORIENTED_EDGE('',*,*,#7544,.T.);
#9884=ORIENTED_EDGE('',*,*,#7541,.T.);
#9885=ORIENTED_EDGE('',*,*,#7538,.T.);
#9886=ORIENTED_EDGE('',*,*,#7535,.T.);
#9887=ORIENTED_EDGE('',*,*,#7532,.T.);
#9888=ORIENTED_EDGE('',*,*,#7529,.T.);
#9889=ORIENTED_EDGE('',*,*,#7526,.T.);
#9890=ORIENTED_EDGE('',*,*,#7558,.T.);
#9891=ORIENTED_EDGE('',*,*,#7592,.T.);
#9892=ORIENTED_EDGE('',*,*,#7589,.T.);
#9893=ORIENTED_EDGE('',*,*,#7586,.T.);
#9894=ORIENTED_EDGE('',*,*,#7583,.T.);
#9895=ORIENTED_EDGE('',*,*,#7580,.T.);
#9896=ORIENTED_EDGE('',*,*,#7577,.T.);
#9897=ORIENTED_EDGE('',*,*,#7574,.T.);
#9898=ORIENTED_EDGE('',*,*,#7571,.T.);
#9899=ORIENTED_EDGE('',*,*,#7568,.T.);
#9900=ORIENTED_EDGE('',*,*,#7565,.T.);
#9901=ORIENTED_EDGE('',*,*,#7562,.T.);
#9902=ORIENTED_EDGE('',*,*,#7594,.T.);
#9903=ORIENTED_EDGE('',*,*,#7628,.T.);
#9904=ORIENTED_EDGE('',*,*,#7625,.T.);
#9905=ORIENTED_EDGE('',*,*,#7622,.T.);
#9906=ORIENTED_EDGE('',*,*,#7619,.T.);
#9907=ORIENTED_EDGE('',*,*,#7616,.T.);
#9908=ORIENTED_EDGE('',*,*,#7613,.T.);
#9909=ORIENTED_EDGE('',*,*,#7610,.T.);
#9910=ORIENTED_EDGE('',*,*,#7607,.T.);
#9911=ORIENTED_EDGE('',*,*,#7604,.T.);
#9912=ORIENTED_EDGE('',*,*,#7601,.T.);
#9913=ORIENTED_EDGE('',*,*,#7598,.T.);
#9914=ORIENTED_EDGE('',*,*,#7630,.T.);
#9915=ORIENTED_EDGE('',*,*,#7664,.T.);
#9916=ORIENTED_EDGE('',*,*,#7661,.T.);
#9917=ORIENTED_EDGE('',*,*,#7658,.T.);
#9918=ORIENTED_EDGE('',*,*,#7655,.T.);
#9919=ORIENTED_EDGE('',*,*,#7652,.T.);
#9920=ORIENTED_EDGE('',*,*,#7649,.T.);
#9921=ORIENTED_EDGE('',*,*,#7646,.T.);
#9922=ORIENTED_EDGE('',*,*,#7643,.T.);
#9923=ORIENTED_EDGE('',*,*,#7640,.T.);
#9924=ORIENTED_EDGE('',*,*,#7637,.T.);
#9925=ORIENTED_EDGE('',*,*,#7634,.T.);
#9926=ORIENTED_EDGE('',*,*,#7666,.T.);
#9927=ORIENTED_EDGE('',*,*,#7769,.F.);
#9928=ORIENTED_EDGE('',*,*,#7770,.T.);
#9929=ORIENTED_EDGE('',*,*,#7771,.T.);
#9930=ORIENTED_EDGE('',*,*,#7772,.T.);
#9931=ORIENTED_EDGE('',*,*,#7773,.T.);
#9932=ORIENTED_EDGE('',*,*,#7774,.T.);
#9933=ORIENTED_EDGE('',*,*,#7775,.T.);
#9934=ORIENTED_EDGE('',*,*,#7776,.T.);
#9935=ORIENTED_EDGE('',*,*,#7777,.T.);
#9936=ORIENTED_EDGE('',*,*,#7778,.T.);
#9937=ORIENTED_EDGE('',*,*,#7779,.T.);
#9938=ORIENTED_EDGE('',*,*,#7780,.T.);
#9939=ORIENTED_EDGE('',*,*,#7781,.T.);
#9940=ORIENTED_EDGE('',*,*,#7782,.T.);
#9941=ORIENTED_EDGE('',*,*,#7783,.T.);
#9942=ORIENTED_EDGE('',*,*,#7784,.T.);
#9943=ORIENTED_EDGE('',*,*,#7785,.T.);
#9944=ORIENTED_EDGE('',*,*,#7786,.T.);
#9945=ORIENTED_EDGE('',*,*,#7787,.T.);
#9946=ORIENTED_EDGE('',*,*,#7788,.T.);
#9947=ORIENTED_EDGE('',*,*,#7789,.T.);
#9948=ORIENTED_EDGE('',*,*,#7790,.T.);
#9949=ORIENTED_EDGE('',*,*,#7791,.T.);
#9950=ORIENTED_EDGE('',*,*,#7792,.T.);
#9951=ORIENTED_EDGE('',*,*,#7793,.T.);
#9952=ORIENTED_EDGE('',*,*,#7794,.T.);
#9953=ORIENTED_EDGE('',*,*,#7795,.T.);
#9954=ORIENTED_EDGE('',*,*,#7796,.T.);
#9955=ORIENTED_EDGE('',*,*,#7797,.T.);
#9956=ORIENTED_EDGE('',*,*,#7798,.T.);
#9957=ORIENTED_EDGE('',*,*,#7799,.T.);
#9958=ORIENTED_EDGE('',*,*,#7800,.T.);
#9959=ORIENTED_EDGE('',*,*,#7801,.T.);
#9960=ORIENTED_EDGE('',*,*,#7802,.T.);
#9961=ORIENTED_EDGE('',*,*,#7803,.T.);
#9962=ORIENTED_EDGE('',*,*,#7804,.T.);
#9963=ORIENTED_EDGE('',*,*,#7805,.T.);
#9964=ORIENTED_EDGE('',*,*,#7806,.T.);
#9965=ORIENTED_EDGE('',*,*,#7807,.T.);
#9966=ORIENTED_EDGE('',*,*,#7808,.T.);
#9967=ORIENTED_EDGE('',*,*,#7809,.T.);
#9968=ORIENTED_EDGE('',*,*,#7810,.T.);
#9969=ORIENTED_EDGE('',*,*,#7811,.T.);
#9970=ORIENTED_EDGE('',*,*,#7812,.T.);
#9971=ORIENTED_EDGE('',*,*,#7813,.T.);
#9972=ORIENTED_EDGE('',*,*,#7814,.T.);
#9973=ORIENTED_EDGE('',*,*,#7815,.T.);
#9974=ORIENTED_EDGE('',*,*,#7816,.T.);
#9975=ORIENTED_EDGE('',*,*,#7817,.T.);
#9976=ORIENTED_EDGE('',*,*,#7818,.T.);
#9977=ORIENTED_EDGE('',*,*,#7819,.T.);
#9978=ORIENTED_EDGE('',*,*,#7820,.T.);
#9979=ORIENTED_EDGE('',*,*,#7821,.T.);
#9980=ORIENTED_EDGE('',*,*,#7822,.T.);
#9981=ORIENTED_EDGE('',*,*,#7823,.T.);
#9982=ORIENTED_EDGE('',*,*,#7824,.T.);
#9983=ORIENTED_EDGE('',*,*,#7825,.T.);
#9984=ORIENTED_EDGE('',*,*,#7675,.T.);
#9985=ORIENTED_EDGE('',*,*,#7672,.T.);
#9986=ORIENTED_EDGE('',*,*,#7826,.T.);
#9987=ORIENTED_EDGE('',*,*,#7827,.T.);
#9988=ORIENTED_EDGE('',*,*,#7828,.T.);
#9989=ORIENTED_EDGE('',*,*,#7829,.T.);
#9990=ORIENTED_EDGE('',*,*,#7830,.T.);
#9991=ORIENTED_EDGE('',*,*,#7831,.T.);
#9992=ORIENTED_EDGE('',*,*,#7832,.T.);
#9993=ORIENTED_EDGE('',*,*,#7833,.T.);
#9994=ORIENTED_EDGE('',*,*,#7834,.T.);
#9995=ORIENTED_EDGE('',*,*,#7835,.T.);
#9996=ORIENTED_EDGE('',*,*,#7836,.T.);
#9997=ORIENTED_EDGE('',*,*,#7837,.T.);
#9998=ORIENTED_EDGE('',*,*,#7838,.T.);
#9999=ORIENTED_EDGE('',*,*,#7839,.T.);
#10000=ORIENTED_EDGE('',*,*,#7840,.T.);
#10001=ORIENTED_EDGE('',*,*,#7841,.T.);
#10002=ORIENTED_EDGE('',*,*,#7842,.T.);
#10003=ORIENTED_EDGE('',*,*,#7843,.T.);
#10004=ORIENTED_EDGE('',*,*,#7844,.T.);
#10005=ORIENTED_EDGE('',*,*,#7845,.T.);
#10006=ORIENTED_EDGE('',*,*,#7846,.T.);
#10007=ORIENTED_EDGE('',*,*,#7847,.T.);
#10008=ORIENTED_EDGE('',*,*,#7848,.T.);
#10009=ORIENTED_EDGE('',*,*,#7849,.T.);
#10010=ORIENTED_EDGE('',*,*,#7850,.T.);
#10011=ORIENTED_EDGE('',*,*,#7851,.T.);
#10012=ORIENTED_EDGE('',*,*,#7852,.T.);
#10013=ORIENTED_EDGE('',*,*,#7671,.T.);
#10014=ORIENTED_EDGE('',*,*,#7853,.T.);
#10015=ORIENTED_EDGE('',*,*,#7854,.F.);
#10016=ORIENTED_EDGE('',*,*,#7826,.F.);
#10017=ORIENTED_EDGE('',*,*,#7847,.F.);
#10018=ORIENTED_EDGE('',*,*,#7855,.T.);
#10019=ORIENTED_EDGE('',*,*,#7856,.T.);
#10020=ORIENTED_EDGE('',*,*,#7857,.F.);
#10021=ORIENTED_EDGE('',*,*,#7852,.F.);
#10022=ORIENTED_EDGE('',*,*,#7858,.T.);
#10023=ORIENTED_EDGE('',*,*,#7859,.T.);
#10024=ORIENTED_EDGE('',*,*,#7855,.F.);
#10025=ORIENTED_EDGE('',*,*,#7851,.F.);
#10026=ORIENTED_EDGE('',*,*,#7860,.T.);
#10027=ORIENTED_EDGE('',*,*,#7861,.T.);
#10028=ORIENTED_EDGE('',*,*,#7858,.F.);
#10029=ORIENTED_EDGE('',*,*,#7850,.F.);
#10030=ORIENTED_EDGE('',*,*,#7862,.T.);
#10031=ORIENTED_EDGE('',*,*,#7863,.T.);
#10032=ORIENTED_EDGE('',*,*,#7860,.F.);
#10033=ORIENTED_EDGE('',*,*,#7849,.F.);
#10034=ORIENTED_EDGE('',*,*,#7864,.T.);
#10035=ORIENTED_EDGE('',*,*,#7865,.T.);
#10036=ORIENTED_EDGE('',*,*,#7862,.F.);
#10037=ORIENTED_EDGE('',*,*,#7848,.F.);
#10038=ORIENTED_EDGE('',*,*,#7857,.T.);
#10039=ORIENTED_EDGE('',*,*,#7866,.T.);
#10040=ORIENTED_EDGE('',*,*,#7864,.F.);
#10041=ORIENTED_EDGE('',*,*,#7866,.F.);
#10042=ORIENTED_EDGE('',*,*,#7856,.F.);
#10043=ORIENTED_EDGE('',*,*,#7859,.F.);
#10044=ORIENTED_EDGE('',*,*,#7861,.F.);
#10045=ORIENTED_EDGE('',*,*,#7863,.F.);
#10046=ORIENTED_EDGE('',*,*,#7865,.F.);
#10047=ORIENTED_EDGE('',*,*,#7843,.F.);
#10048=ORIENTED_EDGE('',*,*,#7867,.T.);
#10049=ORIENTED_EDGE('',*,*,#7868,.T.);
#10050=ORIENTED_EDGE('',*,*,#7869,.F.);
#10051=ORIENTED_EDGE('',*,*,#7846,.F.);
#10052=ORIENTED_EDGE('',*,*,#7870,.T.);
#10053=ORIENTED_EDGE('',*,*,#7871,.T.);
#10054=ORIENTED_EDGE('',*,*,#7867,.F.);
#10055=ORIENTED_EDGE('',*,*,#7845,.F.);
#10056=ORIENTED_EDGE('',*,*,#7872,.T.);
#10057=ORIENTED_EDGE('',*,*,#7873,.T.);
#10058=ORIENTED_EDGE('',*,*,#7870,.F.);
#10059=ORIENTED_EDGE('',*,*,#7844,.F.);
#10060=ORIENTED_EDGE('',*,*,#7869,.T.);
#10061=ORIENTED_EDGE('',*,*,#7874,.T.);
#10062=ORIENTED_EDGE('',*,*,#7872,.F.);
#10063=ORIENTED_EDGE('',*,*,#7874,.F.);
#10064=ORIENTED_EDGE('',*,*,#7868,.F.);
#10065=ORIENTED_EDGE('',*,*,#7871,.F.);
#10066=ORIENTED_EDGE('',*,*,#7873,.F.);
#10067=ORIENTED_EDGE('',*,*,#7875,.F.);
#10068=ORIENTED_EDGE('',*,*,#7876,.F.);
#10069=ORIENTED_EDGE('',*,*,#7877,.F.);
#10070=ORIENTED_EDGE('',*,*,#7878,.F.);
#10071=ORIENTED_EDGE('',*,*,#7839,.F.);
#10072=ORIENTED_EDGE('',*,*,#7879,.T.);
#10073=ORIENTED_EDGE('',*,*,#7880,.T.);
#10074=ORIENTED_EDGE('',*,*,#7881,.F.);
#10075=ORIENTED_EDGE('',*,*,#7842,.F.);
#10076=ORIENTED_EDGE('',*,*,#7882,.T.);
#10077=ORIENTED_EDGE('',*,*,#7883,.T.);
#10078=ORIENTED_EDGE('',*,*,#7879,.F.);
#10079=ORIENTED_EDGE('',*,*,#7841,.F.);
#10080=ORIENTED_EDGE('',*,*,#7884,.T.);
#10081=ORIENTED_EDGE('',*,*,#7885,.T.);
#10082=ORIENTED_EDGE('',*,*,#7882,.F.);
#10083=ORIENTED_EDGE('',*,*,#7840,.F.);
#10084=ORIENTED_EDGE('',*,*,#7881,.T.);
#10085=ORIENTED_EDGE('',*,*,#7886,.T.);
#10086=ORIENTED_EDGE('',*,*,#7884,.F.);
#10087=ORIENTED_EDGE('',*,*,#7886,.F.);
#10088=ORIENTED_EDGE('',*,*,#7880,.F.);
#10089=ORIENTED_EDGE('',*,*,#7883,.F.);
#10090=ORIENTED_EDGE('',*,*,#7885,.F.);
#10091=ORIENTED_EDGE('',*,*,#7887,.F.);
#10092=ORIENTED_EDGE('',*,*,#7888,.F.);
#10093=ORIENTED_EDGE('',*,*,#7889,.F.);
#10094=ORIENTED_EDGE('',*,*,#7890,.F.);
#10095=ORIENTED_EDGE('',*,*,#7876,.T.);
#10096=ORIENTED_EDGE('',*,*,#7891,.T.);
#10097=ORIENTED_EDGE('',*,*,#7892,.F.);
#10098=ORIENTED_EDGE('',*,*,#7893,.F.);
#10099=ORIENTED_EDGE('',*,*,#7875,.T.);
#10100=ORIENTED_EDGE('',*,*,#7894,.T.);
#10101=ORIENTED_EDGE('',*,*,#7895,.F.);
#10102=ORIENTED_EDGE('',*,*,#7891,.F.);
#10103=ORIENTED_EDGE('',*,*,#7888,.T.);
#10104=ORIENTED_EDGE('',*,*,#7896,.T.);
#10105=ORIENTED_EDGE('',*,*,#7897,.F.);
#10106=ORIENTED_EDGE('',*,*,#7898,.F.);
#10107=ORIENTED_EDGE('',*,*,#7887,.T.);
#10108=ORIENTED_EDGE('',*,*,#7899,.T.);
#10109=ORIENTED_EDGE('',*,*,#7900,.F.);
#10110=ORIENTED_EDGE('',*,*,#7896,.F.);
#10111=ORIENTED_EDGE('',*,*,#7835,.F.);
#10112=ORIENTED_EDGE('',*,*,#7901,.T.);
#10113=ORIENTED_EDGE('',*,*,#7902,.T.);
#10114=ORIENTED_EDGE('',*,*,#7903,.F.);
#10115=ORIENTED_EDGE('',*,*,#7838,.F.);
#10116=ORIENTED_EDGE('',*,*,#7904,.T.);
#10117=ORIENTED_EDGE('',*,*,#7905,.T.);
#10118=ORIENTED_EDGE('',*,*,#7901,.F.);
#10119=ORIENTED_EDGE('',*,*,#7837,.F.);
#10120=ORIENTED_EDGE('',*,*,#7906,.T.);
#10121=ORIENTED_EDGE('',*,*,#7907,.T.);
#10122=ORIENTED_EDGE('',*,*,#7904,.F.);
#10123=ORIENTED_EDGE('',*,*,#7836,.F.);
#10124=ORIENTED_EDGE('',*,*,#7903,.T.);
#10125=ORIENTED_EDGE('',*,*,#7908,.T.);
#10126=ORIENTED_EDGE('',*,*,#7906,.F.);
#10127=ORIENTED_EDGE('',*,*,#7908,.F.);
#10128=ORIENTED_EDGE('',*,*,#7902,.F.);
#10129=ORIENTED_EDGE('',*,*,#7905,.F.);
#10130=ORIENTED_EDGE('',*,*,#7907,.F.);
#10131=ORIENTED_EDGE('',*,*,#7909,.F.);
#10132=ORIENTED_EDGE('',*,*,#7910,.F.);
#10133=ORIENTED_EDGE('',*,*,#7911,.F.);
#10134=ORIENTED_EDGE('',*,*,#7912,.F.);
#10135=ORIENTED_EDGE('',*,*,#7831,.F.);
#10136=ORIENTED_EDGE('',*,*,#7913,.T.);
#10137=ORIENTED_EDGE('',*,*,#7914,.T.);
#10138=ORIENTED_EDGE('',*,*,#7915,.F.);
#10139=ORIENTED_EDGE('',*,*,#7834,.F.);
#10140=ORIENTED_EDGE('',*,*,#7916,.T.);
#10141=ORIENTED_EDGE('',*,*,#7917,.T.);
#10142=ORIENTED_EDGE('',*,*,#7913,.F.);
#10143=ORIENTED_EDGE('',*,*,#7833,.F.);
#10144=ORIENTED_EDGE('',*,*,#7918,.T.);
#10145=ORIENTED_EDGE('',*,*,#7919,.T.);
#10146=ORIENTED_EDGE('',*,*,#7916,.F.);
#10147=ORIENTED_EDGE('',*,*,#7832,.F.);
#10148=ORIENTED_EDGE('',*,*,#7915,.T.);
#10149=ORIENTED_EDGE('',*,*,#7920,.T.);
#10150=ORIENTED_EDGE('',*,*,#7918,.F.);
#10151=ORIENTED_EDGE('',*,*,#7920,.F.);
#10152=ORIENTED_EDGE('',*,*,#7914,.F.);
#10153=ORIENTED_EDGE('',*,*,#7917,.F.);
#10154=ORIENTED_EDGE('',*,*,#7919,.F.);
#10155=ORIENTED_EDGE('',*,*,#7921,.F.);
#10156=ORIENTED_EDGE('',*,*,#7922,.F.);
#10157=ORIENTED_EDGE('',*,*,#7923,.F.);
#10158=ORIENTED_EDGE('',*,*,#7924,.F.);
#10159=ORIENTED_EDGE('',*,*,#7910,.T.);
#10160=ORIENTED_EDGE('',*,*,#7925,.T.);
#10161=ORIENTED_EDGE('',*,*,#7926,.F.);
#10162=ORIENTED_EDGE('',*,*,#7927,.F.);
#10163=ORIENTED_EDGE('',*,*,#7909,.T.);
#10164=ORIENTED_EDGE('',*,*,#7928,.T.);
#10165=ORIENTED_EDGE('',*,*,#7929,.F.);
#10166=ORIENTED_EDGE('',*,*,#7925,.F.);
#10167=ORIENTED_EDGE('',*,*,#7922,.T.);
#10168=ORIENTED_EDGE('',*,*,#7930,.T.);
#10169=ORIENTED_EDGE('',*,*,#7931,.F.);
#10170=ORIENTED_EDGE('',*,*,#7932,.F.);
#10171=ORIENTED_EDGE('',*,*,#7921,.T.);
#10172=ORIENTED_EDGE('',*,*,#7933,.T.);
#10173=ORIENTED_EDGE('',*,*,#7934,.F.);
#10174=ORIENTED_EDGE('',*,*,#7930,.F.);
#10175=ORIENTED_EDGE('',*,*,#7669,.T.);
#10176=ORIENTED_EDGE('',*,*,#7830,.F.);
#10177=ORIENTED_EDGE('',*,*,#7935,.T.);
#10178=ORIENTED_EDGE('',*,*,#7936,.T.);
#10179=ORIENTED_EDGE('',*,*,#7829,.F.);
#10180=ORIENTED_EDGE('',*,*,#7937,.T.);
#10181=ORIENTED_EDGE('',*,*,#7938,.T.);
#10182=ORIENTED_EDGE('',*,*,#7935,.F.);
#10183=ORIENTED_EDGE('',*,*,#7828,.F.);
#10184=ORIENTED_EDGE('',*,*,#7939,.T.);
#10185=ORIENTED_EDGE('',*,*,#7940,.T.);
#10186=ORIENTED_EDGE('',*,*,#7937,.F.);
#10187=ORIENTED_EDGE('',*,*,#7827,.F.);
#10188=ORIENTED_EDGE('',*,*,#7854,.T.);
#10189=ORIENTED_EDGE('',*,*,#7941,.T.);
#10190=ORIENTED_EDGE('',*,*,#7939,.F.);
#10191=ORIENTED_EDGE('',*,*,#7670,.T.);
#10192=ORIENTED_EDGE('',*,*,#7936,.F.);
#10193=ORIENTED_EDGE('',*,*,#7938,.F.);
#10194=ORIENTED_EDGE('',*,*,#7940,.F.);
#10195=ORIENTED_EDGE('',*,*,#7941,.F.);
#10196=ORIENTED_EDGE('',*,*,#7853,.F.);
#10197=ORIENTED_EDGE('',*,*,#7942,.F.);
#10198=ORIENTED_EDGE('',*,*,#7943,.F.);
#10199=ORIENTED_EDGE('',*,*,#7944,.F.);
#10200=ORIENTED_EDGE('',*,*,#7945,.F.);
#10201=ORIENTED_EDGE('',*,*,#7943,.T.);
#10202=ORIENTED_EDGE('',*,*,#7946,.T.);
#10203=ORIENTED_EDGE('',*,*,#7947,.F.);
#10204=ORIENTED_EDGE('',*,*,#7948,.F.);
#10205=ORIENTED_EDGE('',*,*,#7942,.T.);
#10206=ORIENTED_EDGE('',*,*,#7949,.T.);
#10207=ORIENTED_EDGE('',*,*,#7950,.F.);
#10208=ORIENTED_EDGE('',*,*,#7946,.F.);
#10209=ORIENTED_EDGE('',*,*,#7822,.F.);
#10210=ORIENTED_EDGE('',*,*,#7951,.T.);
#10211=ORIENTED_EDGE('',*,*,#7952,.T.);
#10212=ORIENTED_EDGE('',*,*,#7953,.F.);
#10213=ORIENTED_EDGE('',*,*,#7825,.F.);
#10214=ORIENTED_EDGE('',*,*,#7954,.T.);
#10215=ORIENTED_EDGE('',*,*,#7955,.T.);
#10216=ORIENTED_EDGE('',*,*,#7951,.F.);
#10217=ORIENTED_EDGE('',*,*,#7824,.F.);
#10218=ORIENTED_EDGE('',*,*,#7956,.T.);
#10219=ORIENTED_EDGE('',*,*,#7957,.T.);
#10220=ORIENTED_EDGE('',*,*,#7954,.F.);
#10221=ORIENTED_EDGE('',*,*,#7823,.F.);
#10222=ORIENTED_EDGE('',*,*,#7953,.T.);
#10223=ORIENTED_EDGE('',*,*,#7958,.T.);
#10224=ORIENTED_EDGE('',*,*,#7956,.F.);
#10225=ORIENTED_EDGE('',*,*,#7958,.F.);
#10226=ORIENTED_EDGE('',*,*,#7952,.F.);
#10227=ORIENTED_EDGE('',*,*,#7955,.F.);
#10228=ORIENTED_EDGE('',*,*,#7957,.F.);
#10229=ORIENTED_EDGE('',*,*,#7959,.F.);
#10230=ORIENTED_EDGE('',*,*,#7960,.F.);
#10231=ORIENTED_EDGE('',*,*,#7961,.F.);
#10232=ORIENTED_EDGE('',*,*,#7962,.F.);
#10233=ORIENTED_EDGE('',*,*,#7818,.F.);
#10234=ORIENTED_EDGE('',*,*,#7963,.T.);
#10235=ORIENTED_EDGE('',*,*,#7964,.T.);
#10236=ORIENTED_EDGE('',*,*,#7965,.F.);
#10237=ORIENTED_EDGE('',*,*,#7821,.F.);
#10238=ORIENTED_EDGE('',*,*,#7966,.T.);
#10239=ORIENTED_EDGE('',*,*,#7967,.T.);
#10240=ORIENTED_EDGE('',*,*,#7963,.F.);
#10241=ORIENTED_EDGE('',*,*,#7820,.F.);
#10242=ORIENTED_EDGE('',*,*,#7968,.T.);
#10243=ORIENTED_EDGE('',*,*,#7969,.T.);
#10244=ORIENTED_EDGE('',*,*,#7966,.F.);
#10245=ORIENTED_EDGE('',*,*,#7819,.F.);
#10246=ORIENTED_EDGE('',*,*,#7965,.T.);
#10247=ORIENTED_EDGE('',*,*,#7970,.T.);
#10248=ORIENTED_EDGE('',*,*,#7968,.F.);
#10249=ORIENTED_EDGE('',*,*,#7970,.F.);
#10250=ORIENTED_EDGE('',*,*,#7964,.F.);
#10251=ORIENTED_EDGE('',*,*,#7967,.F.);
#10252=ORIENTED_EDGE('',*,*,#7969,.F.);
#10253=ORIENTED_EDGE('',*,*,#7971,.F.);
#10254=ORIENTED_EDGE('',*,*,#7972,.F.);
#10255=ORIENTED_EDGE('',*,*,#7973,.F.);
#10256=ORIENTED_EDGE('',*,*,#7974,.F.);
#10257=ORIENTED_EDGE('',*,*,#7814,.F.);
#10258=ORIENTED_EDGE('',*,*,#7975,.T.);
#10259=ORIENTED_EDGE('',*,*,#7976,.T.);
#10260=ORIENTED_EDGE('',*,*,#7977,.F.);
#10261=ORIENTED_EDGE('',*,*,#7817,.F.);
#10262=ORIENTED_EDGE('',*,*,#7978,.T.);
#10263=ORIENTED_EDGE('',*,*,#7979,.T.);
#10264=ORIENTED_EDGE('',*,*,#7975,.F.);
#10265=ORIENTED_EDGE('',*,*,#7816,.F.);
#10266=ORIENTED_EDGE('',*,*,#7980,.T.);
#10267=ORIENTED_EDGE('',*,*,#7981,.T.);
#10268=ORIENTED_EDGE('',*,*,#7978,.F.);
#10269=ORIENTED_EDGE('',*,*,#7815,.F.);
#10270=ORIENTED_EDGE('',*,*,#7977,.T.);
#10271=ORIENTED_EDGE('',*,*,#7982,.T.);
#10272=ORIENTED_EDGE('',*,*,#7980,.F.);
#10273=ORIENTED_EDGE('',*,*,#7982,.F.);
#10274=ORIENTED_EDGE('',*,*,#7976,.F.);
#10275=ORIENTED_EDGE('',*,*,#7979,.F.);
#10276=ORIENTED_EDGE('',*,*,#7981,.F.);
#10277=ORIENTED_EDGE('',*,*,#7983,.F.);
#10278=ORIENTED_EDGE('',*,*,#7984,.F.);
#10279=ORIENTED_EDGE('',*,*,#7985,.F.);
#10280=ORIENTED_EDGE('',*,*,#7986,.F.);
#10281=ORIENTED_EDGE('',*,*,#7810,.F.);
#10282=ORIENTED_EDGE('',*,*,#7987,.T.);
#10283=ORIENTED_EDGE('',*,*,#7988,.T.);
#10284=ORIENTED_EDGE('',*,*,#7989,.F.);
#10285=ORIENTED_EDGE('',*,*,#7813,.F.);
#10286=ORIENTED_EDGE('',*,*,#7990,.T.);
#10287=ORIENTED_EDGE('',*,*,#7991,.T.);
#10288=ORIENTED_EDGE('',*,*,#7987,.F.);
#10289=ORIENTED_EDGE('',*,*,#7812,.F.);
#10290=ORIENTED_EDGE('',*,*,#7992,.T.);
#10291=ORIENTED_EDGE('',*,*,#7993,.T.);
#10292=ORIENTED_EDGE('',*,*,#7990,.F.);
#10293=ORIENTED_EDGE('',*,*,#7811,.F.);
#10294=ORIENTED_EDGE('',*,*,#7989,.T.);
#10295=ORIENTED_EDGE('',*,*,#7994,.T.);
#10296=ORIENTED_EDGE('',*,*,#7992,.F.);
#10297=ORIENTED_EDGE('',*,*,#7994,.F.);
#10298=ORIENTED_EDGE('',*,*,#7988,.F.);
#10299=ORIENTED_EDGE('',*,*,#7991,.F.);
#10300=ORIENTED_EDGE('',*,*,#7993,.F.);
#10301=ORIENTED_EDGE('',*,*,#7995,.F.);
#10302=ORIENTED_EDGE('',*,*,#7996,.F.);
#10303=ORIENTED_EDGE('',*,*,#7997,.F.);
#10304=ORIENTED_EDGE('',*,*,#7998,.F.);
#10305=ORIENTED_EDGE('',*,*,#7806,.F.);
#10306=ORIENTED_EDGE('',*,*,#7999,.T.);
#10307=ORIENTED_EDGE('',*,*,#8000,.T.);
#10308=ORIENTED_EDGE('',*,*,#8001,.F.);
#10309=ORIENTED_EDGE('',*,*,#7809,.F.);
#10310=ORIENTED_EDGE('',*,*,#8002,.T.);
#10311=ORIENTED_EDGE('',*,*,#8003,.T.);
#10312=ORIENTED_EDGE('',*,*,#7999,.F.);
#10313=ORIENTED_EDGE('',*,*,#7808,.F.);
#10314=ORIENTED_EDGE('',*,*,#8004,.T.);
#10315=ORIENTED_EDGE('',*,*,#8005,.T.);
#10316=ORIENTED_EDGE('',*,*,#8002,.F.);
#10317=ORIENTED_EDGE('',*,*,#7807,.F.);
#10318=ORIENTED_EDGE('',*,*,#8001,.T.);
#10319=ORIENTED_EDGE('',*,*,#8006,.T.);
#10320=ORIENTED_EDGE('',*,*,#8004,.F.);
#10321=ORIENTED_EDGE('',*,*,#8006,.F.);
#10322=ORIENTED_EDGE('',*,*,#8000,.F.);
#10323=ORIENTED_EDGE('',*,*,#8003,.F.);
#10324=ORIENTED_EDGE('',*,*,#8005,.F.);
#10325=ORIENTED_EDGE('',*,*,#8007,.F.);
#10326=ORIENTED_EDGE('',*,*,#8008,.F.);
#10327=ORIENTED_EDGE('',*,*,#8009,.F.);
#10328=ORIENTED_EDGE('',*,*,#8010,.F.);
#10329=ORIENTED_EDGE('',*,*,#7802,.F.);
#10330=ORIENTED_EDGE('',*,*,#8011,.T.);
#10331=ORIENTED_EDGE('',*,*,#8012,.T.);
#10332=ORIENTED_EDGE('',*,*,#8013,.F.);
#10333=ORIENTED_EDGE('',*,*,#7805,.F.);
#10334=ORIENTED_EDGE('',*,*,#8014,.T.);
#10335=ORIENTED_EDGE('',*,*,#8015,.T.);
#10336=ORIENTED_EDGE('',*,*,#8011,.F.);
#10337=ORIENTED_EDGE('',*,*,#7804,.F.);
#10338=ORIENTED_EDGE('',*,*,#8016,.T.);
#10339=ORIENTED_EDGE('',*,*,#8017,.T.);
#10340=ORIENTED_EDGE('',*,*,#8014,.F.);
#10341=ORIENTED_EDGE('',*,*,#7803,.F.);
#10342=ORIENTED_EDGE('',*,*,#8013,.T.);
#10343=ORIENTED_EDGE('',*,*,#8018,.T.);
#10344=ORIENTED_EDGE('',*,*,#8016,.F.);
#10345=ORIENTED_EDGE('',*,*,#8018,.F.);
#10346=ORIENTED_EDGE('',*,*,#8012,.F.);
#10347=ORIENTED_EDGE('',*,*,#8015,.F.);
#10348=ORIENTED_EDGE('',*,*,#8017,.F.);
#10349=ORIENTED_EDGE('',*,*,#8019,.F.);
#10350=ORIENTED_EDGE('',*,*,#8020,.F.);
#10351=ORIENTED_EDGE('',*,*,#8021,.F.);
#10352=ORIENTED_EDGE('',*,*,#8022,.F.);
#10353=ORIENTED_EDGE('',*,*,#7798,.F.);
#10354=ORIENTED_EDGE('',*,*,#8023,.T.);
#10355=ORIENTED_EDGE('',*,*,#8024,.T.);
#10356=ORIENTED_EDGE('',*,*,#8025,.F.);
#10357=ORIENTED_EDGE('',*,*,#7801,.F.);
#10358=ORIENTED_EDGE('',*,*,#8026,.T.);
#10359=ORIENTED_EDGE('',*,*,#8027,.T.);
#10360=ORIENTED_EDGE('',*,*,#8023,.F.);
#10361=ORIENTED_EDGE('',*,*,#7800,.F.);
#10362=ORIENTED_EDGE('',*,*,#8028,.T.);
#10363=ORIENTED_EDGE('',*,*,#8029,.T.);
#10364=ORIENTED_EDGE('',*,*,#8026,.F.);
#10365=ORIENTED_EDGE('',*,*,#7799,.F.);
#10366=ORIENTED_EDGE('',*,*,#8025,.T.);
#10367=ORIENTED_EDGE('',*,*,#8030,.T.);
#10368=ORIENTED_EDGE('',*,*,#8028,.F.);
#10369=ORIENTED_EDGE('',*,*,#8030,.F.);
#10370=ORIENTED_EDGE('',*,*,#8024,.F.);
#10371=ORIENTED_EDGE('',*,*,#8027,.F.);
#10372=ORIENTED_EDGE('',*,*,#8029,.F.);
#10373=ORIENTED_EDGE('',*,*,#8031,.F.);
#10374=ORIENTED_EDGE('',*,*,#8032,.F.);
#10375=ORIENTED_EDGE('',*,*,#8033,.F.);
#10376=ORIENTED_EDGE('',*,*,#8034,.F.);
#10377=ORIENTED_EDGE('',*,*,#7794,.F.);
#10378=ORIENTED_EDGE('',*,*,#8035,.T.);
#10379=ORIENTED_EDGE('',*,*,#8036,.T.);
#10380=ORIENTED_EDGE('',*,*,#8037,.F.);
#10381=ORIENTED_EDGE('',*,*,#7797,.F.);
#10382=ORIENTED_EDGE('',*,*,#8038,.T.);
#10383=ORIENTED_EDGE('',*,*,#8039,.T.);
#10384=ORIENTED_EDGE('',*,*,#8035,.F.);
#10385=ORIENTED_EDGE('',*,*,#7796,.F.);
#10386=ORIENTED_EDGE('',*,*,#8040,.T.);
#10387=ORIENTED_EDGE('',*,*,#8041,.T.);
#10388=ORIENTED_EDGE('',*,*,#8038,.F.);
#10389=ORIENTED_EDGE('',*,*,#7795,.F.);
#10390=ORIENTED_EDGE('',*,*,#8037,.T.);
#10391=ORIENTED_EDGE('',*,*,#8042,.T.);
#10392=ORIENTED_EDGE('',*,*,#8040,.F.);
#10393=ORIENTED_EDGE('',*,*,#8042,.F.);
#10394=ORIENTED_EDGE('',*,*,#8036,.F.);
#10395=ORIENTED_EDGE('',*,*,#8039,.F.);
#10396=ORIENTED_EDGE('',*,*,#8041,.F.);
#10397=ORIENTED_EDGE('',*,*,#8043,.F.);
#10398=ORIENTED_EDGE('',*,*,#8044,.F.);
#10399=ORIENTED_EDGE('',*,*,#8045,.F.);
#10400=ORIENTED_EDGE('',*,*,#8046,.F.);
#10401=ORIENTED_EDGE('',*,*,#7790,.F.);
#10402=ORIENTED_EDGE('',*,*,#8047,.T.);
#10403=ORIENTED_EDGE('',*,*,#8048,.T.);
#10404=ORIENTED_EDGE('',*,*,#8049,.F.);
#10405=ORIENTED_EDGE('',*,*,#7793,.F.);
#10406=ORIENTED_EDGE('',*,*,#8050,.T.);
#10407=ORIENTED_EDGE('',*,*,#8051,.T.);
#10408=ORIENTED_EDGE('',*,*,#8047,.F.);
#10409=ORIENTED_EDGE('',*,*,#7792,.F.);
#10410=ORIENTED_EDGE('',*,*,#8052,.T.);
#10411=ORIENTED_EDGE('',*,*,#8053,.T.);
#10412=ORIENTED_EDGE('',*,*,#8050,.F.);
#10413=ORIENTED_EDGE('',*,*,#7791,.F.);
#10414=ORIENTED_EDGE('',*,*,#8049,.T.);
#10415=ORIENTED_EDGE('',*,*,#8054,.T.);
#10416=ORIENTED_EDGE('',*,*,#8052,.F.);
#10417=ORIENTED_EDGE('',*,*,#8054,.F.);
#10418=ORIENTED_EDGE('',*,*,#8048,.F.);
#10419=ORIENTED_EDGE('',*,*,#8051,.F.);
#10420=ORIENTED_EDGE('',*,*,#8053,.F.);
#10421=ORIENTED_EDGE('',*,*,#8055,.F.);
#10422=ORIENTED_EDGE('',*,*,#8056,.F.);
#10423=ORIENTED_EDGE('',*,*,#8057,.F.);
#10424=ORIENTED_EDGE('',*,*,#8058,.F.);
#10425=ORIENTED_EDGE('',*,*,#7786,.F.);
#10426=ORIENTED_EDGE('',*,*,#8059,.T.);
#10427=ORIENTED_EDGE('',*,*,#8060,.T.);
#10428=ORIENTED_EDGE('',*,*,#8061,.F.);
#10429=ORIENTED_EDGE('',*,*,#7789,.F.);
#10430=ORIENTED_EDGE('',*,*,#8062,.T.);
#10431=ORIENTED_EDGE('',*,*,#8063,.T.);
#10432=ORIENTED_EDGE('',*,*,#8059,.F.);
#10433=ORIENTED_EDGE('',*,*,#7788,.F.);
#10434=ORIENTED_EDGE('',*,*,#8064,.T.);
#10435=ORIENTED_EDGE('',*,*,#8065,.T.);
#10436=ORIENTED_EDGE('',*,*,#8062,.F.);
#10437=ORIENTED_EDGE('',*,*,#7787,.F.);
#10438=ORIENTED_EDGE('',*,*,#8061,.T.);
#10439=ORIENTED_EDGE('',*,*,#8066,.T.);
#10440=ORIENTED_EDGE('',*,*,#8064,.F.);
#10441=ORIENTED_EDGE('',*,*,#8066,.F.);
#10442=ORIENTED_EDGE('',*,*,#8060,.F.);
#10443=ORIENTED_EDGE('',*,*,#8063,.F.);
#10444=ORIENTED_EDGE('',*,*,#8065,.F.);
#10445=ORIENTED_EDGE('',*,*,#8067,.F.);
#10446=ORIENTED_EDGE('',*,*,#8068,.F.);
#10447=ORIENTED_EDGE('',*,*,#8069,.F.);
#10448=ORIENTED_EDGE('',*,*,#8070,.F.);
#10449=ORIENTED_EDGE('',*,*,#7782,.F.);
#10450=ORIENTED_EDGE('',*,*,#8071,.T.);
#10451=ORIENTED_EDGE('',*,*,#8072,.T.);
#10452=ORIENTED_EDGE('',*,*,#8073,.F.);
#10453=ORIENTED_EDGE('',*,*,#7785,.F.);
#10454=ORIENTED_EDGE('',*,*,#8074,.T.);
#10455=ORIENTED_EDGE('',*,*,#8075,.T.);
#10456=ORIENTED_EDGE('',*,*,#8071,.F.);
#10457=ORIENTED_EDGE('',*,*,#7784,.F.);
#10458=ORIENTED_EDGE('',*,*,#8076,.T.);
#10459=ORIENTED_EDGE('',*,*,#8077,.T.);
#10460=ORIENTED_EDGE('',*,*,#8074,.F.);
#10461=ORIENTED_EDGE('',*,*,#7783,.F.);
#10462=ORIENTED_EDGE('',*,*,#8073,.T.);
#10463=ORIENTED_EDGE('',*,*,#8078,.T.);
#10464=ORIENTED_EDGE('',*,*,#8076,.F.);
#10465=ORIENTED_EDGE('',*,*,#8078,.F.);
#10466=ORIENTED_EDGE('',*,*,#8072,.F.);
#10467=ORIENTED_EDGE('',*,*,#8075,.F.);
#10468=ORIENTED_EDGE('',*,*,#8077,.F.);
#10469=ORIENTED_EDGE('',*,*,#8079,.F.);
#10470=ORIENTED_EDGE('',*,*,#8080,.F.);
#10471=ORIENTED_EDGE('',*,*,#8081,.F.);
#10472=ORIENTED_EDGE('',*,*,#8082,.F.);
#10473=ORIENTED_EDGE('',*,*,#7778,.F.);
#10474=ORIENTED_EDGE('',*,*,#8083,.T.);
#10475=ORIENTED_EDGE('',*,*,#8084,.T.);
#10476=ORIENTED_EDGE('',*,*,#8085,.F.);
#10477=ORIENTED_EDGE('',*,*,#7781,.F.);
#10478=ORIENTED_EDGE('',*,*,#8086,.T.);
#10479=ORIENTED_EDGE('',*,*,#8087,.T.);
#10480=ORIENTED_EDGE('',*,*,#8083,.F.);
#10481=ORIENTED_EDGE('',*,*,#7780,.F.);
#10482=ORIENTED_EDGE('',*,*,#8088,.T.);
#10483=ORIENTED_EDGE('',*,*,#8089,.T.);
#10484=ORIENTED_EDGE('',*,*,#8086,.F.);
#10485=ORIENTED_EDGE('',*,*,#7779,.F.);
#10486=ORIENTED_EDGE('',*,*,#8085,.T.);
#10487=ORIENTED_EDGE('',*,*,#8090,.T.);
#10488=ORIENTED_EDGE('',*,*,#8088,.F.);
#10489=ORIENTED_EDGE('',*,*,#8090,.F.);
#10490=ORIENTED_EDGE('',*,*,#8084,.F.);
#10491=ORIENTED_EDGE('',*,*,#8087,.F.);
#10492=ORIENTED_EDGE('',*,*,#8089,.F.);
#10493=ORIENTED_EDGE('',*,*,#8091,.F.);
#10494=ORIENTED_EDGE('',*,*,#8092,.F.);
#10495=ORIENTED_EDGE('',*,*,#8093,.F.);
#10496=ORIENTED_EDGE('',*,*,#8094,.F.);
#10497=ORIENTED_EDGE('',*,*,#7774,.F.);
#10498=ORIENTED_EDGE('',*,*,#8095,.T.);
#10499=ORIENTED_EDGE('',*,*,#8096,.T.);
#10500=ORIENTED_EDGE('',*,*,#8097,.F.);
#10501=ORIENTED_EDGE('',*,*,#7777,.F.);
#10502=ORIENTED_EDGE('',*,*,#8098,.T.);
#10503=ORIENTED_EDGE('',*,*,#8099,.T.);
#10504=ORIENTED_EDGE('',*,*,#8095,.F.);
#10505=ORIENTED_EDGE('',*,*,#7776,.F.);
#10506=ORIENTED_EDGE('',*,*,#8100,.T.);
#10507=ORIENTED_EDGE('',*,*,#8101,.T.);
#10508=ORIENTED_EDGE('',*,*,#8098,.F.);
#10509=ORIENTED_EDGE('',*,*,#7775,.F.);
#10510=ORIENTED_EDGE('',*,*,#8097,.T.);
#10511=ORIENTED_EDGE('',*,*,#8102,.T.);
#10512=ORIENTED_EDGE('',*,*,#8100,.F.);
#10513=ORIENTED_EDGE('',*,*,#8102,.F.);
#10514=ORIENTED_EDGE('',*,*,#8096,.F.);
#10515=ORIENTED_EDGE('',*,*,#8099,.F.);
#10516=ORIENTED_EDGE('',*,*,#8101,.F.);
#10517=ORIENTED_EDGE('',*,*,#8103,.F.);
#10518=ORIENTED_EDGE('',*,*,#8104,.F.);
#10519=ORIENTED_EDGE('',*,*,#8105,.F.);
#10520=ORIENTED_EDGE('',*,*,#8106,.F.);
#10521=ORIENTED_EDGE('',*,*,#7770,.F.);
#10522=ORIENTED_EDGE('',*,*,#8107,.T.);
#10523=ORIENTED_EDGE('',*,*,#8108,.T.);
#10524=ORIENTED_EDGE('',*,*,#8109,.F.);
#10525=ORIENTED_EDGE('',*,*,#7773,.F.);
#10526=ORIENTED_EDGE('',*,*,#8110,.T.);
#10527=ORIENTED_EDGE('',*,*,#8111,.T.);
#10528=ORIENTED_EDGE('',*,*,#8107,.F.);
#10529=ORIENTED_EDGE('',*,*,#7772,.F.);
#10530=ORIENTED_EDGE('',*,*,#8112,.T.);
#10531=ORIENTED_EDGE('',*,*,#8113,.T.);
#10532=ORIENTED_EDGE('',*,*,#8110,.F.);
#10533=ORIENTED_EDGE('',*,*,#7771,.F.);
#10534=ORIENTED_EDGE('',*,*,#8109,.T.);
#10535=ORIENTED_EDGE('',*,*,#8114,.T.);
#10536=ORIENTED_EDGE('',*,*,#8112,.F.);
#10537=ORIENTED_EDGE('',*,*,#8114,.F.);
#10538=ORIENTED_EDGE('',*,*,#8108,.F.);
#10539=ORIENTED_EDGE('',*,*,#8111,.F.);
#10540=ORIENTED_EDGE('',*,*,#8113,.F.);
#10541=ORIENTED_EDGE('',*,*,#8115,.F.);
#10542=ORIENTED_EDGE('',*,*,#8116,.F.);
#10543=ORIENTED_EDGE('',*,*,#8117,.F.);
#10544=ORIENTED_EDGE('',*,*,#8118,.F.);
#10545=ORIENTED_EDGE('',*,*,#7960,.T.);
#10546=ORIENTED_EDGE('',*,*,#8119,.T.);
#10547=ORIENTED_EDGE('',*,*,#8120,.F.);
#10548=ORIENTED_EDGE('',*,*,#8121,.F.);
#10549=ORIENTED_EDGE('',*,*,#7959,.T.);
#10550=ORIENTED_EDGE('',*,*,#8122,.T.);
#10551=ORIENTED_EDGE('',*,*,#8123,.F.);
#10552=ORIENTED_EDGE('',*,*,#8119,.F.);
#10553=ORIENTED_EDGE('',*,*,#7972,.T.);
#10554=ORIENTED_EDGE('',*,*,#8124,.T.);
#10555=ORIENTED_EDGE('',*,*,#8125,.F.);
#10556=ORIENTED_EDGE('',*,*,#8126,.F.);
#10557=ORIENTED_EDGE('',*,*,#7971,.T.);
#10558=ORIENTED_EDGE('',*,*,#8127,.T.);
#10559=ORIENTED_EDGE('',*,*,#8128,.F.);
#10560=ORIENTED_EDGE('',*,*,#8124,.F.);
#10561=ORIENTED_EDGE('',*,*,#7984,.T.);
#10562=ORIENTED_EDGE('',*,*,#8129,.T.);
#10563=ORIENTED_EDGE('',*,*,#8130,.F.);
#10564=ORIENTED_EDGE('',*,*,#8131,.F.);
#10565=ORIENTED_EDGE('',*,*,#7983,.T.);
#10566=ORIENTED_EDGE('',*,*,#8132,.T.);
#10567=ORIENTED_EDGE('',*,*,#8133,.F.);
#10568=ORIENTED_EDGE('',*,*,#8129,.F.);
#10569=ORIENTED_EDGE('',*,*,#7996,.T.);
#10570=ORIENTED_EDGE('',*,*,#8134,.T.);
#10571=ORIENTED_EDGE('',*,*,#8135,.F.);
#10572=ORIENTED_EDGE('',*,*,#8136,.F.);
#10573=ORIENTED_EDGE('',*,*,#7995,.T.);
#10574=ORIENTED_EDGE('',*,*,#8137,.T.);
#10575=ORIENTED_EDGE('',*,*,#8138,.F.);
#10576=ORIENTED_EDGE('',*,*,#8134,.F.);
#10577=ORIENTED_EDGE('',*,*,#8008,.T.);
#10578=ORIENTED_EDGE('',*,*,#8139,.T.);
#10579=ORIENTED_EDGE('',*,*,#8140,.F.);
#10580=ORIENTED_EDGE('',*,*,#8141,.F.);
#10581=ORIENTED_EDGE('',*,*,#8007,.T.);
#10582=ORIENTED_EDGE('',*,*,#8142,.T.);
#10583=ORIENTED_EDGE('',*,*,#8143,.F.);
#10584=ORIENTED_EDGE('',*,*,#8139,.F.);
#10585=ORIENTED_EDGE('',*,*,#8020,.T.);
#10586=ORIENTED_EDGE('',*,*,#8144,.T.);
#10587=ORIENTED_EDGE('',*,*,#8145,.F.);
#10588=ORIENTED_EDGE('',*,*,#8146,.F.);
#10589=ORIENTED_EDGE('',*,*,#8019,.T.);
#10590=ORIENTED_EDGE('',*,*,#8147,.T.);
#10591=ORIENTED_EDGE('',*,*,#8148,.F.);
#10592=ORIENTED_EDGE('',*,*,#8144,.F.);
#10593=ORIENTED_EDGE('',*,*,#8032,.T.);
#10594=ORIENTED_EDGE('',*,*,#8149,.T.);
#10595=ORIENTED_EDGE('',*,*,#8150,.F.);
#10596=ORIENTED_EDGE('',*,*,#8151,.F.);
#10597=ORIENTED_EDGE('',*,*,#8031,.T.);
#10598=ORIENTED_EDGE('',*,*,#8152,.T.);
#10599=ORIENTED_EDGE('',*,*,#8153,.F.);
#10600=ORIENTED_EDGE('',*,*,#8149,.F.);
#10601=ORIENTED_EDGE('',*,*,#8044,.T.);
#10602=ORIENTED_EDGE('',*,*,#8154,.T.);
#10603=ORIENTED_EDGE('',*,*,#8155,.F.);
#10604=ORIENTED_EDGE('',*,*,#8156,.F.);
#10605=ORIENTED_EDGE('',*,*,#8043,.T.);
#10606=ORIENTED_EDGE('',*,*,#8157,.T.);
#10607=ORIENTED_EDGE('',*,*,#8158,.F.);
#10608=ORIENTED_EDGE('',*,*,#8154,.F.);
#10609=ORIENTED_EDGE('',*,*,#8056,.T.);
#10610=ORIENTED_EDGE('',*,*,#8159,.T.);
#10611=ORIENTED_EDGE('',*,*,#8160,.F.);
#10612=ORIENTED_EDGE('',*,*,#8161,.F.);
#10613=ORIENTED_EDGE('',*,*,#8055,.T.);
#10614=ORIENTED_EDGE('',*,*,#8162,.T.);
#10615=ORIENTED_EDGE('',*,*,#8163,.F.);
#10616=ORIENTED_EDGE('',*,*,#8159,.F.);
#10617=ORIENTED_EDGE('',*,*,#8068,.T.);
#10618=ORIENTED_EDGE('',*,*,#8164,.T.);
#10619=ORIENTED_EDGE('',*,*,#8165,.F.);
#10620=ORIENTED_EDGE('',*,*,#8166,.F.);
#10621=ORIENTED_EDGE('',*,*,#8067,.T.);
#10622=ORIENTED_EDGE('',*,*,#8167,.T.);
#10623=ORIENTED_EDGE('',*,*,#8168,.F.);
#10624=ORIENTED_EDGE('',*,*,#8164,.F.);
#10625=ORIENTED_EDGE('',*,*,#8080,.T.);
#10626=ORIENTED_EDGE('',*,*,#8169,.T.);
#10627=ORIENTED_EDGE('',*,*,#8170,.F.);
#10628=ORIENTED_EDGE('',*,*,#8171,.F.);
#10629=ORIENTED_EDGE('',*,*,#8079,.T.);
#10630=ORIENTED_EDGE('',*,*,#8172,.T.);
#10631=ORIENTED_EDGE('',*,*,#8173,.F.);
#10632=ORIENTED_EDGE('',*,*,#8169,.F.);
#10633=ORIENTED_EDGE('',*,*,#8092,.T.);
#10634=ORIENTED_EDGE('',*,*,#8174,.T.);
#10635=ORIENTED_EDGE('',*,*,#8175,.F.);
#10636=ORIENTED_EDGE('',*,*,#8176,.F.);
#10637=ORIENTED_EDGE('',*,*,#8091,.T.);
#10638=ORIENTED_EDGE('',*,*,#8177,.T.);
#10639=ORIENTED_EDGE('',*,*,#8178,.F.);
#10640=ORIENTED_EDGE('',*,*,#8174,.F.);
#10641=ORIENTED_EDGE('',*,*,#8104,.T.);
#10642=ORIENTED_EDGE('',*,*,#8179,.T.);
#10643=ORIENTED_EDGE('',*,*,#8180,.F.);
#10644=ORIENTED_EDGE('',*,*,#8181,.F.);
#10645=ORIENTED_EDGE('',*,*,#8103,.T.);
#10646=ORIENTED_EDGE('',*,*,#8182,.T.);
#10647=ORIENTED_EDGE('',*,*,#8183,.F.);
#10648=ORIENTED_EDGE('',*,*,#8179,.F.);
#10649=ORIENTED_EDGE('',*,*,#8116,.T.);
#10650=ORIENTED_EDGE('',*,*,#8184,.T.);
#10651=ORIENTED_EDGE('',*,*,#8185,.F.);
#10652=ORIENTED_EDGE('',*,*,#8186,.F.);
#10653=ORIENTED_EDGE('',*,*,#8115,.T.);
#10654=ORIENTED_EDGE('',*,*,#8187,.T.);
#10655=ORIENTED_EDGE('',*,*,#8188,.F.);
#10656=ORIENTED_EDGE('',*,*,#8184,.F.);
#10657=ORIENTED_EDGE('',*,*,#8189,.T.);
#10658=ORIENTED_EDGE('',*,*,#8190,.T.);
#10659=ORIENTED_EDGE('',*,*,#8191,.T.);
#10660=ORIENTED_EDGE('',*,*,#8192,.T.);
#10661=ORIENTED_EDGE('',*,*,#7687,.F.);
#10662=ORIENTED_EDGE('',*,*,#8193,.T.);
#10663=ORIENTED_EDGE('',*,*,#8194,.T.);
#10664=ORIENTED_EDGE('',*,*,#8195,.T.);
#10665=ORIENTED_EDGE('',*,*,#8196,.T.);
#10666=ORIENTED_EDGE('',*,*,#8197,.T.);
#10667=ORIENTED_EDGE('',*,*,#7688,.F.);
#10668=ORIENTED_EDGE('',*,*,#8192,.F.);
#10669=ORIENTED_EDGE('',*,*,#8198,.T.);
#10670=ORIENTED_EDGE('',*,*,#8199,.T.);
#10671=ORIENTED_EDGE('',*,*,#7689,.F.);
#10672=ORIENTED_EDGE('',*,*,#8199,.F.);
#10673=ORIENTED_EDGE('',*,*,#8200,.T.);
#10674=ORIENTED_EDGE('',*,*,#8201,.T.);
#10675=ORIENTED_EDGE('',*,*,#7690,.F.);
#10676=ORIENTED_EDGE('',*,*,#8201,.F.);
#10677=ORIENTED_EDGE('',*,*,#8202,.T.);
#10678=ORIENTED_EDGE('',*,*,#8203,.T.);
#10679=ORIENTED_EDGE('',*,*,#7691,.F.);
#10680=ORIENTED_EDGE('',*,*,#8203,.F.);
#10681=ORIENTED_EDGE('',*,*,#8204,.T.);
#10682=ORIENTED_EDGE('',*,*,#8205,.T.);
#10683=ORIENTED_EDGE('',*,*,#7692,.F.);
#10684=ORIENTED_EDGE('',*,*,#8205,.F.);
#10685=ORIENTED_EDGE('',*,*,#8206,.T.);
#10686=ORIENTED_EDGE('',*,*,#8207,.T.);
#10687=ORIENTED_EDGE('',*,*,#7693,.F.);
#10688=ORIENTED_EDGE('',*,*,#8207,.F.);
#10689=ORIENTED_EDGE('',*,*,#8208,.T.);
#10690=ORIENTED_EDGE('',*,*,#8209,.T.);
#10691=ORIENTED_EDGE('',*,*,#7694,.F.);
#10692=ORIENTED_EDGE('',*,*,#8209,.F.);
#10693=ORIENTED_EDGE('',*,*,#8210,.T.);
#10694=ORIENTED_EDGE('',*,*,#8211,.T.);
#10695=ORIENTED_EDGE('',*,*,#7695,.F.);
#10696=ORIENTED_EDGE('',*,*,#8211,.F.);
#10697=ORIENTED_EDGE('',*,*,#8212,.T.);
#10698=ORIENTED_EDGE('',*,*,#8213,.T.);
#10699=ORIENTED_EDGE('',*,*,#7696,.F.);
#10700=ORIENTED_EDGE('',*,*,#8213,.F.);
#10701=ORIENTED_EDGE('',*,*,#8214,.T.);
#10702=ORIENTED_EDGE('',*,*,#8215,.T.);
#10703=ORIENTED_EDGE('',*,*,#7697,.F.);
#10704=ORIENTED_EDGE('',*,*,#8215,.F.);
#10705=ORIENTED_EDGE('',*,*,#8216,.T.);
#10706=ORIENTED_EDGE('',*,*,#8217,.T.);
#10707=ORIENTED_EDGE('',*,*,#7698,.F.);
#10708=ORIENTED_EDGE('',*,*,#8217,.F.);
#10709=ORIENTED_EDGE('',*,*,#8218,.T.);
#10710=ORIENTED_EDGE('',*,*,#8219,.T.);
#10711=ORIENTED_EDGE('',*,*,#7699,.F.);
#10712=ORIENTED_EDGE('',*,*,#8219,.F.);
#10713=ORIENTED_EDGE('',*,*,#8220,.T.);
#10714=ORIENTED_EDGE('',*,*,#8221,.T.);
#10715=ORIENTED_EDGE('',*,*,#7700,.F.);
#10716=ORIENTED_EDGE('',*,*,#8221,.F.);
#10717=ORIENTED_EDGE('',*,*,#8222,.T.);
#10718=ORIENTED_EDGE('',*,*,#8223,.T.);
#10719=ORIENTED_EDGE('',*,*,#7701,.F.);
#10720=ORIENTED_EDGE('',*,*,#8223,.F.);
#10721=ORIENTED_EDGE('',*,*,#8224,.T.);
#10722=ORIENTED_EDGE('',*,*,#8225,.T.);
#10723=ORIENTED_EDGE('',*,*,#7702,.F.);
#10724=ORIENTED_EDGE('',*,*,#8225,.F.);
#10725=ORIENTED_EDGE('',*,*,#8226,.T.);
#10726=ORIENTED_EDGE('',*,*,#8227,.T.);
#10727=ORIENTED_EDGE('',*,*,#7703,.F.);
#10728=ORIENTED_EDGE('',*,*,#8227,.F.);
#10729=ORIENTED_EDGE('',*,*,#8228,.T.);
#10730=ORIENTED_EDGE('',*,*,#8229,.T.);
#10731=ORIENTED_EDGE('',*,*,#7704,.F.);
#10732=ORIENTED_EDGE('',*,*,#8229,.F.);
#10733=ORIENTED_EDGE('',*,*,#8230,.T.);
#10734=ORIENTED_EDGE('',*,*,#8231,.T.);
#10735=ORIENTED_EDGE('',*,*,#7705,.F.);
#10736=ORIENTED_EDGE('',*,*,#8231,.F.);
#10737=ORIENTED_EDGE('',*,*,#8232,.T.);
#10738=ORIENTED_EDGE('',*,*,#8233,.T.);
#10739=ORIENTED_EDGE('',*,*,#7706,.F.);
#10740=ORIENTED_EDGE('',*,*,#8233,.F.);
#10741=ORIENTED_EDGE('',*,*,#8234,.T.);
#10742=ORIENTED_EDGE('',*,*,#8235,.T.);
#10743=ORIENTED_EDGE('',*,*,#7707,.F.);
#10744=ORIENTED_EDGE('',*,*,#8235,.F.);
#10745=ORIENTED_EDGE('',*,*,#8236,.T.);
#10746=ORIENTED_EDGE('',*,*,#8237,.T.);
#10747=ORIENTED_EDGE('',*,*,#7708,.F.);
#10748=ORIENTED_EDGE('',*,*,#8237,.F.);
#10749=ORIENTED_EDGE('',*,*,#8238,.T.);
#10750=ORIENTED_EDGE('',*,*,#8239,.T.);
#10751=ORIENTED_EDGE('',*,*,#7709,.F.);
#10752=ORIENTED_EDGE('',*,*,#8239,.F.);
#10753=ORIENTED_EDGE('',*,*,#8240,.T.);
#10754=ORIENTED_EDGE('',*,*,#8241,.T.);
#10755=ORIENTED_EDGE('',*,*,#7710,.F.);
#10756=ORIENTED_EDGE('',*,*,#8241,.F.);
#10757=ORIENTED_EDGE('',*,*,#8242,.T.);
#10758=ORIENTED_EDGE('',*,*,#8243,.T.);
#10759=ORIENTED_EDGE('',*,*,#8244,.T.);
#10760=ORIENTED_EDGE('',*,*,#7711,.F.);
#10761=ORIENTED_EDGE('',*,*,#8243,.F.);
#10762=ORIENTED_EDGE('',*,*,#8245,.T.);
#10763=ORIENTED_EDGE('',*,*,#8246,.T.);
#10764=ORIENTED_EDGE('',*,*,#8247,.T.);
#10765=ORIENTED_EDGE('',*,*,#8248,.T.);
#10766=ORIENTED_EDGE('',*,*,#8249,.T.);
#10767=ORIENTED_EDGE('',*,*,#8250,.T.);
#10768=ORIENTED_EDGE('',*,*,#8248,.F.);
#10769=ORIENTED_EDGE('',*,*,#8251,.F.);
#10770=ORIENTED_EDGE('',*,*,#8252,.F.);
#10771=ORIENTED_EDGE('',*,*,#7715,.F.);
#10772=ORIENTED_EDGE('',*,*,#8253,.T.);
#10773=ORIENTED_EDGE('',*,*,#8247,.F.);
#10774=ORIENTED_EDGE('',*,*,#8254,.T.);
#10775=ORIENTED_EDGE('',*,*,#8255,.T.);
#10776=ORIENTED_EDGE('',*,*,#7719,.F.);
#10777=ORIENTED_EDGE('',*,*,#8256,.T.);
#10778=ORIENTED_EDGE('',*,*,#8257,.T.);
#10779=ORIENTED_EDGE('',*,*,#8258,.T.);
#10780=ORIENTED_EDGE('',*,*,#8251,.T.);
#10781=ORIENTED_EDGE('',*,*,#8190,.F.);
#10782=ORIENTED_EDGE('',*,*,#8259,.F.);
#10783=ORIENTED_EDGE('',*,*,#8260,.F.);
#10784=ORIENTED_EDGE('',*,*,#8261,.T.);
#10785=ORIENTED_EDGE('',*,*,#8246,.F.);
#10786=ORIENTED_EDGE('',*,*,#8262,.T.);
#10787=ORIENTED_EDGE('',*,*,#8263,.T.);
#10788=ORIENTED_EDGE('',*,*,#7422,.F.);
#10789=ORIENTED_EDGE('',*,*,#8264,.F.);
#10790=ORIENTED_EDGE('',*,*,#8254,.F.);
#10791=ORIENTED_EDGE('',*,*,#8189,.F.);
#10792=ORIENTED_EDGE('',*,*,#8265,.T.);
#10793=ORIENTED_EDGE('',*,*,#8266,.T.);
#10794=ORIENTED_EDGE('',*,*,#8267,.T.);
#10795=ORIENTED_EDGE('',*,*,#8268,.T.);
#10796=ORIENTED_EDGE('',*,*,#8269,.T.);
#10797=ORIENTED_EDGE('',*,*,#7677,.F.);
#10798=ORIENTED_EDGE('',*,*,#8270,.F.);
#10799=ORIENTED_EDGE('',*,*,#8259,.T.);
#10800=ORIENTED_EDGE('',*,*,#8197,.F.);
#10801=ORIENTED_EDGE('',*,*,#8271,.F.);
#10802=ORIENTED_EDGE('',*,*,#7682,.F.);
#10803=ORIENTED_EDGE('',*,*,#8272,.T.);
#10804=ORIENTED_EDGE('',*,*,#8265,.F.);
#10805=ORIENTED_EDGE('',*,*,#8196,.F.);
#10806=ORIENTED_EDGE('',*,*,#8273,.F.);
#10807=ORIENTED_EDGE('',*,*,#7683,.F.);
#10808=ORIENTED_EDGE('',*,*,#8271,.T.);
#10809=ORIENTED_EDGE('',*,*,#8274,.T.);
#10810=ORIENTED_EDGE('',*,*,#8275,.T.);
#10811=ORIENTED_EDGE('',*,*,#7723,.F.);
#10812=ORIENTED_EDGE('',*,*,#7423,.F.);
#10813=ORIENTED_EDGE('',*,*,#8276,.T.);
#10814=ORIENTED_EDGE('',*,*,#8277,.T.);
#10815=ORIENTED_EDGE('',*,*,#7724,.F.);
#10816=ORIENTED_EDGE('',*,*,#8275,.F.);
#10817=ORIENTED_EDGE('',*,*,#8278,.T.);
#10818=ORIENTED_EDGE('',*,*,#8279,.T.);
#10819=ORIENTED_EDGE('',*,*,#7725,.F.);
#10820=ORIENTED_EDGE('',*,*,#8277,.F.);
#10821=ORIENTED_EDGE('',*,*,#8280,.T.);
#10822=ORIENTED_EDGE('',*,*,#8281,.T.);
#10823=ORIENTED_EDGE('',*,*,#7726,.F.);
#10824=ORIENTED_EDGE('',*,*,#8279,.F.);
#10825=ORIENTED_EDGE('',*,*,#7727,.F.);
#10826=ORIENTED_EDGE('',*,*,#8281,.F.);
#10827=ORIENTED_EDGE('',*,*,#8282,.T.);
#10828=ORIENTED_EDGE('',*,*,#8283,.T.);
#10829=ORIENTED_EDGE('',*,*,#7728,.F.);
#10830=ORIENTED_EDGE('',*,*,#8283,.F.);
#10831=ORIENTED_EDGE('',*,*,#8284,.T.);
#10832=ORIENTED_EDGE('',*,*,#8285,.T.);
#10833=ORIENTED_EDGE('',*,*,#7729,.F.);
#10834=ORIENTED_EDGE('',*,*,#8285,.F.);
#10835=ORIENTED_EDGE('',*,*,#8286,.T.);
#10836=ORIENTED_EDGE('',*,*,#8287,.T.);
#10837=ORIENTED_EDGE('',*,*,#7730,.F.);
#10838=ORIENTED_EDGE('',*,*,#8287,.F.);
#10839=ORIENTED_EDGE('',*,*,#8288,.T.);
#10840=ORIENTED_EDGE('',*,*,#8289,.T.);
#10841=ORIENTED_EDGE('',*,*,#7731,.F.);
#10842=ORIENTED_EDGE('',*,*,#8289,.F.);
#10843=ORIENTED_EDGE('',*,*,#8290,.T.);
#10844=ORIENTED_EDGE('',*,*,#8291,.T.);
#10845=ORIENTED_EDGE('',*,*,#7732,.F.);
#10846=ORIENTED_EDGE('',*,*,#8291,.F.);
#10847=ORIENTED_EDGE('',*,*,#8292,.T.);
#10848=ORIENTED_EDGE('',*,*,#8293,.T.);
#10849=ORIENTED_EDGE('',*,*,#7733,.F.);
#10850=ORIENTED_EDGE('',*,*,#8293,.F.);
#10851=ORIENTED_EDGE('',*,*,#8294,.T.);
#10852=ORIENTED_EDGE('',*,*,#8295,.T.);
#10853=ORIENTED_EDGE('',*,*,#7734,.F.);
#10854=ORIENTED_EDGE('',*,*,#8295,.F.);
#10855=ORIENTED_EDGE('',*,*,#8296,.T.);
#10856=ORIENTED_EDGE('',*,*,#8297,.T.);
#10857=ORIENTED_EDGE('',*,*,#7735,.F.);
#10858=ORIENTED_EDGE('',*,*,#8297,.F.);
#10859=ORIENTED_EDGE('',*,*,#8298,.T.);
#10860=ORIENTED_EDGE('',*,*,#8299,.T.);
#10861=ORIENTED_EDGE('',*,*,#7736,.F.);
#10862=ORIENTED_EDGE('',*,*,#8299,.F.);
#10863=ORIENTED_EDGE('',*,*,#8300,.T.);
#10864=ORIENTED_EDGE('',*,*,#8301,.T.);
#10865=ORIENTED_EDGE('',*,*,#7737,.F.);
#10866=ORIENTED_EDGE('',*,*,#8301,.F.);
#10867=ORIENTED_EDGE('',*,*,#8302,.T.);
#10868=ORIENTED_EDGE('',*,*,#8303,.T.);
#10869=ORIENTED_EDGE('',*,*,#7738,.F.);
#10870=ORIENTED_EDGE('',*,*,#8303,.F.);
#10871=ORIENTED_EDGE('',*,*,#8304,.T.);
#10872=ORIENTED_EDGE('',*,*,#8305,.T.);
#10873=ORIENTED_EDGE('',*,*,#7739,.F.);
#10874=ORIENTED_EDGE('',*,*,#8305,.F.);
#10875=ORIENTED_EDGE('',*,*,#8306,.T.);
#10876=ORIENTED_EDGE('',*,*,#8307,.T.);
#10877=ORIENTED_EDGE('',*,*,#7740,.F.);
#10878=ORIENTED_EDGE('',*,*,#8307,.F.);
#10879=ORIENTED_EDGE('',*,*,#8308,.T.);
#10880=ORIENTED_EDGE('',*,*,#8309,.T.);
#10881=ORIENTED_EDGE('',*,*,#7741,.F.);
#10882=ORIENTED_EDGE('',*,*,#8309,.F.);
#10883=ORIENTED_EDGE('',*,*,#8310,.T.);
#10884=ORIENTED_EDGE('',*,*,#8311,.T.);
#10885=ORIENTED_EDGE('',*,*,#7742,.F.);
#10886=ORIENTED_EDGE('',*,*,#8311,.F.);
#10887=ORIENTED_EDGE('',*,*,#8312,.T.);
#10888=ORIENTED_EDGE('',*,*,#8313,.T.);
#10889=ORIENTED_EDGE('',*,*,#7743,.F.);
#10890=ORIENTED_EDGE('',*,*,#8313,.F.);
#10891=ORIENTED_EDGE('',*,*,#8314,.T.);
#10892=ORIENTED_EDGE('',*,*,#8315,.T.);
#10893=ORIENTED_EDGE('',*,*,#7744,.F.);
#10894=ORIENTED_EDGE('',*,*,#8315,.F.);
#10895=ORIENTED_EDGE('',*,*,#8316,.T.);
#10896=ORIENTED_EDGE('',*,*,#8317,.T.);
#10897=ORIENTED_EDGE('',*,*,#7745,.F.);
#10898=ORIENTED_EDGE('',*,*,#8317,.F.);
#10899=ORIENTED_EDGE('',*,*,#8318,.T.);
#10900=ORIENTED_EDGE('',*,*,#7448,.T.);
#10901=ORIENTED_EDGE('',*,*,#7746,.F.);
#10902=ORIENTED_EDGE('',*,*,#7445,.F.);
#10903=ORIENTED_EDGE('',*,*,#8319,.T.);
#10904=ORIENTED_EDGE('',*,*,#8320,.T.);
#10905=ORIENTED_EDGE('',*,*,#7747,.F.);
#10906=ORIENTED_EDGE('',*,*,#8320,.F.);
#10907=ORIENTED_EDGE('',*,*,#8321,.T.);
#10908=ORIENTED_EDGE('',*,*,#8322,.T.);
#10909=ORIENTED_EDGE('',*,*,#7748,.F.);
#10910=ORIENTED_EDGE('',*,*,#8322,.F.);
#10911=ORIENTED_EDGE('',*,*,#8323,.T.);
#10912=ORIENTED_EDGE('',*,*,#8324,.T.);
#10913=ORIENTED_EDGE('',*,*,#7749,.F.);
#10914=ORIENTED_EDGE('',*,*,#8324,.F.);
#10915=ORIENTED_EDGE('',*,*,#8325,.T.);
#10916=ORIENTED_EDGE('',*,*,#8326,.T.);
#10917=ORIENTED_EDGE('',*,*,#7750,.F.);
#10918=ORIENTED_EDGE('',*,*,#8326,.F.);
#10919=ORIENTED_EDGE('',*,*,#8327,.T.);
#10920=ORIENTED_EDGE('',*,*,#8328,.T.);
#10921=ORIENTED_EDGE('',*,*,#7751,.F.);
#10922=ORIENTED_EDGE('',*,*,#8328,.F.);
#10923=ORIENTED_EDGE('',*,*,#8329,.T.);
#10924=ORIENTED_EDGE('',*,*,#8330,.T.);
#10925=ORIENTED_EDGE('',*,*,#7752,.F.);
#10926=ORIENTED_EDGE('',*,*,#8330,.F.);
#10927=ORIENTED_EDGE('',*,*,#8331,.T.);
#10928=ORIENTED_EDGE('',*,*,#8332,.T.);
#10929=ORIENTED_EDGE('',*,*,#7753,.F.);
#10930=ORIENTED_EDGE('',*,*,#8332,.F.);
#10931=ORIENTED_EDGE('',*,*,#8333,.T.);
#10932=ORIENTED_EDGE('',*,*,#8334,.T.);
#10933=ORIENTED_EDGE('',*,*,#7754,.F.);
#10934=ORIENTED_EDGE('',*,*,#8334,.F.);
#10935=ORIENTED_EDGE('',*,*,#8335,.T.);
#10936=ORIENTED_EDGE('',*,*,#8336,.T.);
#10937=ORIENTED_EDGE('',*,*,#7755,.F.);
#10938=ORIENTED_EDGE('',*,*,#8336,.F.);
#10939=ORIENTED_EDGE('',*,*,#8337,.T.);
#10940=ORIENTED_EDGE('',*,*,#8338,.T.);
#10941=ORIENTED_EDGE('',*,*,#7756,.F.);
#10942=ORIENTED_EDGE('',*,*,#8338,.F.);
#10943=ORIENTED_EDGE('',*,*,#8339,.T.);
#10944=ORIENTED_EDGE('',*,*,#8340,.T.);
#10945=ORIENTED_EDGE('',*,*,#7757,.F.);
#10946=ORIENTED_EDGE('',*,*,#8340,.F.);
#10947=ORIENTED_EDGE('',*,*,#8341,.T.);
#10948=ORIENTED_EDGE('',*,*,#8342,.T.);
#10949=ORIENTED_EDGE('',*,*,#7758,.F.);
#10950=ORIENTED_EDGE('',*,*,#8342,.F.);
#10951=ORIENTED_EDGE('',*,*,#8343,.T.);
#10952=ORIENTED_EDGE('',*,*,#8344,.T.);
#10953=ORIENTED_EDGE('',*,*,#7759,.F.);
#10954=ORIENTED_EDGE('',*,*,#8344,.F.);
#10955=ORIENTED_EDGE('',*,*,#8345,.T.);
#10956=ORIENTED_EDGE('',*,*,#8346,.T.);
#10957=ORIENTED_EDGE('',*,*,#7760,.F.);
#10958=ORIENTED_EDGE('',*,*,#8346,.F.);
#10959=ORIENTED_EDGE('',*,*,#8347,.T.);
#10960=ORIENTED_EDGE('',*,*,#8348,.T.);
#10961=ORIENTED_EDGE('',*,*,#7761,.F.);
#10962=ORIENTED_EDGE('',*,*,#8348,.F.);
#10963=ORIENTED_EDGE('',*,*,#8349,.T.);
#10964=ORIENTED_EDGE('',*,*,#8350,.T.);
#10965=ORIENTED_EDGE('',*,*,#7762,.F.);
#10966=ORIENTED_EDGE('',*,*,#8350,.F.);
#10967=ORIENTED_EDGE('',*,*,#8351,.T.);
#10968=ORIENTED_EDGE('',*,*,#8352,.T.);
#10969=ORIENTED_EDGE('',*,*,#7763,.F.);
#10970=ORIENTED_EDGE('',*,*,#8352,.F.);
#10971=ORIENTED_EDGE('',*,*,#8353,.T.);
#10972=ORIENTED_EDGE('',*,*,#8354,.T.);
#10973=ORIENTED_EDGE('',*,*,#7764,.F.);
#10974=ORIENTED_EDGE('',*,*,#8354,.F.);
#10975=ORIENTED_EDGE('',*,*,#8355,.T.);
#10976=ORIENTED_EDGE('',*,*,#8356,.T.);
#10977=ORIENTED_EDGE('',*,*,#7765,.F.);
#10978=ORIENTED_EDGE('',*,*,#8356,.F.);
#10979=ORIENTED_EDGE('',*,*,#8357,.T.);
#10980=ORIENTED_EDGE('',*,*,#8358,.T.);
#10981=ORIENTED_EDGE('',*,*,#7766,.F.);
#10982=ORIENTED_EDGE('',*,*,#8358,.F.);
#10983=ORIENTED_EDGE('',*,*,#8359,.T.);
#10984=ORIENTED_EDGE('',*,*,#8360,.T.);
#10985=ORIENTED_EDGE('',*,*,#7767,.F.);
#10986=ORIENTED_EDGE('',*,*,#8360,.F.);
#10987=ORIENTED_EDGE('',*,*,#8361,.T.);
#10988=ORIENTED_EDGE('',*,*,#8362,.T.);
#10989=ORIENTED_EDGE('',*,*,#7768,.F.);
#10990=ORIENTED_EDGE('',*,*,#8362,.F.);
#10991=ORIENTED_EDGE('',*,*,#8363,.T.);
#10992=ORIENTED_EDGE('',*,*,#7410,.T.);
#10993=ORIENTED_EDGE('',*,*,#8364,.T.);
#10994=ORIENTED_EDGE('',*,*,#8260,.T.);
#10995=ORIENTED_EDGE('',*,*,#8270,.T.);
#10996=ORIENTED_EDGE('',*,*,#7676,.F.);
#10997=ORIENTED_EDGE('',*,*,#7411,.F.);
#10998=ORIENTED_EDGE('',*,*,#8195,.F.);
#10999=ORIENTED_EDGE('',*,*,#8365,.F.);
#11000=ORIENTED_EDGE('',*,*,#7684,.F.);
#11001=ORIENTED_EDGE('',*,*,#8273,.T.);
#11002=ORIENTED_EDGE('',*,*,#8194,.F.);
#11003=ORIENTED_EDGE('',*,*,#8366,.F.);
#11004=ORIENTED_EDGE('',*,*,#7685,.F.);
#11005=ORIENTED_EDGE('',*,*,#8365,.T.);
#11006=ORIENTED_EDGE('',*,*,#8193,.F.);
#11007=ORIENTED_EDGE('',*,*,#7686,.F.);
#11008=ORIENTED_EDGE('',*,*,#8366,.T.);
#11009=ORIENTED_EDGE('',*,*,#7421,.F.);
#11010=ORIENTED_EDGE('',*,*,#8367,.T.);
#11011=ORIENTED_EDGE('',*,*,#7720,.F.);
#11012=ORIENTED_EDGE('',*,*,#8255,.F.);
#11013=ORIENTED_EDGE('',*,*,#8264,.T.);
#11014=ORIENTED_EDGE('',*,*,#7420,.F.);
#11015=ORIENTED_EDGE('',*,*,#8368,.F.);
#11016=ORIENTED_EDGE('',*,*,#7721,.F.);
#11017=ORIENTED_EDGE('',*,*,#8367,.F.);
#11018=ORIENTED_EDGE('',*,*,#7419,.F.);
#11019=ORIENTED_EDGE('',*,*,#7722,.F.);
#11020=ORIENTED_EDGE('',*,*,#8368,.T.);
#11021=ORIENTED_EDGE('',*,*,#8269,.F.);
#11022=ORIENTED_EDGE('',*,*,#8369,.F.);
#11023=ORIENTED_EDGE('',*,*,#7678,.F.);
#11024=ORIENTED_EDGE('',*,*,#8268,.F.);
#11025=ORIENTED_EDGE('',*,*,#8370,.F.);
#11026=ORIENTED_EDGE('',*,*,#7679,.F.);
#11027=ORIENTED_EDGE('',*,*,#8369,.T.);
#11028=ORIENTED_EDGE('',*,*,#8267,.F.);
#11029=ORIENTED_EDGE('',*,*,#8371,.F.);
#11030=ORIENTED_EDGE('',*,*,#7680,.F.);
#11031=ORIENTED_EDGE('',*,*,#8370,.T.);
#11032=ORIENTED_EDGE('',*,*,#8266,.F.);
#11033=ORIENTED_EDGE('',*,*,#8272,.F.);
#11034=ORIENTED_EDGE('',*,*,#7681,.F.);
#11035=ORIENTED_EDGE('',*,*,#8371,.T.);
#11036=ORIENTED_EDGE('',*,*,#8244,.F.);
#11037=ORIENTED_EDGE('',*,*,#8372,.F.);
#11038=ORIENTED_EDGE('',*,*,#7712,.F.);
#11039=ORIENTED_EDGE('',*,*,#8250,.F.);
#11040=ORIENTED_EDGE('',*,*,#8373,.F.);
#11041=ORIENTED_EDGE('',*,*,#7713,.F.);
#11042=ORIENTED_EDGE('',*,*,#8372,.T.);
#11043=ORIENTED_EDGE('',*,*,#8249,.F.);
#11044=ORIENTED_EDGE('',*,*,#8253,.F.);
#11045=ORIENTED_EDGE('',*,*,#7714,.F.);
#11046=ORIENTED_EDGE('',*,*,#8373,.T.);
#11047=ORIENTED_EDGE('',*,*,#8258,.F.);
#11048=ORIENTED_EDGE('',*,*,#8374,.F.);
#11049=ORIENTED_EDGE('',*,*,#7716,.F.);
#11050=ORIENTED_EDGE('',*,*,#8252,.T.);
#11051=ORIENTED_EDGE('',*,*,#8257,.F.);
#11052=ORIENTED_EDGE('',*,*,#8375,.F.);
#11053=ORIENTED_EDGE('',*,*,#7717,.F.);
#11054=ORIENTED_EDGE('',*,*,#8374,.T.);
#11055=ORIENTED_EDGE('',*,*,#8256,.F.);
#11056=ORIENTED_EDGE('',*,*,#7718,.F.);
#11057=ORIENTED_EDGE('',*,*,#8375,.T.);
#11058=ORIENTED_EDGE('',*,*,#8105,.T.);
#11059=ORIENTED_EDGE('',*,*,#8181,.T.);
#11060=ORIENTED_EDGE('',*,*,#8376,.F.);
#11061=ORIENTED_EDGE('',*,*,#8377,.F.);
#11062=ORIENTED_EDGE('',*,*,#8106,.T.);
#11063=ORIENTED_EDGE('',*,*,#8377,.T.);
#11064=ORIENTED_EDGE('',*,*,#8378,.F.);
#11065=ORIENTED_EDGE('',*,*,#8182,.F.);
#11066=ORIENTED_EDGE('',*,*,#7889,.T.);
#11067=ORIENTED_EDGE('',*,*,#7898,.T.);
#11068=ORIENTED_EDGE('',*,*,#8379,.F.);
#11069=ORIENTED_EDGE('',*,*,#8380,.F.);
#11070=ORIENTED_EDGE('',*,*,#7890,.T.);
#11071=ORIENTED_EDGE('',*,*,#8380,.T.);
#11072=ORIENTED_EDGE('',*,*,#8381,.F.);
#11073=ORIENTED_EDGE('',*,*,#7899,.F.);
#11074=ORIENTED_EDGE('',*,*,#8081,.T.);
#11075=ORIENTED_EDGE('',*,*,#8171,.T.);
#11076=ORIENTED_EDGE('',*,*,#8382,.F.);
#11077=ORIENTED_EDGE('',*,*,#8383,.F.);
#11078=ORIENTED_EDGE('',*,*,#8082,.T.);
#11079=ORIENTED_EDGE('',*,*,#8383,.T.);
#11080=ORIENTED_EDGE('',*,*,#8384,.F.);
#11081=ORIENTED_EDGE('',*,*,#8172,.F.);
#11082=ORIENTED_EDGE('',*,*,#8009,.T.);
#11083=ORIENTED_EDGE('',*,*,#8141,.T.);
#11084=ORIENTED_EDGE('',*,*,#8385,.F.);
#11085=ORIENTED_EDGE('',*,*,#8386,.F.);
#11086=ORIENTED_EDGE('',*,*,#8010,.T.);
#11087=ORIENTED_EDGE('',*,*,#8386,.T.);
#11088=ORIENTED_EDGE('',*,*,#8387,.F.);
#11089=ORIENTED_EDGE('',*,*,#8142,.F.);
#11090=ORIENTED_EDGE('',*,*,#7877,.T.);
#11091=ORIENTED_EDGE('',*,*,#7893,.T.);
#11092=ORIENTED_EDGE('',*,*,#8388,.F.);
#11093=ORIENTED_EDGE('',*,*,#8389,.F.);
#11094=ORIENTED_EDGE('',*,*,#7878,.T.);
#11095=ORIENTED_EDGE('',*,*,#8389,.T.);
#11096=ORIENTED_EDGE('',*,*,#8390,.F.);
#11097=ORIENTED_EDGE('',*,*,#7894,.F.);
#11098=ORIENTED_EDGE('',*,*,#7923,.T.);
#11099=ORIENTED_EDGE('',*,*,#7932,.T.);
#11100=ORIENTED_EDGE('',*,*,#8391,.F.);
#11101=ORIENTED_EDGE('',*,*,#8392,.F.);
#11102=ORIENTED_EDGE('',*,*,#7924,.T.);
#11103=ORIENTED_EDGE('',*,*,#8392,.T.);
#11104=ORIENTED_EDGE('',*,*,#8393,.F.);
#11105=ORIENTED_EDGE('',*,*,#7933,.F.);
#11106=ORIENTED_EDGE('',*,*,#8021,.T.);
#11107=ORIENTED_EDGE('',*,*,#8146,.T.);
#11108=ORIENTED_EDGE('',*,*,#8394,.F.);
#11109=ORIENTED_EDGE('',*,*,#8395,.F.);
#11110=ORIENTED_EDGE('',*,*,#8022,.T.);
#11111=ORIENTED_EDGE('',*,*,#8395,.T.);
#11112=ORIENTED_EDGE('',*,*,#8396,.F.);
#11113=ORIENTED_EDGE('',*,*,#8147,.F.);
#11114=ORIENTED_EDGE('',*,*,#8057,.T.);
#11115=ORIENTED_EDGE('',*,*,#8161,.T.);
#11116=ORIENTED_EDGE('',*,*,#8397,.F.);
#11117=ORIENTED_EDGE('',*,*,#8398,.F.);
#11118=ORIENTED_EDGE('',*,*,#8058,.T.);
#11119=ORIENTED_EDGE('',*,*,#8398,.T.);
#11120=ORIENTED_EDGE('',*,*,#8399,.F.);
#11121=ORIENTED_EDGE('',*,*,#8162,.F.);
#11122=ORIENTED_EDGE('',*,*,#7985,.T.);
#11123=ORIENTED_EDGE('',*,*,#8131,.T.);
#11124=ORIENTED_EDGE('',*,*,#8400,.F.);
#11125=ORIENTED_EDGE('',*,*,#8401,.F.);
#11126=ORIENTED_EDGE('',*,*,#7986,.T.);
#11127=ORIENTED_EDGE('',*,*,#8401,.T.);
#11128=ORIENTED_EDGE('',*,*,#8402,.F.);
#11129=ORIENTED_EDGE('',*,*,#8132,.F.);
#11130=ORIENTED_EDGE('',*,*,#8093,.T.);
#11131=ORIENTED_EDGE('',*,*,#8176,.T.);
#11132=ORIENTED_EDGE('',*,*,#8403,.F.);
#11133=ORIENTED_EDGE('',*,*,#8404,.F.);
#11134=ORIENTED_EDGE('',*,*,#8094,.T.);
#11135=ORIENTED_EDGE('',*,*,#8404,.T.);
#11136=ORIENTED_EDGE('',*,*,#8405,.F.);
#11137=ORIENTED_EDGE('',*,*,#8177,.F.);
#11138=ORIENTED_EDGE('',*,*,#7911,.T.);
#11139=ORIENTED_EDGE('',*,*,#7927,.T.);
#11140=ORIENTED_EDGE('',*,*,#8406,.F.);
#11141=ORIENTED_EDGE('',*,*,#8407,.F.);
#11142=ORIENTED_EDGE('',*,*,#7912,.T.);
#11143=ORIENTED_EDGE('',*,*,#8407,.T.);
#11144=ORIENTED_EDGE('',*,*,#8408,.F.);
#11145=ORIENTED_EDGE('',*,*,#7928,.F.);
#11146=ORIENTED_EDGE('',*,*,#7961,.T.);
#11147=ORIENTED_EDGE('',*,*,#8121,.T.);
#11148=ORIENTED_EDGE('',*,*,#8409,.F.);
#11149=ORIENTED_EDGE('',*,*,#8410,.F.);
#11150=ORIENTED_EDGE('',*,*,#7962,.T.);
#11151=ORIENTED_EDGE('',*,*,#8410,.T.);
#11152=ORIENTED_EDGE('',*,*,#8411,.F.);
#11153=ORIENTED_EDGE('',*,*,#8122,.F.);
#11154=ORIENTED_EDGE('',*,*,#8069,.T.);
#11155=ORIENTED_EDGE('',*,*,#8166,.T.);
#11156=ORIENTED_EDGE('',*,*,#8412,.F.);
#11157=ORIENTED_EDGE('',*,*,#8413,.F.);
#11158=ORIENTED_EDGE('',*,*,#8070,.T.);
#11159=ORIENTED_EDGE('',*,*,#8413,.T.);
#11160=ORIENTED_EDGE('',*,*,#8414,.F.);
#11161=ORIENTED_EDGE('',*,*,#8167,.F.);
#11162=ORIENTED_EDGE('',*,*,#7997,.T.);
#11163=ORIENTED_EDGE('',*,*,#8136,.T.);
#11164=ORIENTED_EDGE('',*,*,#8415,.F.);
#11165=ORIENTED_EDGE('',*,*,#8416,.F.);
#11166=ORIENTED_EDGE('',*,*,#7998,.T.);
#11167=ORIENTED_EDGE('',*,*,#8416,.T.);
#11168=ORIENTED_EDGE('',*,*,#8417,.F.);
#11169=ORIENTED_EDGE('',*,*,#8137,.F.);
#11170=ORIENTED_EDGE('',*,*,#8033,.T.);
#11171=ORIENTED_EDGE('',*,*,#8151,.T.);
#11172=ORIENTED_EDGE('',*,*,#8418,.F.);
#11173=ORIENTED_EDGE('',*,*,#8419,.F.);
#11174=ORIENTED_EDGE('',*,*,#8034,.T.);
#11175=ORIENTED_EDGE('',*,*,#8419,.T.);
#11176=ORIENTED_EDGE('',*,*,#8420,.F.);
#11177=ORIENTED_EDGE('',*,*,#8152,.F.);
#11178=ORIENTED_EDGE('',*,*,#7944,.T.);
#11179=ORIENTED_EDGE('',*,*,#7948,.T.);
#11180=ORIENTED_EDGE('',*,*,#8421,.F.);
#11181=ORIENTED_EDGE('',*,*,#8422,.F.);
#11182=ORIENTED_EDGE('',*,*,#7945,.T.);
#11183=ORIENTED_EDGE('',*,*,#8422,.T.);
#11184=ORIENTED_EDGE('',*,*,#8423,.F.);
#11185=ORIENTED_EDGE('',*,*,#7949,.F.);
#11186=ORIENTED_EDGE('',*,*,#7973,.T.);
#11187=ORIENTED_EDGE('',*,*,#8126,.T.);
#11188=ORIENTED_EDGE('',*,*,#8424,.F.);
#11189=ORIENTED_EDGE('',*,*,#8425,.F.);
#11190=ORIENTED_EDGE('',*,*,#7974,.T.);
#11191=ORIENTED_EDGE('',*,*,#8425,.T.);
#11192=ORIENTED_EDGE('',*,*,#8426,.F.);
#11193=ORIENTED_EDGE('',*,*,#8127,.F.);
#11194=ORIENTED_EDGE('',*,*,#8427,.F.);
#11195=ORIENTED_EDGE('',*,*,#8428,.T.);
#11196=ORIENTED_EDGE('',*,*,#7769,.T.);
#11197=ORIENTED_EDGE('',*,*,#8428,.F.);
#11198=ORIENTED_EDGE('',*,*,#8117,.T.);
#11199=ORIENTED_EDGE('',*,*,#8186,.T.);
#11200=ORIENTED_EDGE('',*,*,#8429,.F.);
#11201=ORIENTED_EDGE('',*,*,#8430,.F.);
#11202=ORIENTED_EDGE('',*,*,#8118,.T.);
#11203=ORIENTED_EDGE('',*,*,#8430,.T.);
#11204=ORIENTED_EDGE('',*,*,#8431,.F.);
#11205=ORIENTED_EDGE('',*,*,#8187,.F.);
#11206=ORIENTED_EDGE('',*,*,#8045,.T.);
#11207=ORIENTED_EDGE('',*,*,#8156,.T.);
#11208=ORIENTED_EDGE('',*,*,#8432,.F.);
#11209=ORIENTED_EDGE('',*,*,#8433,.F.);
#11210=ORIENTED_EDGE('',*,*,#8046,.T.);
#11211=ORIENTED_EDGE('',*,*,#8433,.T.);
#11212=ORIENTED_EDGE('',*,*,#8434,.F.);
#11213=ORIENTED_EDGE('',*,*,#8157,.F.);
#11214=ORIENTED_EDGE('',*,*,#7416,.T.);
#11215=ORIENTED_EDGE('',*,*,#8435,.F.);
#11216=ORIENTED_EDGE('',*,*,#8436,.F.);
#11217=ORIENTED_EDGE('',*,*,#8274,.F.);
#11218=ORIENTED_EDGE('',*,*,#8436,.T.);
#11219=ORIENTED_EDGE('',*,*,#8437,.F.);
#11220=ORIENTED_EDGE('',*,*,#8438,.F.);
#11221=ORIENTED_EDGE('',*,*,#8276,.F.);
#11222=ORIENTED_EDGE('',*,*,#8438,.T.);
#11223=ORIENTED_EDGE('',*,*,#8439,.F.);
#11224=ORIENTED_EDGE('',*,*,#8440,.F.);
#11225=ORIENTED_EDGE('',*,*,#8278,.F.);
#11226=ORIENTED_EDGE('',*,*,#8440,.T.);
#11227=ORIENTED_EDGE('',*,*,#8441,.F.);
#11228=ORIENTED_EDGE('',*,*,#8442,.F.);
#11229=ORIENTED_EDGE('',*,*,#8280,.F.);
#11230=ORIENTED_EDGE('',*,*,#8442,.T.);
#11231=ORIENTED_EDGE('',*,*,#8443,.F.);
#11232=ORIENTED_EDGE('',*,*,#8444,.F.);
#11233=ORIENTED_EDGE('',*,*,#8282,.F.);
#11234=ORIENTED_EDGE('',*,*,#8444,.T.);
#11235=ORIENTED_EDGE('',*,*,#8445,.F.);
#11236=ORIENTED_EDGE('',*,*,#8446,.F.);
#11237=ORIENTED_EDGE('',*,*,#8284,.F.);
#11238=ORIENTED_EDGE('',*,*,#8446,.T.);
#11239=ORIENTED_EDGE('',*,*,#8447,.F.);
#11240=ORIENTED_EDGE('',*,*,#8448,.F.);
#11241=ORIENTED_EDGE('',*,*,#8286,.F.);
#11242=ORIENTED_EDGE('',*,*,#8448,.T.);
#11243=ORIENTED_EDGE('',*,*,#8449,.F.);
#11244=ORIENTED_EDGE('',*,*,#8450,.F.);
#11245=ORIENTED_EDGE('',*,*,#8288,.F.);
#11246=ORIENTED_EDGE('',*,*,#8450,.T.);
#11247=ORIENTED_EDGE('',*,*,#8451,.F.);
#11248=ORIENTED_EDGE('',*,*,#8452,.F.);
#11249=ORIENTED_EDGE('',*,*,#8290,.F.);
#11250=ORIENTED_EDGE('',*,*,#8452,.T.);
#11251=ORIENTED_EDGE('',*,*,#8453,.F.);
#11252=ORIENTED_EDGE('',*,*,#8454,.F.);
#11253=ORIENTED_EDGE('',*,*,#8292,.F.);
#11254=ORIENTED_EDGE('',*,*,#8454,.T.);
#11255=ORIENTED_EDGE('',*,*,#8455,.F.);
#11256=ORIENTED_EDGE('',*,*,#8456,.F.);
#11257=ORIENTED_EDGE('',*,*,#8294,.F.);
#11258=ORIENTED_EDGE('',*,*,#8456,.T.);
#11259=ORIENTED_EDGE('',*,*,#8457,.F.);
#11260=ORIENTED_EDGE('',*,*,#8458,.F.);
#11261=ORIENTED_EDGE('',*,*,#8296,.F.);
#11262=ORIENTED_EDGE('',*,*,#8458,.T.);
#11263=ORIENTED_EDGE('',*,*,#8459,.F.);
#11264=ORIENTED_EDGE('',*,*,#8460,.F.);
#11265=ORIENTED_EDGE('',*,*,#8298,.F.);
#11266=ORIENTED_EDGE('',*,*,#8460,.T.);
#11267=ORIENTED_EDGE('',*,*,#8461,.F.);
#11268=ORIENTED_EDGE('',*,*,#8462,.F.);
#11269=ORIENTED_EDGE('',*,*,#8300,.F.);
#11270=ORIENTED_EDGE('',*,*,#8462,.T.);
#11271=ORIENTED_EDGE('',*,*,#8463,.F.);
#11272=ORIENTED_EDGE('',*,*,#8464,.F.);
#11273=ORIENTED_EDGE('',*,*,#8302,.F.);
#11274=ORIENTED_EDGE('',*,*,#8464,.T.);
#11275=ORIENTED_EDGE('',*,*,#8465,.F.);
#11276=ORIENTED_EDGE('',*,*,#8466,.F.);
#11277=ORIENTED_EDGE('',*,*,#8304,.F.);
#11278=ORIENTED_EDGE('',*,*,#8466,.T.);
#11279=ORIENTED_EDGE('',*,*,#8467,.F.);
#11280=ORIENTED_EDGE('',*,*,#8468,.F.);
#11281=ORIENTED_EDGE('',*,*,#8306,.F.);
#11282=ORIENTED_EDGE('',*,*,#8468,.T.);
#11283=ORIENTED_EDGE('',*,*,#8469,.F.);
#11284=ORIENTED_EDGE('',*,*,#8470,.F.);
#11285=ORIENTED_EDGE('',*,*,#8308,.F.);
#11286=ORIENTED_EDGE('',*,*,#8470,.T.);
#11287=ORIENTED_EDGE('',*,*,#8471,.F.);
#11288=ORIENTED_EDGE('',*,*,#8472,.F.);
#11289=ORIENTED_EDGE('',*,*,#8310,.F.);
#11290=ORIENTED_EDGE('',*,*,#8472,.T.);
#11291=ORIENTED_EDGE('',*,*,#8473,.F.);
#11292=ORIENTED_EDGE('',*,*,#8474,.F.);
#11293=ORIENTED_EDGE('',*,*,#8312,.F.);
#11294=ORIENTED_EDGE('',*,*,#8474,.T.);
#11295=ORIENTED_EDGE('',*,*,#8475,.F.);
#11296=ORIENTED_EDGE('',*,*,#8476,.F.);
#11297=ORIENTED_EDGE('',*,*,#8314,.F.);
#11298=ORIENTED_EDGE('',*,*,#8476,.T.);
#11299=ORIENTED_EDGE('',*,*,#8477,.F.);
#11300=ORIENTED_EDGE('',*,*,#8478,.F.);
#11301=ORIENTED_EDGE('',*,*,#8316,.F.);
#11302=ORIENTED_EDGE('',*,*,#8478,.T.);
#11303=ORIENTED_EDGE('',*,*,#8479,.F.);
#11304=ORIENTED_EDGE('',*,*,#7440,.F.);
#11305=ORIENTED_EDGE('',*,*,#8318,.F.);
#11306=ORIENTED_EDGE('',*,*,#7442,.T.);
#11307=ORIENTED_EDGE('',*,*,#8480,.F.);
#11308=ORIENTED_EDGE('',*,*,#8481,.F.);
#11309=ORIENTED_EDGE('',*,*,#8319,.F.);
#11310=ORIENTED_EDGE('',*,*,#8481,.T.);
#11311=ORIENTED_EDGE('',*,*,#8482,.F.);
#11312=ORIENTED_EDGE('',*,*,#8483,.F.);
#11313=ORIENTED_EDGE('',*,*,#8321,.F.);
#11314=ORIENTED_EDGE('',*,*,#8483,.T.);
#11315=ORIENTED_EDGE('',*,*,#8484,.F.);
#11316=ORIENTED_EDGE('',*,*,#8485,.F.);
#11317=ORIENTED_EDGE('',*,*,#8323,.F.);
#11318=ORIENTED_EDGE('',*,*,#8485,.T.);
#11319=ORIENTED_EDGE('',*,*,#8486,.F.);
#11320=ORIENTED_EDGE('',*,*,#8487,.F.);
#11321=ORIENTED_EDGE('',*,*,#8325,.F.);
#11322=ORIENTED_EDGE('',*,*,#8487,.T.);
#11323=ORIENTED_EDGE('',*,*,#8488,.F.);
#11324=ORIENTED_EDGE('',*,*,#8489,.F.);
#11325=ORIENTED_EDGE('',*,*,#8327,.F.);
#11326=ORIENTED_EDGE('',*,*,#8489,.T.);
#11327=ORIENTED_EDGE('',*,*,#8490,.F.);
#11328=ORIENTED_EDGE('',*,*,#8491,.F.);
#11329=ORIENTED_EDGE('',*,*,#8329,.F.);
#11330=ORIENTED_EDGE('',*,*,#8491,.T.);
#11331=ORIENTED_EDGE('',*,*,#8492,.F.);
#11332=ORIENTED_EDGE('',*,*,#8493,.F.);
#11333=ORIENTED_EDGE('',*,*,#8331,.F.);
#11334=ORIENTED_EDGE('',*,*,#8493,.T.);
#11335=ORIENTED_EDGE('',*,*,#8494,.F.);
#11336=ORIENTED_EDGE('',*,*,#8495,.F.);
#11337=ORIENTED_EDGE('',*,*,#8333,.F.);
#11338=ORIENTED_EDGE('',*,*,#8495,.T.);
#11339=ORIENTED_EDGE('',*,*,#8496,.F.);
#11340=ORIENTED_EDGE('',*,*,#8497,.F.);
#11341=ORIENTED_EDGE('',*,*,#8335,.F.);
#11342=ORIENTED_EDGE('',*,*,#8497,.T.);
#11343=ORIENTED_EDGE('',*,*,#8498,.F.);
#11344=ORIENTED_EDGE('',*,*,#8499,.F.);
#11345=ORIENTED_EDGE('',*,*,#8337,.F.);
#11346=ORIENTED_EDGE('',*,*,#8499,.T.);
#11347=ORIENTED_EDGE('',*,*,#8500,.F.);
#11348=ORIENTED_EDGE('',*,*,#8501,.F.);
#11349=ORIENTED_EDGE('',*,*,#8339,.F.);
#11350=ORIENTED_EDGE('',*,*,#8501,.T.);
#11351=ORIENTED_EDGE('',*,*,#8502,.F.);
#11352=ORIENTED_EDGE('',*,*,#8503,.F.);
#11353=ORIENTED_EDGE('',*,*,#8341,.F.);
#11354=ORIENTED_EDGE('',*,*,#8503,.T.);
#11355=ORIENTED_EDGE('',*,*,#8504,.F.);
#11356=ORIENTED_EDGE('',*,*,#8505,.F.);
#11357=ORIENTED_EDGE('',*,*,#8343,.F.);
#11358=ORIENTED_EDGE('',*,*,#8505,.T.);
#11359=ORIENTED_EDGE('',*,*,#8506,.F.);
#11360=ORIENTED_EDGE('',*,*,#8507,.F.);
#11361=ORIENTED_EDGE('',*,*,#8345,.F.);
#11362=ORIENTED_EDGE('',*,*,#8507,.T.);
#11363=ORIENTED_EDGE('',*,*,#8508,.F.);
#11364=ORIENTED_EDGE('',*,*,#8509,.F.);
#11365=ORIENTED_EDGE('',*,*,#8347,.F.);
#11366=ORIENTED_EDGE('',*,*,#8509,.T.);
#11367=ORIENTED_EDGE('',*,*,#8510,.F.);
#11368=ORIENTED_EDGE('',*,*,#8511,.F.);
#11369=ORIENTED_EDGE('',*,*,#8349,.F.);
#11370=ORIENTED_EDGE('',*,*,#8511,.T.);
#11371=ORIENTED_EDGE('',*,*,#8512,.F.);
#11372=ORIENTED_EDGE('',*,*,#8513,.F.);
#11373=ORIENTED_EDGE('',*,*,#8351,.F.);
#11374=ORIENTED_EDGE('',*,*,#8513,.T.);
#11375=ORIENTED_EDGE('',*,*,#8514,.F.);
#11376=ORIENTED_EDGE('',*,*,#8515,.F.);
#11377=ORIENTED_EDGE('',*,*,#8353,.F.);
#11378=ORIENTED_EDGE('',*,*,#8515,.T.);
#11379=ORIENTED_EDGE('',*,*,#8516,.F.);
#11380=ORIENTED_EDGE('',*,*,#8517,.F.);
#11381=ORIENTED_EDGE('',*,*,#8355,.F.);
#11382=ORIENTED_EDGE('',*,*,#8517,.T.);
#11383=ORIENTED_EDGE('',*,*,#8518,.F.);
#11384=ORIENTED_EDGE('',*,*,#8519,.F.);
#11385=ORIENTED_EDGE('',*,*,#8357,.F.);
#11386=ORIENTED_EDGE('',*,*,#8519,.T.);
#11387=ORIENTED_EDGE('',*,*,#8520,.F.);
#11388=ORIENTED_EDGE('',*,*,#8521,.F.);
#11389=ORIENTED_EDGE('',*,*,#8359,.F.);
#11390=ORIENTED_EDGE('',*,*,#8521,.T.);
#11391=ORIENTED_EDGE('',*,*,#8522,.F.);
#11392=ORIENTED_EDGE('',*,*,#8523,.F.);
#11393=ORIENTED_EDGE('',*,*,#8361,.F.);
#11394=ORIENTED_EDGE('',*,*,#8523,.T.);
#11395=ORIENTED_EDGE('',*,*,#8524,.F.);
#11396=ORIENTED_EDGE('',*,*,#7405,.F.);
#11397=ORIENTED_EDGE('',*,*,#8363,.F.);
#11398=ORIENTED_EDGE('',*,*,#7407,.T.);
#11399=ORIENTED_EDGE('',*,*,#8525,.F.);
#11400=ORIENTED_EDGE('',*,*,#8526,.F.);
#11401=ORIENTED_EDGE('',*,*,#8364,.F.);
#11402=ORIENTED_EDGE('',*,*,#8526,.T.);
#11403=ORIENTED_EDGE('',*,*,#8527,.F.);
#11404=ORIENTED_EDGE('',*,*,#8528,.F.);
#11405=ORIENTED_EDGE('',*,*,#8261,.F.);
#11406=ORIENTED_EDGE('',*,*,#8528,.T.);
#11407=ORIENTED_EDGE('',*,*,#8529,.F.);
#11408=ORIENTED_EDGE('',*,*,#8530,.F.);
#11409=ORIENTED_EDGE('',*,*,#8191,.F.);
#11410=ORIENTED_EDGE('',*,*,#8530,.T.);
#11411=ORIENTED_EDGE('',*,*,#8531,.F.);
#11412=ORIENTED_EDGE('',*,*,#8532,.F.);
#11413=ORIENTED_EDGE('',*,*,#8198,.F.);
#11414=ORIENTED_EDGE('',*,*,#8532,.T.);
#11415=ORIENTED_EDGE('',*,*,#8533,.F.);
#11416=ORIENTED_EDGE('',*,*,#8534,.F.);
#11417=ORIENTED_EDGE('',*,*,#8200,.F.);
#11418=ORIENTED_EDGE('',*,*,#8534,.T.);
#11419=ORIENTED_EDGE('',*,*,#8535,.F.);
#11420=ORIENTED_EDGE('',*,*,#8536,.F.);
#11421=ORIENTED_EDGE('',*,*,#8202,.F.);
#11422=ORIENTED_EDGE('',*,*,#8536,.T.);
#11423=ORIENTED_EDGE('',*,*,#8537,.F.);
#11424=ORIENTED_EDGE('',*,*,#8538,.F.);
#11425=ORIENTED_EDGE('',*,*,#8204,.F.);
#11426=ORIENTED_EDGE('',*,*,#8538,.T.);
#11427=ORIENTED_EDGE('',*,*,#8539,.F.);
#11428=ORIENTED_EDGE('',*,*,#8540,.F.);
#11429=ORIENTED_EDGE('',*,*,#8206,.F.);
#11430=ORIENTED_EDGE('',*,*,#8540,.T.);
#11431=ORIENTED_EDGE('',*,*,#8541,.F.);
#11432=ORIENTED_EDGE('',*,*,#8542,.F.);
#11433=ORIENTED_EDGE('',*,*,#8208,.F.);
#11434=ORIENTED_EDGE('',*,*,#8542,.T.);
#11435=ORIENTED_EDGE('',*,*,#8543,.F.);
#11436=ORIENTED_EDGE('',*,*,#8544,.F.);
#11437=ORIENTED_EDGE('',*,*,#8210,.F.);
#11438=ORIENTED_EDGE('',*,*,#8544,.T.);
#11439=ORIENTED_EDGE('',*,*,#8545,.F.);
#11440=ORIENTED_EDGE('',*,*,#8546,.F.);
#11441=ORIENTED_EDGE('',*,*,#8212,.F.);
#11442=ORIENTED_EDGE('',*,*,#8546,.T.);
#11443=ORIENTED_EDGE('',*,*,#8547,.F.);
#11444=ORIENTED_EDGE('',*,*,#8548,.F.);
#11445=ORIENTED_EDGE('',*,*,#8214,.F.);
#11446=ORIENTED_EDGE('',*,*,#8548,.T.);
#11447=ORIENTED_EDGE('',*,*,#8549,.F.);
#11448=ORIENTED_EDGE('',*,*,#8550,.F.);
#11449=ORIENTED_EDGE('',*,*,#8216,.F.);
#11450=ORIENTED_EDGE('',*,*,#8550,.T.);
#11451=ORIENTED_EDGE('',*,*,#8551,.F.);
#11452=ORIENTED_EDGE('',*,*,#8552,.F.);
#11453=ORIENTED_EDGE('',*,*,#8218,.F.);
#11454=ORIENTED_EDGE('',*,*,#8552,.T.);
#11455=ORIENTED_EDGE('',*,*,#8553,.F.);
#11456=ORIENTED_EDGE('',*,*,#8554,.F.);
#11457=ORIENTED_EDGE('',*,*,#8220,.F.);
#11458=ORIENTED_EDGE('',*,*,#8554,.T.);
#11459=ORIENTED_EDGE('',*,*,#8555,.F.);
#11460=ORIENTED_EDGE('',*,*,#8556,.F.);
#11461=ORIENTED_EDGE('',*,*,#8222,.F.);
#11462=ORIENTED_EDGE('',*,*,#8556,.T.);
#11463=ORIENTED_EDGE('',*,*,#8557,.F.);
#11464=ORIENTED_EDGE('',*,*,#8558,.F.);
#11465=ORIENTED_EDGE('',*,*,#8224,.F.);
#11466=ORIENTED_EDGE('',*,*,#8558,.T.);
#11467=ORIENTED_EDGE('',*,*,#8559,.F.);
#11468=ORIENTED_EDGE('',*,*,#8560,.F.);
#11469=ORIENTED_EDGE('',*,*,#8226,.F.);
#11470=ORIENTED_EDGE('',*,*,#8560,.T.);
#11471=ORIENTED_EDGE('',*,*,#8561,.F.);
#11472=ORIENTED_EDGE('',*,*,#8562,.F.);
#11473=ORIENTED_EDGE('',*,*,#8228,.F.);
#11474=ORIENTED_EDGE('',*,*,#8562,.T.);
#11475=ORIENTED_EDGE('',*,*,#8563,.F.);
#11476=ORIENTED_EDGE('',*,*,#8564,.F.);
#11477=ORIENTED_EDGE('',*,*,#8230,.F.);
#11478=ORIENTED_EDGE('',*,*,#8564,.T.);
#11479=ORIENTED_EDGE('',*,*,#8565,.F.);
#11480=ORIENTED_EDGE('',*,*,#8566,.F.);
#11481=ORIENTED_EDGE('',*,*,#8232,.F.);
#11482=ORIENTED_EDGE('',*,*,#8566,.T.);
#11483=ORIENTED_EDGE('',*,*,#8567,.F.);
#11484=ORIENTED_EDGE('',*,*,#8568,.F.);
#11485=ORIENTED_EDGE('',*,*,#8234,.F.);
#11486=ORIENTED_EDGE('',*,*,#8568,.T.);
#11487=ORIENTED_EDGE('',*,*,#8569,.F.);
#11488=ORIENTED_EDGE('',*,*,#8570,.F.);
#11489=ORIENTED_EDGE('',*,*,#8236,.F.);
#11490=ORIENTED_EDGE('',*,*,#8570,.T.);
#11491=ORIENTED_EDGE('',*,*,#8571,.F.);
#11492=ORIENTED_EDGE('',*,*,#8572,.F.);
#11493=ORIENTED_EDGE('',*,*,#8238,.F.);
#11494=ORIENTED_EDGE('',*,*,#8572,.T.);
#11495=ORIENTED_EDGE('',*,*,#8573,.F.);
#11496=ORIENTED_EDGE('',*,*,#8574,.F.);
#11497=ORIENTED_EDGE('',*,*,#8240,.F.);
#11498=ORIENTED_EDGE('',*,*,#8574,.T.);
#11499=ORIENTED_EDGE('',*,*,#8575,.F.);
#11500=ORIENTED_EDGE('',*,*,#8576,.F.);
#11501=ORIENTED_EDGE('',*,*,#8242,.F.);
#11502=ORIENTED_EDGE('',*,*,#8576,.T.);
#11503=ORIENTED_EDGE('',*,*,#8577,.F.);
#11504=ORIENTED_EDGE('',*,*,#8578,.F.);
#11505=ORIENTED_EDGE('',*,*,#8245,.F.);
#11506=ORIENTED_EDGE('',*,*,#8578,.T.);
#11507=ORIENTED_EDGE('',*,*,#8579,.F.);
#11508=ORIENTED_EDGE('',*,*,#8580,.F.);
#11509=ORIENTED_EDGE('',*,*,#8262,.F.);
#11510=ORIENTED_EDGE('',*,*,#8580,.T.);
#11511=ORIENTED_EDGE('',*,*,#8581,.F.);
#11512=ORIENTED_EDGE('',*,*,#7414,.T.);
#11513=ORIENTED_EDGE('',*,*,#8263,.F.);
#11514=ORIENTED_EDGE('',*,*,#8581,.T.);
#11515=ORIENTED_EDGE('',*,*,#8579,.T.);
#11516=ORIENTED_EDGE('',*,*,#8577,.T.);
#11517=ORIENTED_EDGE('',*,*,#8575,.T.);
#11518=ORIENTED_EDGE('',*,*,#8573,.T.);
#11519=ORIENTED_EDGE('',*,*,#8571,.T.);
#11520=ORIENTED_EDGE('',*,*,#8569,.T.);
#11521=ORIENTED_EDGE('',*,*,#8567,.T.);
#11522=ORIENTED_EDGE('',*,*,#8565,.T.);
#11523=ORIENTED_EDGE('',*,*,#8563,.T.);
#11524=ORIENTED_EDGE('',*,*,#8561,.T.);
#11525=ORIENTED_EDGE('',*,*,#8559,.T.);
#11526=ORIENTED_EDGE('',*,*,#8557,.T.);
#11527=ORIENTED_EDGE('',*,*,#8555,.T.);
#11528=ORIENTED_EDGE('',*,*,#8553,.T.);
#11529=ORIENTED_EDGE('',*,*,#8551,.T.);
#11530=ORIENTED_EDGE('',*,*,#8549,.T.);
#11531=ORIENTED_EDGE('',*,*,#8547,.T.);
#11532=ORIENTED_EDGE('',*,*,#8545,.T.);
#11533=ORIENTED_EDGE('',*,*,#8543,.T.);
#11534=ORIENTED_EDGE('',*,*,#8541,.T.);
#11535=ORIENTED_EDGE('',*,*,#8539,.T.);
#11536=ORIENTED_EDGE('',*,*,#8537,.T.);
#11537=ORIENTED_EDGE('',*,*,#8535,.T.);
#11538=ORIENTED_EDGE('',*,*,#8533,.T.);
#11539=ORIENTED_EDGE('',*,*,#8531,.T.);
#11540=ORIENTED_EDGE('',*,*,#8529,.T.);
#11541=ORIENTED_EDGE('',*,*,#8527,.T.);
#11542=ORIENTED_EDGE('',*,*,#8525,.T.);
#11543=ORIENTED_EDGE('',*,*,#7406,.T.);
#11544=ORIENTED_EDGE('',*,*,#8524,.T.);
#11545=ORIENTED_EDGE('',*,*,#8522,.T.);
#11546=ORIENTED_EDGE('',*,*,#8520,.T.);
#11547=ORIENTED_EDGE('',*,*,#8518,.T.);
#11548=ORIENTED_EDGE('',*,*,#8516,.T.);
#11549=ORIENTED_EDGE('',*,*,#8514,.T.);
#11550=ORIENTED_EDGE('',*,*,#8512,.T.);
#11551=ORIENTED_EDGE('',*,*,#8510,.T.);
#11552=ORIENTED_EDGE('',*,*,#8508,.T.);
#11553=ORIENTED_EDGE('',*,*,#8506,.T.);
#11554=ORIENTED_EDGE('',*,*,#8504,.T.);
#11555=ORIENTED_EDGE('',*,*,#8502,.T.);
#11556=ORIENTED_EDGE('',*,*,#8500,.T.);
#11557=ORIENTED_EDGE('',*,*,#8498,.T.);
#11558=ORIENTED_EDGE('',*,*,#8496,.T.);
#11559=ORIENTED_EDGE('',*,*,#8494,.T.);
#11560=ORIENTED_EDGE('',*,*,#8492,.T.);
#11561=ORIENTED_EDGE('',*,*,#8490,.T.);
#11562=ORIENTED_EDGE('',*,*,#8488,.T.);
#11563=ORIENTED_EDGE('',*,*,#8486,.T.);
#11564=ORIENTED_EDGE('',*,*,#8484,.T.);
#11565=ORIENTED_EDGE('',*,*,#8482,.T.);
#11566=ORIENTED_EDGE('',*,*,#8480,.T.);
#11567=ORIENTED_EDGE('',*,*,#7441,.T.);
#11568=ORIENTED_EDGE('',*,*,#8479,.T.);
#11569=ORIENTED_EDGE('',*,*,#8477,.T.);
#11570=ORIENTED_EDGE('',*,*,#8475,.T.);
#11571=ORIENTED_EDGE('',*,*,#8473,.T.);
#11572=ORIENTED_EDGE('',*,*,#8471,.T.);
#11573=ORIENTED_EDGE('',*,*,#8469,.T.);
#11574=ORIENTED_EDGE('',*,*,#8467,.T.);
#11575=ORIENTED_EDGE('',*,*,#8465,.T.);
#11576=ORIENTED_EDGE('',*,*,#8463,.T.);
#11577=ORIENTED_EDGE('',*,*,#8461,.T.);
#11578=ORIENTED_EDGE('',*,*,#8459,.T.);
#11579=ORIENTED_EDGE('',*,*,#8457,.T.);
#11580=ORIENTED_EDGE('',*,*,#8455,.T.);
#11581=ORIENTED_EDGE('',*,*,#8453,.T.);
#11582=ORIENTED_EDGE('',*,*,#8451,.T.);
#11583=ORIENTED_EDGE('',*,*,#8449,.T.);
#11584=ORIENTED_EDGE('',*,*,#8447,.T.);
#11585=ORIENTED_EDGE('',*,*,#8445,.T.);
#11586=ORIENTED_EDGE('',*,*,#8443,.T.);
#11587=ORIENTED_EDGE('',*,*,#8441,.T.);
#11588=ORIENTED_EDGE('',*,*,#8439,.T.);
#11589=ORIENTED_EDGE('',*,*,#8437,.T.);
#11590=ORIENTED_EDGE('',*,*,#8435,.T.);
#11591=ORIENTED_EDGE('',*,*,#7415,.T.);
#11592=ORIENTED_EDGE('',*,*,#8158,.T.);
#11593=ORIENTED_EDGE('',*,*,#8434,.T.);
#11594=ORIENTED_EDGE('',*,*,#8432,.T.);
#11595=ORIENTED_EDGE('',*,*,#8155,.T.);
#11596=ORIENTED_EDGE('',*,*,#8188,.T.);
#11597=ORIENTED_EDGE('',*,*,#8431,.T.);
#11598=ORIENTED_EDGE('',*,*,#8429,.T.);
#11599=ORIENTED_EDGE('',*,*,#8185,.T.);
#11600=ORIENTED_EDGE('',*,*,#8427,.T.);
#11601=ORIENTED_EDGE('',*,*,#8128,.T.);
#11602=ORIENTED_EDGE('',*,*,#8426,.T.);
#11603=ORIENTED_EDGE('',*,*,#8424,.T.);
#11604=ORIENTED_EDGE('',*,*,#8125,.T.);
#11605=ORIENTED_EDGE('',*,*,#7950,.T.);
#11606=ORIENTED_EDGE('',*,*,#8423,.T.);
#11607=ORIENTED_EDGE('',*,*,#8421,.T.);
#11608=ORIENTED_EDGE('',*,*,#7947,.T.);
#11609=ORIENTED_EDGE('',*,*,#8153,.T.);
#11610=ORIENTED_EDGE('',*,*,#8420,.T.);
#11611=ORIENTED_EDGE('',*,*,#8418,.T.);
#11612=ORIENTED_EDGE('',*,*,#8150,.T.);
#11613=ORIENTED_EDGE('',*,*,#8138,.T.);
#11614=ORIENTED_EDGE('',*,*,#8417,.T.);
#11615=ORIENTED_EDGE('',*,*,#8415,.T.);
#11616=ORIENTED_EDGE('',*,*,#8135,.T.);
#11617=ORIENTED_EDGE('',*,*,#8168,.T.);
#11618=ORIENTED_EDGE('',*,*,#8414,.T.);
#11619=ORIENTED_EDGE('',*,*,#8412,.T.);
#11620=ORIENTED_EDGE('',*,*,#8165,.T.);
#11621=ORIENTED_EDGE('',*,*,#8123,.T.);
#11622=ORIENTED_EDGE('',*,*,#8411,.T.);
#11623=ORIENTED_EDGE('',*,*,#8409,.T.);
#11624=ORIENTED_EDGE('',*,*,#8120,.T.);
#11625=ORIENTED_EDGE('',*,*,#7929,.T.);
#11626=ORIENTED_EDGE('',*,*,#8408,.T.);
#11627=ORIENTED_EDGE('',*,*,#8406,.T.);
#11628=ORIENTED_EDGE('',*,*,#7926,.T.);
#11629=ORIENTED_EDGE('',*,*,#8178,.T.);
#11630=ORIENTED_EDGE('',*,*,#8405,.T.);
#11631=ORIENTED_EDGE('',*,*,#8403,.T.);
#11632=ORIENTED_EDGE('',*,*,#8175,.T.);
#11633=ORIENTED_EDGE('',*,*,#8133,.T.);
#11634=ORIENTED_EDGE('',*,*,#8402,.T.);
#11635=ORIENTED_EDGE('',*,*,#8400,.T.);
#11636=ORIENTED_EDGE('',*,*,#8130,.T.);
#11637=ORIENTED_EDGE('',*,*,#8163,.T.);
#11638=ORIENTED_EDGE('',*,*,#8399,.T.);
#11639=ORIENTED_EDGE('',*,*,#8397,.T.);
#11640=ORIENTED_EDGE('',*,*,#8160,.T.);
#11641=ORIENTED_EDGE('',*,*,#8148,.T.);
#11642=ORIENTED_EDGE('',*,*,#8396,.T.);
#11643=ORIENTED_EDGE('',*,*,#8394,.T.);
#11644=ORIENTED_EDGE('',*,*,#8145,.T.);
#11645=ORIENTED_EDGE('',*,*,#7934,.T.);
#11646=ORIENTED_EDGE('',*,*,#8393,.T.);
#11647=ORIENTED_EDGE('',*,*,#8391,.T.);
#11648=ORIENTED_EDGE('',*,*,#7931,.T.);
#11649=ORIENTED_EDGE('',*,*,#7895,.T.);
#11650=ORIENTED_EDGE('',*,*,#8390,.T.);
#11651=ORIENTED_EDGE('',*,*,#8388,.T.);
#11652=ORIENTED_EDGE('',*,*,#7892,.T.);
#11653=ORIENTED_EDGE('',*,*,#8143,.T.);
#11654=ORIENTED_EDGE('',*,*,#8387,.T.);
#11655=ORIENTED_EDGE('',*,*,#8385,.T.);
#11656=ORIENTED_EDGE('',*,*,#8140,.T.);
#11657=ORIENTED_EDGE('',*,*,#8173,.T.);
#11658=ORIENTED_EDGE('',*,*,#8384,.T.);
#11659=ORIENTED_EDGE('',*,*,#8382,.T.);
#11660=ORIENTED_EDGE('',*,*,#8170,.T.);
#11661=ORIENTED_EDGE('',*,*,#7900,.T.);
#11662=ORIENTED_EDGE('',*,*,#8381,.T.);
#11663=ORIENTED_EDGE('',*,*,#8379,.T.);
#11664=ORIENTED_EDGE('',*,*,#7897,.T.);
#11665=ORIENTED_EDGE('',*,*,#8183,.T.);
#11666=ORIENTED_EDGE('',*,*,#8378,.T.);
#11667=ORIENTED_EDGE('',*,*,#8376,.T.);
#11668=ORIENTED_EDGE('',*,*,#8180,.T.);
#11669=ORIENTED_EDGE('',*,*,#8582,.F.);
#11670=ORIENTED_EDGE('',*,*,#8583,.T.);
#11671=ORIENTED_EDGE('',*,*,#8584,.F.);
#11672=ORIENTED_EDGE('',*,*,#8585,.F.);
#11673=ORIENTED_EDGE('',*,*,#8586,.F.);
#11674=ORIENTED_EDGE('',*,*,#8587,.F.);
#11675=ORIENTED_EDGE('',*,*,#8588,.F.);
#11676=ORIENTED_EDGE('',*,*,#8583,.F.);
#11677=ORIENTED_EDGE('',*,*,#8589,.F.);
#11678=ORIENTED_EDGE('',*,*,#8590,.T.);
#11679=ORIENTED_EDGE('',*,*,#8591,.F.);
#11680=ORIENTED_EDGE('',*,*,#8592,.F.);
#11681=ORIENTED_EDGE('',*,*,#8593,.F.);
#11682=ORIENTED_EDGE('',*,*,#8594,.F.);
#11683=ORIENTED_EDGE('',*,*,#8595,.F.);
#11684=ORIENTED_EDGE('',*,*,#8590,.F.);
#11685=ORIENTED_EDGE('',*,*,#8584,.T.);
#11686=ORIENTED_EDGE('',*,*,#8582,.T.);
#11687=ORIENTED_EDGE('',*,*,#8588,.T.);
#11688=ORIENTED_EDGE('',*,*,#8596,.T.);
#11689=ORIENTED_EDGE('',*,*,#8597,.T.);
#11690=ORIENTED_EDGE('',*,*,#8598,.T.);
#11691=ORIENTED_EDGE('',*,*,#8599,.T.);
#11692=ORIENTED_EDGE('',*,*,#8600,.T.);
#11693=ORIENTED_EDGE('',*,*,#8601,.T.);
#11694=ORIENTED_EDGE('',*,*,#8602,.T.);
#11695=ORIENTED_EDGE('',*,*,#8603,.T.);
#11696=ORIENTED_EDGE('',*,*,#8604,.T.);
#11697=ORIENTED_EDGE('',*,*,#8605,.T.);
#11698=ORIENTED_EDGE('',*,*,#8606,.T.);
#11699=ORIENTED_EDGE('',*,*,#8607,.T.);
#11700=ORIENTED_EDGE('',*,*,#8608,.T.);
#11701=ORIENTED_EDGE('',*,*,#8609,.T.);
#11702=ORIENTED_EDGE('',*,*,#8610,.T.);
#11703=ORIENTED_EDGE('',*,*,#8611,.T.);
#11704=ORIENTED_EDGE('',*,*,#8612,.T.);
#11705=ORIENTED_EDGE('',*,*,#8591,.T.);
#11706=ORIENTED_EDGE('',*,*,#8589,.T.);
#11707=ORIENTED_EDGE('',*,*,#8595,.T.);
#11708=ORIENTED_EDGE('',*,*,#8613,.T.);
#11709=ORIENTED_EDGE('',*,*,#8614,.F.);
#11710=ORIENTED_EDGE('',*,*,#8615,.F.);
#11711=ORIENTED_EDGE('',*,*,#8616,.F.);
#11712=ORIENTED_EDGE('',*,*,#8617,.F.);
#11713=ORIENTED_EDGE('',*,*,#8618,.T.);
#11714=ORIENTED_EDGE('',*,*,#8619,.T.);
#11715=ORIENTED_EDGE('',*,*,#8620,.T.);
#11716=ORIENTED_EDGE('',*,*,#8621,.T.);
#11717=ORIENTED_EDGE('',*,*,#8622,.T.);
#11718=ORIENTED_EDGE('',*,*,#8623,.T.);
#11719=ORIENTED_EDGE('',*,*,#8624,.T.);
#11720=ORIENTED_EDGE('',*,*,#8625,.T.);
#11721=ORIENTED_EDGE('',*,*,#8626,.T.);
#11722=ORIENTED_EDGE('',*,*,#8627,.T.);
#11723=ORIENTED_EDGE('',*,*,#8628,.T.);
#11724=ORIENTED_EDGE('',*,*,#8629,.T.);
#11725=ORIENTED_EDGE('',*,*,#8630,.T.);
#11726=ORIENTED_EDGE('',*,*,#8631,.T.);
#11727=ORIENTED_EDGE('',*,*,#8632,.T.);
#11728=ORIENTED_EDGE('',*,*,#8633,.T.);
#11729=ORIENTED_EDGE('',*,*,#8634,.T.);
#11730=ORIENTED_EDGE('',*,*,#8635,.T.);
#11731=ORIENTED_EDGE('',*,*,#8636,.T.);
#11732=ORIENTED_EDGE('',*,*,#8637,.T.);
#11733=ORIENTED_EDGE('',*,*,#8638,.T.);
#11734=ORIENTED_EDGE('',*,*,#8639,.T.);
#11735=ORIENTED_EDGE('',*,*,#8640,.T.);
#11736=ORIENTED_EDGE('',*,*,#8641,.T.);
#11737=ORIENTED_EDGE('',*,*,#8642,.T.);
#11738=ORIENTED_EDGE('',*,*,#8643,.T.);
#11739=ORIENTED_EDGE('',*,*,#8644,.T.);
#11740=ORIENTED_EDGE('',*,*,#8645,.T.);
#11741=ORIENTED_EDGE('',*,*,#8646,.T.);
#11742=ORIENTED_EDGE('',*,*,#8647,.T.);
#11743=ORIENTED_EDGE('',*,*,#8648,.T.);
#11744=ORIENTED_EDGE('',*,*,#8649,.T.);
#11745=ORIENTED_EDGE('',*,*,#8650,.T.);
#11746=ORIENTED_EDGE('',*,*,#8651,.T.);
#11747=ORIENTED_EDGE('',*,*,#8652,.T.);
#11748=ORIENTED_EDGE('',*,*,#8653,.T.);
#11749=ORIENTED_EDGE('',*,*,#8654,.T.);
#11750=ORIENTED_EDGE('',*,*,#8655,.T.);
#11751=ORIENTED_EDGE('',*,*,#8656,.T.);
#11752=ORIENTED_EDGE('',*,*,#8657,.T.);
#11753=ORIENTED_EDGE('',*,*,#8658,.T.);
#11754=ORIENTED_EDGE('',*,*,#8659,.T.);
#11755=ORIENTED_EDGE('',*,*,#8660,.T.);
#11756=ORIENTED_EDGE('',*,*,#8661,.T.);
#11757=ORIENTED_EDGE('',*,*,#8662,.T.);
#11758=ORIENTED_EDGE('',*,*,#8663,.T.);
#11759=ORIENTED_EDGE('',*,*,#8664,.T.);
#11760=ORIENTED_EDGE('',*,*,#8665,.T.);
#11761=ORIENTED_EDGE('',*,*,#8666,.T.);
#11762=ORIENTED_EDGE('',*,*,#8667,.T.);
#11763=ORIENTED_EDGE('',*,*,#8668,.T.);
#11764=ORIENTED_EDGE('',*,*,#8669,.T.);
#11765=ORIENTED_EDGE('',*,*,#8670,.T.);
#11766=ORIENTED_EDGE('',*,*,#8671,.T.);
#11767=ORIENTED_EDGE('',*,*,#8672,.T.);
#11768=ORIENTED_EDGE('',*,*,#8673,.T.);
#11769=ORIENTED_EDGE('',*,*,#8674,.T.);
#11770=ORIENTED_EDGE('',*,*,#8675,.T.);
#11771=ORIENTED_EDGE('',*,*,#8676,.T.);
#11772=ORIENTED_EDGE('',*,*,#8677,.T.);
#11773=ORIENTED_EDGE('',*,*,#8678,.T.);
#11774=ORIENTED_EDGE('',*,*,#8679,.T.);
#11775=ORIENTED_EDGE('',*,*,#8680,.T.);
#11776=ORIENTED_EDGE('',*,*,#8681,.T.);
#11777=ORIENTED_EDGE('',*,*,#8682,.T.);
#11778=ORIENTED_EDGE('',*,*,#8683,.T.);
#11779=ORIENTED_EDGE('',*,*,#8684,.T.);
#11780=ORIENTED_EDGE('',*,*,#8685,.T.);
#11781=ORIENTED_EDGE('',*,*,#8686,.T.);
#11782=ORIENTED_EDGE('',*,*,#8687,.T.);
#11783=ORIENTED_EDGE('',*,*,#8688,.T.);
#11784=ORIENTED_EDGE('',*,*,#8689,.T.);
#11785=ORIENTED_EDGE('',*,*,#8690,.T.);
#11786=ORIENTED_EDGE('',*,*,#8691,.T.);
#11787=ORIENTED_EDGE('',*,*,#8692,.T.);
#11788=ORIENTED_EDGE('',*,*,#8693,.T.);
#11789=ORIENTED_EDGE('',*,*,#8694,.T.);
#11790=ORIENTED_EDGE('',*,*,#8695,.T.);
#11791=ORIENTED_EDGE('',*,*,#8696,.T.);
#11792=ORIENTED_EDGE('',*,*,#8697,.T.);
#11793=ORIENTED_EDGE('',*,*,#8698,.T.);
#11794=ORIENTED_EDGE('',*,*,#8699,.T.);
#11795=ORIENTED_EDGE('',*,*,#8700,.T.);
#11796=ORIENTED_EDGE('',*,*,#8701,.T.);
#11797=ORIENTED_EDGE('',*,*,#8702,.T.);
#11798=ORIENTED_EDGE('',*,*,#8703,.T.);
#11799=ORIENTED_EDGE('',*,*,#8704,.T.);
#11800=ORIENTED_EDGE('',*,*,#8705,.T.);
#11801=ORIENTED_EDGE('',*,*,#8706,.T.);
#11802=ORIENTED_EDGE('',*,*,#8707,.T.);
#11803=ORIENTED_EDGE('',*,*,#8708,.T.);
#11804=ORIENTED_EDGE('',*,*,#8709,.T.);
#11805=ORIENTED_EDGE('',*,*,#8710,.T.);
#11806=ORIENTED_EDGE('',*,*,#8711,.T.);
#11807=ORIENTED_EDGE('',*,*,#8712,.T.);
#11808=ORIENTED_EDGE('',*,*,#8713,.T.);
#11809=ORIENTED_EDGE('',*,*,#8714,.T.);
#11810=ORIENTED_EDGE('',*,*,#8715,.T.);
#11811=ORIENTED_EDGE('',*,*,#8716,.T.);
#11812=ORIENTED_EDGE('',*,*,#8717,.T.);
#11813=ORIENTED_EDGE('',*,*,#8718,.T.);
#11814=ORIENTED_EDGE('',*,*,#8719,.T.);
#11815=ORIENTED_EDGE('',*,*,#8720,.T.);
#11816=ORIENTED_EDGE('',*,*,#8721,.T.);
#11817=ORIENTED_EDGE('',*,*,#8722,.T.);
#11818=ORIENTED_EDGE('',*,*,#8723,.T.);
#11819=ORIENTED_EDGE('',*,*,#8724,.T.);
#11820=ORIENTED_EDGE('',*,*,#8725,.T.);
#11821=ORIENTED_EDGE('',*,*,#8726,.T.);
#11822=ORIENTED_EDGE('',*,*,#8727,.T.);
#11823=ORIENTED_EDGE('',*,*,#8728,.T.);
#11824=ORIENTED_EDGE('',*,*,#8729,.T.);
#11825=ORIENTED_EDGE('',*,*,#8730,.T.);
#11826=ORIENTED_EDGE('',*,*,#8731,.T.);
#11827=ORIENTED_EDGE('',*,*,#8732,.T.);
#11828=ORIENTED_EDGE('',*,*,#8733,.T.);
#11829=ORIENTED_EDGE('',*,*,#8734,.T.);
#11830=ORIENTED_EDGE('',*,*,#8735,.T.);
#11831=ORIENTED_EDGE('',*,*,#8736,.T.);
#11832=ORIENTED_EDGE('',*,*,#8737,.T.);
#11833=ORIENTED_EDGE('',*,*,#8738,.T.);
#11834=ORIENTED_EDGE('',*,*,#8592,.T.);
#11835=ORIENTED_EDGE('',*,*,#8612,.F.);
#11836=ORIENTED_EDGE('',*,*,#8739,.T.);
#11837=ORIENTED_EDGE('',*,*,#8740,.T.);
#11838=ORIENTED_EDGE('',*,*,#8587,.T.);
#11839=ORIENTED_EDGE('',*,*,#8741,.T.);
#11840=ORIENTED_EDGE('',*,*,#8742,.F.);
#11841=ORIENTED_EDGE('',*,*,#8596,.F.);
#11842=ORIENTED_EDGE('',*,*,#8603,.F.);
#11843=ORIENTED_EDGE('',*,*,#8743,.F.);
#11844=ORIENTED_EDGE('',*,*,#8601,.F.);
#11845=ORIENTED_EDGE('',*,*,#8744,.F.);
#11846=ORIENTED_EDGE('',*,*,#8745,.F.);
#11847=ORIENTED_EDGE('',*,*,#8746,.F.);
#11848=ORIENTED_EDGE('',*,*,#8602,.F.);
#11849=ORIENTED_EDGE('',*,*,#8743,.T.);
#11850=ORIENTED_EDGE('',*,*,#8607,.F.);
#11851=ORIENTED_EDGE('',*,*,#8747,.F.);
#11852=ORIENTED_EDGE('',*,*,#8605,.F.);
#11853=ORIENTED_EDGE('',*,*,#8748,.F.);
#11854=ORIENTED_EDGE('',*,*,#8749,.F.);
#11855=ORIENTED_EDGE('',*,*,#8750,.F.);
#11856=ORIENTED_EDGE('',*,*,#8606,.F.);
#11857=ORIENTED_EDGE('',*,*,#8747,.T.);
#11858=ORIENTED_EDGE('',*,*,#8745,.T.);
#11859=ORIENTED_EDGE('',*,*,#8751,.F.);
#11860=ORIENTED_EDGE('',*,*,#8752,.F.);
#11861=ORIENTED_EDGE('',*,*,#8753,.F.);
#11862=ORIENTED_EDGE('',*,*,#8754,.F.);
#11863=ORIENTED_EDGE('',*,*,#8755,.F.);
#11864=ORIENTED_EDGE('',*,*,#8749,.T.);
#11865=ORIENTED_EDGE('',*,*,#8756,.F.);
#11866=ORIENTED_EDGE('',*,*,#8750,.T.);
#11867=ORIENTED_EDGE('',*,*,#8755,.T.);
#11868=ORIENTED_EDGE('',*,*,#8757,.F.);
#11869=ORIENTED_EDGE('',*,*,#8608,.F.);
#11870=ORIENTED_EDGE('',*,*,#8744,.T.);
#11871=ORIENTED_EDGE('',*,*,#8600,.F.);
#11872=ORIENTED_EDGE('',*,*,#8758,.T.);
#11873=ORIENTED_EDGE('',*,*,#8751,.T.);
#11874=ORIENTED_EDGE('',*,*,#8746,.T.);
#11875=ORIENTED_EDGE('',*,*,#8756,.T.);
#11876=ORIENTED_EDGE('',*,*,#8748,.T.);
#11877=ORIENTED_EDGE('',*,*,#8604,.F.);
#11878=ORIENTED_EDGE('',*,*,#8738,.F.);
#11879=ORIENTED_EDGE('',*,*,#8759,.T.);
#11880=ORIENTED_EDGE('',*,*,#8760,.T.);
#11881=ORIENTED_EDGE('',*,*,#8759,.F.);
#11882=ORIENTED_EDGE('',*,*,#8760,.F.);
#11883=ORIENTED_EDGE('',*,*,#8726,.F.);
#11884=ORIENTED_EDGE('',*,*,#8761,.T.);
#11885=ORIENTED_EDGE('',*,*,#8762,.T.);
#11886=ORIENTED_EDGE('',*,*,#8763,.F.);
#11887=ORIENTED_EDGE('',*,*,#8737,.F.);
#11888=ORIENTED_EDGE('',*,*,#8764,.T.);
#11889=ORIENTED_EDGE('',*,*,#8765,.T.);
#11890=ORIENTED_EDGE('',*,*,#8761,.F.);
#11891=ORIENTED_EDGE('',*,*,#8736,.F.);
#11892=ORIENTED_EDGE('',*,*,#8766,.T.);
#11893=ORIENTED_EDGE('',*,*,#8767,.T.);
#11894=ORIENTED_EDGE('',*,*,#8764,.F.);
#11895=ORIENTED_EDGE('',*,*,#8735,.F.);
#11896=ORIENTED_EDGE('',*,*,#8768,.T.);
#11897=ORIENTED_EDGE('',*,*,#8769,.T.);
#11898=ORIENTED_EDGE('',*,*,#8766,.F.);
#11899=ORIENTED_EDGE('',*,*,#8734,.F.);
#11900=ORIENTED_EDGE('',*,*,#8770,.T.);
#11901=ORIENTED_EDGE('',*,*,#8771,.T.);
#11902=ORIENTED_EDGE('',*,*,#8768,.F.);
#11903=ORIENTED_EDGE('',*,*,#8733,.F.);
#11904=ORIENTED_EDGE('',*,*,#8772,.T.);
#11905=ORIENTED_EDGE('',*,*,#8773,.T.);
#11906=ORIENTED_EDGE('',*,*,#8770,.F.);
#11907=ORIENTED_EDGE('',*,*,#8732,.F.);
#11908=ORIENTED_EDGE('',*,*,#8774,.T.);
#11909=ORIENTED_EDGE('',*,*,#8775,.T.);
#11910=ORIENTED_EDGE('',*,*,#8772,.F.);
#11911=ORIENTED_EDGE('',*,*,#8731,.F.);
#11912=ORIENTED_EDGE('',*,*,#8776,.T.);
#11913=ORIENTED_EDGE('',*,*,#8777,.T.);
#11914=ORIENTED_EDGE('',*,*,#8774,.F.);
#11915=ORIENTED_EDGE('',*,*,#8730,.F.);
#11916=ORIENTED_EDGE('',*,*,#8778,.T.);
#11917=ORIENTED_EDGE('',*,*,#8779,.T.);
#11918=ORIENTED_EDGE('',*,*,#8776,.F.);
#11919=ORIENTED_EDGE('',*,*,#8729,.F.);
#11920=ORIENTED_EDGE('',*,*,#8780,.T.);
#11921=ORIENTED_EDGE('',*,*,#8781,.T.);
#11922=ORIENTED_EDGE('',*,*,#8778,.F.);
#11923=ORIENTED_EDGE('',*,*,#8728,.F.);
#11924=ORIENTED_EDGE('',*,*,#8782,.T.);
#11925=ORIENTED_EDGE('',*,*,#8783,.T.);
#11926=ORIENTED_EDGE('',*,*,#8780,.F.);
#11927=ORIENTED_EDGE('',*,*,#8727,.F.);
#11928=ORIENTED_EDGE('',*,*,#8763,.T.);
#11929=ORIENTED_EDGE('',*,*,#8784,.T.);
#11930=ORIENTED_EDGE('',*,*,#8782,.F.);
#11931=ORIENTED_EDGE('',*,*,#8784,.F.);
#11932=ORIENTED_EDGE('',*,*,#8762,.F.);
#11933=ORIENTED_EDGE('',*,*,#8765,.F.);
#11934=ORIENTED_EDGE('',*,*,#8767,.F.);
#11935=ORIENTED_EDGE('',*,*,#8769,.F.);
#11936=ORIENTED_EDGE('',*,*,#8771,.F.);
#11937=ORIENTED_EDGE('',*,*,#8773,.F.);
#11938=ORIENTED_EDGE('',*,*,#8775,.F.);
#11939=ORIENTED_EDGE('',*,*,#8777,.F.);
#11940=ORIENTED_EDGE('',*,*,#8779,.F.);
#11941=ORIENTED_EDGE('',*,*,#8781,.F.);
#11942=ORIENTED_EDGE('',*,*,#8783,.F.);
#11943=ORIENTED_EDGE('',*,*,#8714,.F.);
#11944=ORIENTED_EDGE('',*,*,#8785,.T.);
#11945=ORIENTED_EDGE('',*,*,#8786,.T.);
#11946=ORIENTED_EDGE('',*,*,#8787,.F.);
#11947=ORIENTED_EDGE('',*,*,#8725,.F.);
#11948=ORIENTED_EDGE('',*,*,#8788,.T.);
#11949=ORIENTED_EDGE('',*,*,#8789,.T.);
#11950=ORIENTED_EDGE('',*,*,#8785,.F.);
#11951=ORIENTED_EDGE('',*,*,#8724,.F.);
#11952=ORIENTED_EDGE('',*,*,#8790,.T.);
#11953=ORIENTED_EDGE('',*,*,#8791,.T.);
#11954=ORIENTED_EDGE('',*,*,#8788,.F.);
#11955=ORIENTED_EDGE('',*,*,#8723,.F.);
#11956=ORIENTED_EDGE('',*,*,#8792,.T.);
#11957=ORIENTED_EDGE('',*,*,#8793,.T.);
#11958=ORIENTED_EDGE('',*,*,#8790,.F.);
#11959=ORIENTED_EDGE('',*,*,#8722,.F.);
#11960=ORIENTED_EDGE('',*,*,#8794,.T.);
#11961=ORIENTED_EDGE('',*,*,#8795,.T.);
#11962=ORIENTED_EDGE('',*,*,#8792,.F.);
#11963=ORIENTED_EDGE('',*,*,#8721,.F.);
#11964=ORIENTED_EDGE('',*,*,#8796,.T.);
#11965=ORIENTED_EDGE('',*,*,#8797,.T.);
#11966=ORIENTED_EDGE('',*,*,#8794,.F.);
#11967=ORIENTED_EDGE('',*,*,#8720,.F.);
#11968=ORIENTED_EDGE('',*,*,#8798,.T.);
#11969=ORIENTED_EDGE('',*,*,#8799,.T.);
#11970=ORIENTED_EDGE('',*,*,#8796,.F.);
#11971=ORIENTED_EDGE('',*,*,#8719,.F.);
#11972=ORIENTED_EDGE('',*,*,#8800,.T.);
#11973=ORIENTED_EDGE('',*,*,#8801,.T.);
#11974=ORIENTED_EDGE('',*,*,#8798,.F.);
#11975=ORIENTED_EDGE('',*,*,#8718,.F.);
#11976=ORIENTED_EDGE('',*,*,#8802,.T.);
#11977=ORIENTED_EDGE('',*,*,#8803,.T.);
#11978=ORIENTED_EDGE('',*,*,#8800,.F.);
#11979=ORIENTED_EDGE('',*,*,#8717,.F.);
#11980=ORIENTED_EDGE('',*,*,#8804,.T.);
#11981=ORIENTED_EDGE('',*,*,#8805,.T.);
#11982=ORIENTED_EDGE('',*,*,#8802,.F.);
#11983=ORIENTED_EDGE('',*,*,#8716,.F.);
#11984=ORIENTED_EDGE('',*,*,#8806,.T.);
#11985=ORIENTED_EDGE('',*,*,#8807,.T.);
#11986=ORIENTED_EDGE('',*,*,#8804,.F.);
#11987=ORIENTED_EDGE('',*,*,#8715,.F.);
#11988=ORIENTED_EDGE('',*,*,#8787,.T.);
#11989=ORIENTED_EDGE('',*,*,#8808,.T.);
#11990=ORIENTED_EDGE('',*,*,#8806,.F.);
#11991=ORIENTED_EDGE('',*,*,#8808,.F.);
#11992=ORIENTED_EDGE('',*,*,#8786,.F.);
#11993=ORIENTED_EDGE('',*,*,#8789,.F.);
#11994=ORIENTED_EDGE('',*,*,#8791,.F.);
#11995=ORIENTED_EDGE('',*,*,#8793,.F.);
#11996=ORIENTED_EDGE('',*,*,#8795,.F.);
#11997=ORIENTED_EDGE('',*,*,#8797,.F.);
#11998=ORIENTED_EDGE('',*,*,#8799,.F.);
#11999=ORIENTED_EDGE('',*,*,#8801,.F.);
#12000=ORIENTED_EDGE('',*,*,#8803,.F.);
#12001=ORIENTED_EDGE('',*,*,#8805,.F.);
#12002=ORIENTED_EDGE('',*,*,#8807,.F.);
#12003=ORIENTED_EDGE('',*,*,#8702,.F.);
#12004=ORIENTED_EDGE('',*,*,#8809,.T.);
#12005=ORIENTED_EDGE('',*,*,#8810,.T.);
#12006=ORIENTED_EDGE('',*,*,#8811,.F.);
#12007=ORIENTED_EDGE('',*,*,#8713,.F.);
#12008=ORIENTED_EDGE('',*,*,#8812,.T.);
#12009=ORIENTED_EDGE('',*,*,#8813,.T.);
#12010=ORIENTED_EDGE('',*,*,#8809,.F.);
#12011=ORIENTED_EDGE('',*,*,#8712,.F.);
#12012=ORIENTED_EDGE('',*,*,#8814,.T.);
#12013=ORIENTED_EDGE('',*,*,#8815,.T.);
#12014=ORIENTED_EDGE('',*,*,#8812,.F.);
#12015=ORIENTED_EDGE('',*,*,#8711,.F.);
#12016=ORIENTED_EDGE('',*,*,#8816,.T.);
#12017=ORIENTED_EDGE('',*,*,#8817,.T.);
#12018=ORIENTED_EDGE('',*,*,#8814,.F.);
#12019=ORIENTED_EDGE('',*,*,#8710,.F.);
#12020=ORIENTED_EDGE('',*,*,#8818,.T.);
#12021=ORIENTED_EDGE('',*,*,#8819,.T.);
#12022=ORIENTED_EDGE('',*,*,#8816,.F.);
#12023=ORIENTED_EDGE('',*,*,#8709,.F.);
#12024=ORIENTED_EDGE('',*,*,#8820,.T.);
#12025=ORIENTED_EDGE('',*,*,#8821,.T.);
#12026=ORIENTED_EDGE('',*,*,#8818,.F.);
#12027=ORIENTED_EDGE('',*,*,#8708,.F.);
#12028=ORIENTED_EDGE('',*,*,#8822,.T.);
#12029=ORIENTED_EDGE('',*,*,#8823,.T.);
#12030=ORIENTED_EDGE('',*,*,#8820,.F.);
#12031=ORIENTED_EDGE('',*,*,#8707,.F.);
#12032=ORIENTED_EDGE('',*,*,#8824,.T.);
#12033=ORIENTED_EDGE('',*,*,#8825,.T.);
#12034=ORIENTED_EDGE('',*,*,#8822,.F.);
#12035=ORIENTED_EDGE('',*,*,#8706,.F.);
#12036=ORIENTED_EDGE('',*,*,#8826,.T.);
#12037=ORIENTED_EDGE('',*,*,#8827,.T.);
#12038=ORIENTED_EDGE('',*,*,#8824,.F.);
#12039=ORIENTED_EDGE('',*,*,#8705,.F.);
#12040=ORIENTED_EDGE('',*,*,#8828,.T.);
#12041=ORIENTED_EDGE('',*,*,#8829,.T.);
#12042=ORIENTED_EDGE('',*,*,#8826,.F.);
#12043=ORIENTED_EDGE('',*,*,#8704,.F.);
#12044=ORIENTED_EDGE('',*,*,#8830,.T.);
#12045=ORIENTED_EDGE('',*,*,#8831,.T.);
#12046=ORIENTED_EDGE('',*,*,#8828,.F.);
#12047=ORIENTED_EDGE('',*,*,#8703,.F.);
#12048=ORIENTED_EDGE('',*,*,#8811,.T.);
#12049=ORIENTED_EDGE('',*,*,#8832,.T.);
#12050=ORIENTED_EDGE('',*,*,#8830,.F.);
#12051=ORIENTED_EDGE('',*,*,#8832,.F.);
#12052=ORIENTED_EDGE('',*,*,#8810,.F.);
#12053=ORIENTED_EDGE('',*,*,#8813,.F.);
#12054=ORIENTED_EDGE('',*,*,#8815,.F.);
#12055=ORIENTED_EDGE('',*,*,#8817,.F.);
#12056=ORIENTED_EDGE('',*,*,#8819,.F.);
#12057=ORIENTED_EDGE('',*,*,#8821,.F.);
#12058=ORIENTED_EDGE('',*,*,#8823,.F.);
#12059=ORIENTED_EDGE('',*,*,#8825,.F.);
#12060=ORIENTED_EDGE('',*,*,#8827,.F.);
#12061=ORIENTED_EDGE('',*,*,#8829,.F.);
#12062=ORIENTED_EDGE('',*,*,#8831,.F.);
#12063=ORIENTED_EDGE('',*,*,#8698,.F.);
#12064=ORIENTED_EDGE('',*,*,#8833,.T.);
#12065=ORIENTED_EDGE('',*,*,#8834,.T.);
#12066=ORIENTED_EDGE('',*,*,#8835,.F.);
#12067=ORIENTED_EDGE('',*,*,#8701,.F.);
#12068=ORIENTED_EDGE('',*,*,#8836,.T.);
#12069=ORIENTED_EDGE('',*,*,#8837,.T.);
#12070=ORIENTED_EDGE('',*,*,#8833,.F.);
#12071=ORIENTED_EDGE('',*,*,#8700,.F.);
#12072=ORIENTED_EDGE('',*,*,#8838,.T.);
#12073=ORIENTED_EDGE('',*,*,#8839,.T.);
#12074=ORIENTED_EDGE('',*,*,#8836,.F.);
#12075=ORIENTED_EDGE('',*,*,#8699,.F.);
#12076=ORIENTED_EDGE('',*,*,#8835,.T.);
#12077=ORIENTED_EDGE('',*,*,#8840,.T.);
#12078=ORIENTED_EDGE('',*,*,#8838,.F.);
#12079=ORIENTED_EDGE('',*,*,#8840,.F.);
#12080=ORIENTED_EDGE('',*,*,#8834,.F.);
#12081=ORIENTED_EDGE('',*,*,#8837,.F.);
#12082=ORIENTED_EDGE('',*,*,#8839,.F.);
#12083=ORIENTED_EDGE('',*,*,#8841,.F.);
#12084=ORIENTED_EDGE('',*,*,#8842,.F.);
#12085=ORIENTED_EDGE('',*,*,#8843,.F.);
#12086=ORIENTED_EDGE('',*,*,#8844,.F.);
#12087=ORIENTED_EDGE('',*,*,#8694,.F.);
#12088=ORIENTED_EDGE('',*,*,#8845,.T.);
#12089=ORIENTED_EDGE('',*,*,#8846,.T.);
#12090=ORIENTED_EDGE('',*,*,#8847,.F.);
#12091=ORIENTED_EDGE('',*,*,#8697,.F.);
#12092=ORIENTED_EDGE('',*,*,#8848,.T.);
#12093=ORIENTED_EDGE('',*,*,#8849,.T.);
#12094=ORIENTED_EDGE('',*,*,#8845,.F.);
#12095=ORIENTED_EDGE('',*,*,#8696,.F.);
#12096=ORIENTED_EDGE('',*,*,#8850,.T.);
#12097=ORIENTED_EDGE('',*,*,#8851,.T.);
#12098=ORIENTED_EDGE('',*,*,#8848,.F.);
#12099=ORIENTED_EDGE('',*,*,#8695,.F.);
#12100=ORIENTED_EDGE('',*,*,#8847,.T.);
#12101=ORIENTED_EDGE('',*,*,#8852,.T.);
#12102=ORIENTED_EDGE('',*,*,#8850,.F.);
#12103=ORIENTED_EDGE('',*,*,#8852,.F.);
#12104=ORIENTED_EDGE('',*,*,#8846,.F.);
#12105=ORIENTED_EDGE('',*,*,#8849,.F.);
#12106=ORIENTED_EDGE('',*,*,#8851,.F.);
#12107=ORIENTED_EDGE('',*,*,#8853,.F.);
#12108=ORIENTED_EDGE('',*,*,#8854,.F.);
#12109=ORIENTED_EDGE('',*,*,#8855,.F.);
#12110=ORIENTED_EDGE('',*,*,#8856,.F.);
#12111=ORIENTED_EDGE('',*,*,#8690,.F.);
#12112=ORIENTED_EDGE('',*,*,#8857,.T.);
#12113=ORIENTED_EDGE('',*,*,#8858,.T.);
#12114=ORIENTED_EDGE('',*,*,#8859,.F.);
#12115=ORIENTED_EDGE('',*,*,#8693,.F.);
#12116=ORIENTED_EDGE('',*,*,#8860,.T.);
#12117=ORIENTED_EDGE('',*,*,#8861,.T.);
#12118=ORIENTED_EDGE('',*,*,#8857,.F.);
#12119=ORIENTED_EDGE('',*,*,#8692,.F.);
#12120=ORIENTED_EDGE('',*,*,#8862,.T.);
#12121=ORIENTED_EDGE('',*,*,#8863,.T.);
#12122=ORIENTED_EDGE('',*,*,#8860,.F.);
#12123=ORIENTED_EDGE('',*,*,#8691,.F.);
#12124=ORIENTED_EDGE('',*,*,#8859,.T.);
#12125=ORIENTED_EDGE('',*,*,#8864,.T.);
#12126=ORIENTED_EDGE('',*,*,#8862,.F.);
#12127=ORIENTED_EDGE('',*,*,#8864,.F.);
#12128=ORIENTED_EDGE('',*,*,#8858,.F.);
#12129=ORIENTED_EDGE('',*,*,#8861,.F.);
#12130=ORIENTED_EDGE('',*,*,#8863,.F.);
#12131=ORIENTED_EDGE('',*,*,#8865,.F.);
#12132=ORIENTED_EDGE('',*,*,#8866,.F.);
#12133=ORIENTED_EDGE('',*,*,#8867,.F.);
#12134=ORIENTED_EDGE('',*,*,#8868,.F.);
#12135=ORIENTED_EDGE('',*,*,#8843,.T.);
#12136=ORIENTED_EDGE('',*,*,#8869,.T.);
#12137=ORIENTED_EDGE('',*,*,#8870,.F.);
#12138=ORIENTED_EDGE('',*,*,#8871,.F.);
#12139=ORIENTED_EDGE('',*,*,#8842,.T.);
#12140=ORIENTED_EDGE('',*,*,#8872,.T.);
#12141=ORIENTED_EDGE('',*,*,#8873,.F.);
#12142=ORIENTED_EDGE('',*,*,#8869,.F.);
#12143=ORIENTED_EDGE('',*,*,#8855,.T.);
#12144=ORIENTED_EDGE('',*,*,#8874,.T.);
#12145=ORIENTED_EDGE('',*,*,#8875,.F.);
#12146=ORIENTED_EDGE('',*,*,#8876,.F.);
#12147=ORIENTED_EDGE('',*,*,#8854,.T.);
#12148=ORIENTED_EDGE('',*,*,#8877,.T.);
#12149=ORIENTED_EDGE('',*,*,#8878,.F.);
#12150=ORIENTED_EDGE('',*,*,#8874,.F.);
#12151=ORIENTED_EDGE('',*,*,#8867,.T.);
#12152=ORIENTED_EDGE('',*,*,#8879,.T.);
#12153=ORIENTED_EDGE('',*,*,#8880,.F.);
#12154=ORIENTED_EDGE('',*,*,#8881,.F.);
#12155=ORIENTED_EDGE('',*,*,#8866,.T.);
#12156=ORIENTED_EDGE('',*,*,#8882,.T.);
#12157=ORIENTED_EDGE('',*,*,#8883,.F.);
#12158=ORIENTED_EDGE('',*,*,#8879,.F.);
#12159=ORIENTED_EDGE('',*,*,#8686,.F.);
#12160=ORIENTED_EDGE('',*,*,#8884,.T.);
#12161=ORIENTED_EDGE('',*,*,#8885,.T.);
#12162=ORIENTED_EDGE('',*,*,#8886,.F.);
#12163=ORIENTED_EDGE('',*,*,#8689,.F.);
#12164=ORIENTED_EDGE('',*,*,#8887,.T.);
#12165=ORIENTED_EDGE('',*,*,#8888,.T.);
#12166=ORIENTED_EDGE('',*,*,#8884,.F.);
#12167=ORIENTED_EDGE('',*,*,#8688,.F.);
#12168=ORIENTED_EDGE('',*,*,#8889,.T.);
#12169=ORIENTED_EDGE('',*,*,#8890,.T.);
#12170=ORIENTED_EDGE('',*,*,#8887,.F.);
#12171=ORIENTED_EDGE('',*,*,#8687,.F.);
#12172=ORIENTED_EDGE('',*,*,#8886,.T.);
#12173=ORIENTED_EDGE('',*,*,#8891,.T.);
#12174=ORIENTED_EDGE('',*,*,#8889,.F.);
#12175=ORIENTED_EDGE('',*,*,#8891,.F.);
#12176=ORIENTED_EDGE('',*,*,#8885,.F.);
#12177=ORIENTED_EDGE('',*,*,#8888,.F.);
#12178=ORIENTED_EDGE('',*,*,#8890,.F.);
#12179=ORIENTED_EDGE('',*,*,#8892,.F.);
#12180=ORIENTED_EDGE('',*,*,#8893,.F.);
#12181=ORIENTED_EDGE('',*,*,#8894,.F.);
#12182=ORIENTED_EDGE('',*,*,#8895,.F.);
#12183=ORIENTED_EDGE('',*,*,#8894,.T.);
#12184=ORIENTED_EDGE('',*,*,#8896,.T.);
#12185=ORIENTED_EDGE('',*,*,#8897,.F.);
#12186=ORIENTED_EDGE('',*,*,#8898,.F.);
#12187=ORIENTED_EDGE('',*,*,#8893,.T.);
#12188=ORIENTED_EDGE('',*,*,#8899,.T.);
#12189=ORIENTED_EDGE('',*,*,#8900,.F.);
#12190=ORIENTED_EDGE('',*,*,#8896,.F.);
#12191=ORIENTED_EDGE('',*,*,#8682,.F.);
#12192=ORIENTED_EDGE('',*,*,#8901,.T.);
#12193=ORIENTED_EDGE('',*,*,#8902,.T.);
#12194=ORIENTED_EDGE('',*,*,#8903,.F.);
#12195=ORIENTED_EDGE('',*,*,#8685,.F.);
#12196=ORIENTED_EDGE('',*,*,#8904,.T.);
#12197=ORIENTED_EDGE('',*,*,#8905,.T.);
#12198=ORIENTED_EDGE('',*,*,#8901,.F.);
#12199=ORIENTED_EDGE('',*,*,#8684,.F.);
#12200=ORIENTED_EDGE('',*,*,#8906,.T.);
#12201=ORIENTED_EDGE('',*,*,#8907,.T.);
#12202=ORIENTED_EDGE('',*,*,#8904,.F.);
#12203=ORIENTED_EDGE('',*,*,#8683,.F.);
#12204=ORIENTED_EDGE('',*,*,#8903,.T.);
#12205=ORIENTED_EDGE('',*,*,#8908,.T.);
#12206=ORIENTED_EDGE('',*,*,#8906,.F.);
#12207=ORIENTED_EDGE('',*,*,#8908,.F.);
#12208=ORIENTED_EDGE('',*,*,#8902,.F.);
#12209=ORIENTED_EDGE('',*,*,#8905,.F.);
#12210=ORIENTED_EDGE('',*,*,#8907,.F.);
#12211=ORIENTED_EDGE('',*,*,#8909,.F.);
#12212=ORIENTED_EDGE('',*,*,#8910,.F.);
#12213=ORIENTED_EDGE('',*,*,#8911,.F.);
#12214=ORIENTED_EDGE('',*,*,#8912,.F.);
#12215=ORIENTED_EDGE('',*,*,#8678,.F.);
#12216=ORIENTED_EDGE('',*,*,#8913,.T.);
#12217=ORIENTED_EDGE('',*,*,#8914,.T.);
#12218=ORIENTED_EDGE('',*,*,#8915,.F.);
#12219=ORIENTED_EDGE('',*,*,#8681,.F.);
#12220=ORIENTED_EDGE('',*,*,#8916,.T.);
#12221=ORIENTED_EDGE('',*,*,#8917,.T.);
#12222=ORIENTED_EDGE('',*,*,#8913,.F.);
#12223=ORIENTED_EDGE('',*,*,#8680,.F.);
#12224=ORIENTED_EDGE('',*,*,#8918,.T.);
#12225=ORIENTED_EDGE('',*,*,#8919,.T.);
#12226=ORIENTED_EDGE('',*,*,#8916,.F.);
#12227=ORIENTED_EDGE('',*,*,#8679,.F.);
#12228=ORIENTED_EDGE('',*,*,#8915,.T.);
#12229=ORIENTED_EDGE('',*,*,#8920,.T.);
#12230=ORIENTED_EDGE('',*,*,#8918,.F.);
#12231=ORIENTED_EDGE('',*,*,#8920,.F.);
#12232=ORIENTED_EDGE('',*,*,#8914,.F.);
#12233=ORIENTED_EDGE('',*,*,#8917,.F.);
#12234=ORIENTED_EDGE('',*,*,#8919,.F.);
#12235=ORIENTED_EDGE('',*,*,#8921,.F.);
#12236=ORIENTED_EDGE('',*,*,#8922,.F.);
#12237=ORIENTED_EDGE('',*,*,#8923,.F.);
#12238=ORIENTED_EDGE('',*,*,#8924,.F.);
#12239=ORIENTED_EDGE('',*,*,#8674,.F.);
#12240=ORIENTED_EDGE('',*,*,#8925,.T.);
#12241=ORIENTED_EDGE('',*,*,#8926,.T.);
#12242=ORIENTED_EDGE('',*,*,#8927,.F.);
#12243=ORIENTED_EDGE('',*,*,#8677,.F.);
#12244=ORIENTED_EDGE('',*,*,#8928,.T.);
#12245=ORIENTED_EDGE('',*,*,#8929,.T.);
#12246=ORIENTED_EDGE('',*,*,#8925,.F.);
#12247=ORIENTED_EDGE('',*,*,#8676,.F.);
#12248=ORIENTED_EDGE('',*,*,#8930,.T.);
#12249=ORIENTED_EDGE('',*,*,#8931,.T.);
#12250=ORIENTED_EDGE('',*,*,#8928,.F.);
#12251=ORIENTED_EDGE('',*,*,#8675,.F.);
#12252=ORIENTED_EDGE('',*,*,#8927,.T.);
#12253=ORIENTED_EDGE('',*,*,#8932,.T.);
#12254=ORIENTED_EDGE('',*,*,#8930,.F.);
#12255=ORIENTED_EDGE('',*,*,#8932,.F.);
#12256=ORIENTED_EDGE('',*,*,#8926,.F.);
#12257=ORIENTED_EDGE('',*,*,#8929,.F.);
#12258=ORIENTED_EDGE('',*,*,#8931,.F.);
#12259=ORIENTED_EDGE('',*,*,#8933,.F.);
#12260=ORIENTED_EDGE('',*,*,#8934,.F.);
#12261=ORIENTED_EDGE('',*,*,#8935,.F.);
#12262=ORIENTED_EDGE('',*,*,#8936,.F.);
#12263=ORIENTED_EDGE('',*,*,#8670,.F.);
#12264=ORIENTED_EDGE('',*,*,#8937,.T.);
#12265=ORIENTED_EDGE('',*,*,#8938,.T.);
#12266=ORIENTED_EDGE('',*,*,#8939,.F.);
#12267=ORIENTED_EDGE('',*,*,#8673,.F.);
#12268=ORIENTED_EDGE('',*,*,#8940,.T.);
#12269=ORIENTED_EDGE('',*,*,#8941,.T.);
#12270=ORIENTED_EDGE('',*,*,#8937,.F.);
#12271=ORIENTED_EDGE('',*,*,#8672,.F.);
#12272=ORIENTED_EDGE('',*,*,#8942,.T.);
#12273=ORIENTED_EDGE('',*,*,#8943,.T.);
#12274=ORIENTED_EDGE('',*,*,#8940,.F.);
#12275=ORIENTED_EDGE('',*,*,#8671,.F.);
#12276=ORIENTED_EDGE('',*,*,#8939,.T.);
#12277=ORIENTED_EDGE('',*,*,#8944,.T.);
#12278=ORIENTED_EDGE('',*,*,#8942,.F.);
#12279=ORIENTED_EDGE('',*,*,#8944,.F.);
#12280=ORIENTED_EDGE('',*,*,#8938,.F.);
#12281=ORIENTED_EDGE('',*,*,#8941,.F.);
#12282=ORIENTED_EDGE('',*,*,#8943,.F.);
#12283=ORIENTED_EDGE('',*,*,#8945,.F.);
#12284=ORIENTED_EDGE('',*,*,#8946,.F.);
#12285=ORIENTED_EDGE('',*,*,#8947,.F.);
#12286=ORIENTED_EDGE('',*,*,#8948,.F.);
#12287=ORIENTED_EDGE('',*,*,#8666,.F.);
#12288=ORIENTED_EDGE('',*,*,#8949,.T.);
#12289=ORIENTED_EDGE('',*,*,#8950,.T.);
#12290=ORIENTED_EDGE('',*,*,#8951,.F.);
#12291=ORIENTED_EDGE('',*,*,#8669,.F.);
#12292=ORIENTED_EDGE('',*,*,#8952,.T.);
#12293=ORIENTED_EDGE('',*,*,#8953,.T.);
#12294=ORIENTED_EDGE('',*,*,#8949,.F.);
#12295=ORIENTED_EDGE('',*,*,#8668,.F.);
#12296=ORIENTED_EDGE('',*,*,#8954,.T.);
#12297=ORIENTED_EDGE('',*,*,#8955,.T.);
#12298=ORIENTED_EDGE('',*,*,#8952,.F.);
#12299=ORIENTED_EDGE('',*,*,#8667,.F.);
#12300=ORIENTED_EDGE('',*,*,#8951,.T.);
#12301=ORIENTED_EDGE('',*,*,#8956,.T.);
#12302=ORIENTED_EDGE('',*,*,#8954,.F.);
#12303=ORIENTED_EDGE('',*,*,#8956,.F.);
#12304=ORIENTED_EDGE('',*,*,#8950,.F.);
#12305=ORIENTED_EDGE('',*,*,#8953,.F.);
#12306=ORIENTED_EDGE('',*,*,#8955,.F.);
#12307=ORIENTED_EDGE('',*,*,#8957,.F.);
#12308=ORIENTED_EDGE('',*,*,#8958,.F.);
#12309=ORIENTED_EDGE('',*,*,#8959,.F.);
#12310=ORIENTED_EDGE('',*,*,#8960,.F.);
#12311=ORIENTED_EDGE('',*,*,#8662,.F.);
#12312=ORIENTED_EDGE('',*,*,#8961,.T.);
#12313=ORIENTED_EDGE('',*,*,#8962,.T.);
#12314=ORIENTED_EDGE('',*,*,#8963,.F.);
#12315=ORIENTED_EDGE('',*,*,#8665,.F.);
#12316=ORIENTED_EDGE('',*,*,#8964,.T.);
#12317=ORIENTED_EDGE('',*,*,#8965,.T.);
#12318=ORIENTED_EDGE('',*,*,#8961,.F.);
#12319=ORIENTED_EDGE('',*,*,#8664,.F.);
#12320=ORIENTED_EDGE('',*,*,#8966,.T.);
#12321=ORIENTED_EDGE('',*,*,#8967,.T.);
#12322=ORIENTED_EDGE('',*,*,#8964,.F.);
#12323=ORIENTED_EDGE('',*,*,#8663,.F.);
#12324=ORIENTED_EDGE('',*,*,#8963,.T.);
#12325=ORIENTED_EDGE('',*,*,#8968,.T.);
#12326=ORIENTED_EDGE('',*,*,#8966,.F.);
#12327=ORIENTED_EDGE('',*,*,#8968,.F.);
#12328=ORIENTED_EDGE('',*,*,#8962,.F.);
#12329=ORIENTED_EDGE('',*,*,#8965,.F.);
#12330=ORIENTED_EDGE('',*,*,#8967,.F.);
#12331=ORIENTED_EDGE('',*,*,#8969,.F.);
#12332=ORIENTED_EDGE('',*,*,#8970,.F.);
#12333=ORIENTED_EDGE('',*,*,#8971,.F.);
#12334=ORIENTED_EDGE('',*,*,#8972,.F.);
#12335=ORIENTED_EDGE('',*,*,#8658,.F.);
#12336=ORIENTED_EDGE('',*,*,#8973,.T.);
#12337=ORIENTED_EDGE('',*,*,#8974,.T.);
#12338=ORIENTED_EDGE('',*,*,#8975,.F.);
#12339=ORIENTED_EDGE('',*,*,#8661,.F.);
#12340=ORIENTED_EDGE('',*,*,#8976,.T.);
#12341=ORIENTED_EDGE('',*,*,#8977,.T.);
#12342=ORIENTED_EDGE('',*,*,#8973,.F.);
#12343=ORIENTED_EDGE('',*,*,#8660,.F.);
#12344=ORIENTED_EDGE('',*,*,#8978,.T.);
#12345=ORIENTED_EDGE('',*,*,#8979,.T.);
#12346=ORIENTED_EDGE('',*,*,#8976,.F.);
#12347=ORIENTED_EDGE('',*,*,#8659,.F.);
#12348=ORIENTED_EDGE('',*,*,#8975,.T.);
#12349=ORIENTED_EDGE('',*,*,#8980,.T.);
#12350=ORIENTED_EDGE('',*,*,#8978,.F.);
#12351=ORIENTED_EDGE('',*,*,#8980,.F.);
#12352=ORIENTED_EDGE('',*,*,#8974,.F.);
#12353=ORIENTED_EDGE('',*,*,#8977,.F.);
#12354=ORIENTED_EDGE('',*,*,#8979,.F.);
#12355=ORIENTED_EDGE('',*,*,#8981,.F.);
#12356=ORIENTED_EDGE('',*,*,#8982,.F.);
#12357=ORIENTED_EDGE('',*,*,#8983,.F.);
#12358=ORIENTED_EDGE('',*,*,#8984,.F.);
#12359=ORIENTED_EDGE('',*,*,#8654,.F.);
#12360=ORIENTED_EDGE('',*,*,#8985,.T.);
#12361=ORIENTED_EDGE('',*,*,#8986,.T.);
#12362=ORIENTED_EDGE('',*,*,#8987,.F.);
#12363=ORIENTED_EDGE('',*,*,#8657,.F.);
#12364=ORIENTED_EDGE('',*,*,#8988,.T.);
#12365=ORIENTED_EDGE('',*,*,#8989,.T.);
#12366=ORIENTED_EDGE('',*,*,#8985,.F.);
#12367=ORIENTED_EDGE('',*,*,#8656,.F.);
#12368=ORIENTED_EDGE('',*,*,#8990,.T.);
#12369=ORIENTED_EDGE('',*,*,#8991,.T.);
#12370=ORIENTED_EDGE('',*,*,#8988,.F.);
#12371=ORIENTED_EDGE('',*,*,#8655,.F.);
#12372=ORIENTED_EDGE('',*,*,#8987,.T.);
#12373=ORIENTED_EDGE('',*,*,#8992,.T.);
#12374=ORIENTED_EDGE('',*,*,#8990,.F.);
#12375=ORIENTED_EDGE('',*,*,#8992,.F.);
#12376=ORIENTED_EDGE('',*,*,#8986,.F.);
#12377=ORIENTED_EDGE('',*,*,#8989,.F.);
#12378=ORIENTED_EDGE('',*,*,#8991,.F.);
#12379=ORIENTED_EDGE('',*,*,#8993,.F.);
#12380=ORIENTED_EDGE('',*,*,#8994,.F.);
#12381=ORIENTED_EDGE('',*,*,#8995,.F.);
#12382=ORIENTED_EDGE('',*,*,#8996,.F.);
#12383=ORIENTED_EDGE('',*,*,#8650,.F.);
#12384=ORIENTED_EDGE('',*,*,#8997,.T.);
#12385=ORIENTED_EDGE('',*,*,#8998,.T.);
#12386=ORIENTED_EDGE('',*,*,#8999,.F.);
#12387=ORIENTED_EDGE('',*,*,#8653,.F.);
#12388=ORIENTED_EDGE('',*,*,#9000,.T.);
#12389=ORIENTED_EDGE('',*,*,#9001,.T.);
#12390=ORIENTED_EDGE('',*,*,#8997,.F.);
#12391=ORIENTED_EDGE('',*,*,#8652,.F.);
#12392=ORIENTED_EDGE('',*,*,#9002,.T.);
#12393=ORIENTED_EDGE('',*,*,#9003,.T.);
#12394=ORIENTED_EDGE('',*,*,#9000,.F.);
#12395=ORIENTED_EDGE('',*,*,#8651,.F.);
#12396=ORIENTED_EDGE('',*,*,#8999,.T.);
#12397=ORIENTED_EDGE('',*,*,#9004,.T.);
#12398=ORIENTED_EDGE('',*,*,#9002,.F.);
#12399=ORIENTED_EDGE('',*,*,#9004,.F.);
#12400=ORIENTED_EDGE('',*,*,#8998,.F.);
#12401=ORIENTED_EDGE('',*,*,#9001,.F.);
#12402=ORIENTED_EDGE('',*,*,#9003,.F.);
#12403=ORIENTED_EDGE('',*,*,#9005,.F.);
#12404=ORIENTED_EDGE('',*,*,#9006,.F.);
#12405=ORIENTED_EDGE('',*,*,#9007,.F.);
#12406=ORIENTED_EDGE('',*,*,#9008,.F.);
#12407=ORIENTED_EDGE('',*,*,#8646,.F.);
#12408=ORIENTED_EDGE('',*,*,#9009,.T.);
#12409=ORIENTED_EDGE('',*,*,#9010,.T.);
#12410=ORIENTED_EDGE('',*,*,#9011,.F.);
#12411=ORIENTED_EDGE('',*,*,#8649,.F.);
#12412=ORIENTED_EDGE('',*,*,#9012,.T.);
#12413=ORIENTED_EDGE('',*,*,#9013,.T.);
#12414=ORIENTED_EDGE('',*,*,#9009,.F.);
#12415=ORIENTED_EDGE('',*,*,#8648,.F.);
#12416=ORIENTED_EDGE('',*,*,#9014,.T.);
#12417=ORIENTED_EDGE('',*,*,#9015,.T.);
#12418=ORIENTED_EDGE('',*,*,#9012,.F.);
#12419=ORIENTED_EDGE('',*,*,#8647,.F.);
#12420=ORIENTED_EDGE('',*,*,#9011,.T.);
#12421=ORIENTED_EDGE('',*,*,#9016,.T.);
#12422=ORIENTED_EDGE('',*,*,#9014,.F.);
#12423=ORIENTED_EDGE('',*,*,#9016,.F.);
#12424=ORIENTED_EDGE('',*,*,#9010,.F.);
#12425=ORIENTED_EDGE('',*,*,#9013,.F.);
#12426=ORIENTED_EDGE('',*,*,#9015,.F.);
#12427=ORIENTED_EDGE('',*,*,#9017,.F.);
#12428=ORIENTED_EDGE('',*,*,#9018,.F.);
#12429=ORIENTED_EDGE('',*,*,#9019,.F.);
#12430=ORIENTED_EDGE('',*,*,#9020,.F.);
#12431=ORIENTED_EDGE('',*,*,#8642,.F.);
#12432=ORIENTED_EDGE('',*,*,#9021,.T.);
#12433=ORIENTED_EDGE('',*,*,#9022,.T.);
#12434=ORIENTED_EDGE('',*,*,#9023,.F.);
#12435=ORIENTED_EDGE('',*,*,#8645,.F.);
#12436=ORIENTED_EDGE('',*,*,#9024,.T.);
#12437=ORIENTED_EDGE('',*,*,#9025,.T.);
#12438=ORIENTED_EDGE('',*,*,#9021,.F.);
#12439=ORIENTED_EDGE('',*,*,#8644,.F.);
#12440=ORIENTED_EDGE('',*,*,#9026,.T.);
#12441=ORIENTED_EDGE('',*,*,#9027,.T.);
#12442=ORIENTED_EDGE('',*,*,#9024,.F.);
#12443=ORIENTED_EDGE('',*,*,#8643,.F.);
#12444=ORIENTED_EDGE('',*,*,#9023,.T.);
#12445=ORIENTED_EDGE('',*,*,#9028,.T.);
#12446=ORIENTED_EDGE('',*,*,#9026,.F.);
#12447=ORIENTED_EDGE('',*,*,#9028,.F.);
#12448=ORIENTED_EDGE('',*,*,#9022,.F.);
#12449=ORIENTED_EDGE('',*,*,#9025,.F.);
#12450=ORIENTED_EDGE('',*,*,#9027,.F.);
#12451=ORIENTED_EDGE('',*,*,#9029,.F.);
#12452=ORIENTED_EDGE('',*,*,#9030,.F.);
#12453=ORIENTED_EDGE('',*,*,#9031,.F.);
#12454=ORIENTED_EDGE('',*,*,#9032,.F.);
#12455=ORIENTED_EDGE('',*,*,#8638,.F.);
#12456=ORIENTED_EDGE('',*,*,#9033,.T.);
#12457=ORIENTED_EDGE('',*,*,#9034,.T.);
#12458=ORIENTED_EDGE('',*,*,#9035,.F.);
#12459=ORIENTED_EDGE('',*,*,#8641,.F.);
#12460=ORIENTED_EDGE('',*,*,#9036,.T.);
#12461=ORIENTED_EDGE('',*,*,#9037,.T.);
#12462=ORIENTED_EDGE('',*,*,#9033,.F.);
#12463=ORIENTED_EDGE('',*,*,#8640,.F.);
#12464=ORIENTED_EDGE('',*,*,#9038,.T.);
#12465=ORIENTED_EDGE('',*,*,#9039,.T.);
#12466=ORIENTED_EDGE('',*,*,#9036,.F.);
#12467=ORIENTED_EDGE('',*,*,#8639,.F.);
#12468=ORIENTED_EDGE('',*,*,#9035,.T.);
#12469=ORIENTED_EDGE('',*,*,#9040,.T.);
#12470=ORIENTED_EDGE('',*,*,#9038,.F.);
#12471=ORIENTED_EDGE('',*,*,#9040,.F.);
#12472=ORIENTED_EDGE('',*,*,#9034,.F.);
#12473=ORIENTED_EDGE('',*,*,#9037,.F.);
#12474=ORIENTED_EDGE('',*,*,#9039,.F.);
#12475=ORIENTED_EDGE('',*,*,#9041,.F.);
#12476=ORIENTED_EDGE('',*,*,#9042,.F.);
#12477=ORIENTED_EDGE('',*,*,#9043,.F.);
#12478=ORIENTED_EDGE('',*,*,#9044,.F.);
#12479=ORIENTED_EDGE('',*,*,#8634,.F.);
#12480=ORIENTED_EDGE('',*,*,#9045,.T.);
#12481=ORIENTED_EDGE('',*,*,#9046,.T.);
#12482=ORIENTED_EDGE('',*,*,#9047,.F.);
#12483=ORIENTED_EDGE('',*,*,#8637,.F.);
#12484=ORIENTED_EDGE('',*,*,#9048,.T.);
#12485=ORIENTED_EDGE('',*,*,#9049,.T.);
#12486=ORIENTED_EDGE('',*,*,#9045,.F.);
#12487=ORIENTED_EDGE('',*,*,#8636,.F.);
#12488=ORIENTED_EDGE('',*,*,#9050,.T.);
#12489=ORIENTED_EDGE('',*,*,#9051,.T.);
#12490=ORIENTED_EDGE('',*,*,#9048,.F.);
#12491=ORIENTED_EDGE('',*,*,#8635,.F.);
#12492=ORIENTED_EDGE('',*,*,#9047,.T.);
#12493=ORIENTED_EDGE('',*,*,#9052,.T.);
#12494=ORIENTED_EDGE('',*,*,#9050,.F.);
#12495=ORIENTED_EDGE('',*,*,#9052,.F.);
#12496=ORIENTED_EDGE('',*,*,#9046,.F.);
#12497=ORIENTED_EDGE('',*,*,#9049,.F.);
#12498=ORIENTED_EDGE('',*,*,#9051,.F.);
#12499=ORIENTED_EDGE('',*,*,#9053,.F.);
#12500=ORIENTED_EDGE('',*,*,#9054,.F.);
#12501=ORIENTED_EDGE('',*,*,#9055,.F.);
#12502=ORIENTED_EDGE('',*,*,#9056,.F.);
#12503=ORIENTED_EDGE('',*,*,#8630,.F.);
#12504=ORIENTED_EDGE('',*,*,#9057,.T.);
#12505=ORIENTED_EDGE('',*,*,#9058,.T.);
#12506=ORIENTED_EDGE('',*,*,#9059,.F.);
#12507=ORIENTED_EDGE('',*,*,#8633,.F.);
#12508=ORIENTED_EDGE('',*,*,#9060,.T.);
#12509=ORIENTED_EDGE('',*,*,#9061,.T.);
#12510=ORIENTED_EDGE('',*,*,#9057,.F.);
#12511=ORIENTED_EDGE('',*,*,#8632,.F.);
#12512=ORIENTED_EDGE('',*,*,#9062,.T.);
#12513=ORIENTED_EDGE('',*,*,#9063,.T.);
#12514=ORIENTED_EDGE('',*,*,#9060,.F.);
#12515=ORIENTED_EDGE('',*,*,#8631,.F.);
#12516=ORIENTED_EDGE('',*,*,#9059,.T.);
#12517=ORIENTED_EDGE('',*,*,#9064,.T.);
#12518=ORIENTED_EDGE('',*,*,#9062,.F.);
#12519=ORIENTED_EDGE('',*,*,#9064,.F.);
#12520=ORIENTED_EDGE('',*,*,#9058,.F.);
#12521=ORIENTED_EDGE('',*,*,#9061,.F.);
#12522=ORIENTED_EDGE('',*,*,#9063,.F.);
#12523=ORIENTED_EDGE('',*,*,#9065,.F.);
#12524=ORIENTED_EDGE('',*,*,#9066,.F.);
#12525=ORIENTED_EDGE('',*,*,#9067,.F.);
#12526=ORIENTED_EDGE('',*,*,#9068,.F.);
#12527=ORIENTED_EDGE('',*,*,#8911,.T.);
#12528=ORIENTED_EDGE('',*,*,#9069,.T.);
#12529=ORIENTED_EDGE('',*,*,#9070,.F.);
#12530=ORIENTED_EDGE('',*,*,#9071,.F.);
#12531=ORIENTED_EDGE('',*,*,#8910,.T.);
#12532=ORIENTED_EDGE('',*,*,#9072,.T.);
#12533=ORIENTED_EDGE('',*,*,#9073,.F.);
#12534=ORIENTED_EDGE('',*,*,#9069,.F.);
#12535=ORIENTED_EDGE('',*,*,#8923,.T.);
#12536=ORIENTED_EDGE('',*,*,#9074,.T.);
#12537=ORIENTED_EDGE('',*,*,#9075,.F.);
#12538=ORIENTED_EDGE('',*,*,#9076,.F.);
#12539=ORIENTED_EDGE('',*,*,#8922,.T.);
#12540=ORIENTED_EDGE('',*,*,#9077,.T.);
#12541=ORIENTED_EDGE('',*,*,#9078,.F.);
#12542=ORIENTED_EDGE('',*,*,#9074,.F.);
#12543=ORIENTED_EDGE('',*,*,#8935,.T.);
#12544=ORIENTED_EDGE('',*,*,#9079,.T.);
#12545=ORIENTED_EDGE('',*,*,#9080,.F.);
#12546=ORIENTED_EDGE('',*,*,#9081,.F.);
#12547=ORIENTED_EDGE('',*,*,#8934,.T.);
#12548=ORIENTED_EDGE('',*,*,#9082,.T.);
#12549=ORIENTED_EDGE('',*,*,#9083,.F.);
#12550=ORIENTED_EDGE('',*,*,#9079,.F.);
#12551=ORIENTED_EDGE('',*,*,#8947,.T.);
#12552=ORIENTED_EDGE('',*,*,#9084,.T.);
#12553=ORIENTED_EDGE('',*,*,#9085,.F.);
#12554=ORIENTED_EDGE('',*,*,#9086,.F.);
#12555=ORIENTED_EDGE('',*,*,#8946,.T.);
#12556=ORIENTED_EDGE('',*,*,#9087,.T.);
#12557=ORIENTED_EDGE('',*,*,#9088,.F.);
#12558=ORIENTED_EDGE('',*,*,#9084,.F.);
#12559=ORIENTED_EDGE('',*,*,#8959,.T.);
#12560=ORIENTED_EDGE('',*,*,#9089,.T.);
#12561=ORIENTED_EDGE('',*,*,#9090,.F.);
#12562=ORIENTED_EDGE('',*,*,#9091,.F.);
#12563=ORIENTED_EDGE('',*,*,#8958,.T.);
#12564=ORIENTED_EDGE('',*,*,#9092,.T.);
#12565=ORIENTED_EDGE('',*,*,#9093,.F.);
#12566=ORIENTED_EDGE('',*,*,#9089,.F.);
#12567=ORIENTED_EDGE('',*,*,#8971,.T.);
#12568=ORIENTED_EDGE('',*,*,#9094,.T.);
#12569=ORIENTED_EDGE('',*,*,#9095,.F.);
#12570=ORIENTED_EDGE('',*,*,#9096,.F.);
#12571=ORIENTED_EDGE('',*,*,#8970,.T.);
#12572=ORIENTED_EDGE('',*,*,#9097,.T.);
#12573=ORIENTED_EDGE('',*,*,#9098,.F.);
#12574=ORIENTED_EDGE('',*,*,#9094,.F.);
#12575=ORIENTED_EDGE('',*,*,#8983,.T.);
#12576=ORIENTED_EDGE('',*,*,#9099,.T.);
#12577=ORIENTED_EDGE('',*,*,#9100,.F.);
#12578=ORIENTED_EDGE('',*,*,#9101,.F.);
#12579=ORIENTED_EDGE('',*,*,#8982,.T.);
#12580=ORIENTED_EDGE('',*,*,#9102,.T.);
#12581=ORIENTED_EDGE('',*,*,#9103,.F.);
#12582=ORIENTED_EDGE('',*,*,#9099,.F.);
#12583=ORIENTED_EDGE('',*,*,#8995,.T.);
#12584=ORIENTED_EDGE('',*,*,#9104,.T.);
#12585=ORIENTED_EDGE('',*,*,#9105,.F.);
#12586=ORIENTED_EDGE('',*,*,#9106,.F.);
#12587=ORIENTED_EDGE('',*,*,#8994,.T.);
#12588=ORIENTED_EDGE('',*,*,#9107,.T.);
#12589=ORIENTED_EDGE('',*,*,#9108,.F.);
#12590=ORIENTED_EDGE('',*,*,#9104,.F.);
#12591=ORIENTED_EDGE('',*,*,#9007,.T.);
#12592=ORIENTED_EDGE('',*,*,#9109,.T.);
#12593=ORIENTED_EDGE('',*,*,#9110,.F.);
#12594=ORIENTED_EDGE('',*,*,#9111,.F.);
#12595=ORIENTED_EDGE('',*,*,#9006,.T.);
#12596=ORIENTED_EDGE('',*,*,#9112,.T.);
#12597=ORIENTED_EDGE('',*,*,#9113,.F.);
#12598=ORIENTED_EDGE('',*,*,#9109,.F.);
#12599=ORIENTED_EDGE('',*,*,#9019,.T.);
#12600=ORIENTED_EDGE('',*,*,#9114,.T.);
#12601=ORIENTED_EDGE('',*,*,#9115,.F.);
#12602=ORIENTED_EDGE('',*,*,#9116,.F.);
#12603=ORIENTED_EDGE('',*,*,#9018,.T.);
#12604=ORIENTED_EDGE('',*,*,#9117,.T.);
#12605=ORIENTED_EDGE('',*,*,#9118,.F.);
#12606=ORIENTED_EDGE('',*,*,#9114,.F.);
#12607=ORIENTED_EDGE('',*,*,#9031,.T.);
#12608=ORIENTED_EDGE('',*,*,#9119,.T.);
#12609=ORIENTED_EDGE('',*,*,#9120,.F.);
#12610=ORIENTED_EDGE('',*,*,#9121,.F.);
#12611=ORIENTED_EDGE('',*,*,#9030,.T.);
#12612=ORIENTED_EDGE('',*,*,#9122,.T.);
#12613=ORIENTED_EDGE('',*,*,#9123,.F.);
#12614=ORIENTED_EDGE('',*,*,#9119,.F.);
#12615=ORIENTED_EDGE('',*,*,#9043,.T.);
#12616=ORIENTED_EDGE('',*,*,#9124,.T.);
#12617=ORIENTED_EDGE('',*,*,#9125,.F.);
#12618=ORIENTED_EDGE('',*,*,#9126,.F.);
#12619=ORIENTED_EDGE('',*,*,#9042,.T.);
#12620=ORIENTED_EDGE('',*,*,#9127,.T.);
#12621=ORIENTED_EDGE('',*,*,#9128,.F.);
#12622=ORIENTED_EDGE('',*,*,#9124,.F.);
#12623=ORIENTED_EDGE('',*,*,#9055,.T.);
#12624=ORIENTED_EDGE('',*,*,#9129,.T.);
#12625=ORIENTED_EDGE('',*,*,#9130,.F.);
#12626=ORIENTED_EDGE('',*,*,#9131,.F.);
#12627=ORIENTED_EDGE('',*,*,#9054,.T.);
#12628=ORIENTED_EDGE('',*,*,#9132,.T.);
#12629=ORIENTED_EDGE('',*,*,#9133,.F.);
#12630=ORIENTED_EDGE('',*,*,#9129,.F.);
#12631=ORIENTED_EDGE('',*,*,#9067,.T.);
#12632=ORIENTED_EDGE('',*,*,#9134,.T.);
#12633=ORIENTED_EDGE('',*,*,#9135,.F.);
#12634=ORIENTED_EDGE('',*,*,#9136,.F.);
#12635=ORIENTED_EDGE('',*,*,#9066,.T.);
#12636=ORIENTED_EDGE('',*,*,#9137,.T.);
#12637=ORIENTED_EDGE('',*,*,#9138,.F.);
#12638=ORIENTED_EDGE('',*,*,#9134,.F.);
#12639=ORIENTED_EDGE('',*,*,#8626,.F.);
#12640=ORIENTED_EDGE('',*,*,#9139,.T.);
#12641=ORIENTED_EDGE('',*,*,#9140,.T.);
#12642=ORIENTED_EDGE('',*,*,#9141,.F.);
#12643=ORIENTED_EDGE('',*,*,#8629,.F.);
#12644=ORIENTED_EDGE('',*,*,#9142,.T.);
#12645=ORIENTED_EDGE('',*,*,#9143,.T.);
#12646=ORIENTED_EDGE('',*,*,#9139,.F.);
#12647=ORIENTED_EDGE('',*,*,#8628,.F.);
#12648=ORIENTED_EDGE('',*,*,#9144,.T.);
#12649=ORIENTED_EDGE('',*,*,#9145,.T.);
#12650=ORIENTED_EDGE('',*,*,#9142,.F.);
#12651=ORIENTED_EDGE('',*,*,#8627,.F.);
#12652=ORIENTED_EDGE('',*,*,#9141,.T.);
#12653=ORIENTED_EDGE('',*,*,#9146,.T.);
#12654=ORIENTED_EDGE('',*,*,#9144,.F.);
#12655=ORIENTED_EDGE('',*,*,#9146,.F.);
#12656=ORIENTED_EDGE('',*,*,#9140,.F.);
#12657=ORIENTED_EDGE('',*,*,#9143,.F.);
#12658=ORIENTED_EDGE('',*,*,#9145,.F.);
#12659=ORIENTED_EDGE('',*,*,#9147,.F.);
#12660=ORIENTED_EDGE('',*,*,#9148,.F.);
#12661=ORIENTED_EDGE('',*,*,#9149,.F.);
#12662=ORIENTED_EDGE('',*,*,#9150,.F.);
#12663=ORIENTED_EDGE('',*,*,#8622,.F.);
#12664=ORIENTED_EDGE('',*,*,#9151,.T.);
#12665=ORIENTED_EDGE('',*,*,#9152,.T.);
#12666=ORIENTED_EDGE('',*,*,#9153,.F.);
#12667=ORIENTED_EDGE('',*,*,#8625,.F.);
#12668=ORIENTED_EDGE('',*,*,#9154,.T.);
#12669=ORIENTED_EDGE('',*,*,#9155,.T.);
#12670=ORIENTED_EDGE('',*,*,#9151,.F.);
#12671=ORIENTED_EDGE('',*,*,#8624,.F.);
#12672=ORIENTED_EDGE('',*,*,#9156,.T.);
#12673=ORIENTED_EDGE('',*,*,#9157,.T.);
#12674=ORIENTED_EDGE('',*,*,#9154,.F.);
#12675=ORIENTED_EDGE('',*,*,#8623,.F.);
#12676=ORIENTED_EDGE('',*,*,#9153,.T.);
#12677=ORIENTED_EDGE('',*,*,#9158,.T.);
#12678=ORIENTED_EDGE('',*,*,#9156,.F.);
#12679=ORIENTED_EDGE('',*,*,#9158,.F.);
#12680=ORIENTED_EDGE('',*,*,#9152,.F.);
#12681=ORIENTED_EDGE('',*,*,#9155,.F.);
#12682=ORIENTED_EDGE('',*,*,#9157,.F.);
#12683=ORIENTED_EDGE('',*,*,#9159,.F.);
#12684=ORIENTED_EDGE('',*,*,#9160,.F.);
#12685=ORIENTED_EDGE('',*,*,#9161,.F.);
#12686=ORIENTED_EDGE('',*,*,#9162,.F.);
#12687=ORIENTED_EDGE('',*,*,#8618,.F.);
#12688=ORIENTED_EDGE('',*,*,#9163,.T.);
#12689=ORIENTED_EDGE('',*,*,#9164,.T.);
#12690=ORIENTED_EDGE('',*,*,#9165,.F.);
#12691=ORIENTED_EDGE('',*,*,#8621,.F.);
#12692=ORIENTED_EDGE('',*,*,#9166,.T.);
#12693=ORIENTED_EDGE('',*,*,#9167,.T.);
#12694=ORIENTED_EDGE('',*,*,#9163,.F.);
#12695=ORIENTED_EDGE('',*,*,#8620,.F.);
#12696=ORIENTED_EDGE('',*,*,#9168,.T.);
#12697=ORIENTED_EDGE('',*,*,#9169,.T.);
#12698=ORIENTED_EDGE('',*,*,#9166,.F.);
#12699=ORIENTED_EDGE('',*,*,#8619,.F.);
#12700=ORIENTED_EDGE('',*,*,#9165,.T.);
#12701=ORIENTED_EDGE('',*,*,#9170,.T.);
#12702=ORIENTED_EDGE('',*,*,#9168,.F.);
#12703=ORIENTED_EDGE('',*,*,#9170,.F.);
#12704=ORIENTED_EDGE('',*,*,#9164,.F.);
#12705=ORIENTED_EDGE('',*,*,#9167,.F.);
#12706=ORIENTED_EDGE('',*,*,#9169,.F.);
#12707=ORIENTED_EDGE('',*,*,#9171,.F.);
#12708=ORIENTED_EDGE('',*,*,#9172,.F.);
#12709=ORIENTED_EDGE('',*,*,#9173,.F.);
#12710=ORIENTED_EDGE('',*,*,#9174,.F.);
#12711=ORIENTED_EDGE('',*,*,#9149,.T.);
#12712=ORIENTED_EDGE('',*,*,#9175,.T.);
#12713=ORIENTED_EDGE('',*,*,#9176,.F.);
#12714=ORIENTED_EDGE('',*,*,#9177,.F.);
#12715=ORIENTED_EDGE('',*,*,#9148,.T.);
#12716=ORIENTED_EDGE('',*,*,#9178,.T.);
#12717=ORIENTED_EDGE('',*,*,#9179,.F.);
#12718=ORIENTED_EDGE('',*,*,#9175,.F.);
#12719=ORIENTED_EDGE('',*,*,#9161,.T.);
#12720=ORIENTED_EDGE('',*,*,#9180,.T.);
#12721=ORIENTED_EDGE('',*,*,#9181,.F.);
#12722=ORIENTED_EDGE('',*,*,#9182,.F.);
#12723=ORIENTED_EDGE('',*,*,#9160,.T.);
#12724=ORIENTED_EDGE('',*,*,#9183,.T.);
#12725=ORIENTED_EDGE('',*,*,#9184,.F.);
#12726=ORIENTED_EDGE('',*,*,#9180,.F.);
#12727=ORIENTED_EDGE('',*,*,#9173,.T.);
#12728=ORIENTED_EDGE('',*,*,#9185,.T.);
#12729=ORIENTED_EDGE('',*,*,#9186,.F.);
#12730=ORIENTED_EDGE('',*,*,#9187,.F.);
#12731=ORIENTED_EDGE('',*,*,#9172,.T.);
#12732=ORIENTED_EDGE('',*,*,#9188,.T.);
#12733=ORIENTED_EDGE('',*,*,#9189,.F.);
#12734=ORIENTED_EDGE('',*,*,#9185,.F.);
#12735=ORIENTED_EDGE('',*,*,#9190,.T.);
#12736=ORIENTED_EDGE('',*,*,#9191,.T.);
#12737=ORIENTED_EDGE('',*,*,#9192,.T.);
#12738=ORIENTED_EDGE('',*,*,#8610,.F.);
#12739=ORIENTED_EDGE('',*,*,#8757,.T.);
#12740=ORIENTED_EDGE('',*,*,#9193,.T.);
#12741=ORIENTED_EDGE('',*,*,#9190,.F.);
#12742=ORIENTED_EDGE('',*,*,#8609,.F.);
#12743=ORIENTED_EDGE('',*,*,#9194,.T.);
#12744=ORIENTED_EDGE('',*,*,#9195,.T.);
#12745=ORIENTED_EDGE('',*,*,#8758,.F.);
#12746=ORIENTED_EDGE('',*,*,#8599,.F.);
#12747=ORIENTED_EDGE('',*,*,#9196,.T.);
#12748=ORIENTED_EDGE('',*,*,#9197,.T.);
#12749=ORIENTED_EDGE('',*,*,#9194,.F.);
#12750=ORIENTED_EDGE('',*,*,#8598,.F.);
#12751=ORIENTED_EDGE('',*,*,#8742,.T.);
#12752=ORIENTED_EDGE('',*,*,#9198,.T.);
#12753=ORIENTED_EDGE('',*,*,#9196,.F.);
#12754=ORIENTED_EDGE('',*,*,#8597,.F.);
#12755=ORIENTED_EDGE('',*,*,#8585,.T.);
#12756=ORIENTED_EDGE('',*,*,#8613,.F.);
#12757=ORIENTED_EDGE('',*,*,#8594,.T.);
#12758=ORIENTED_EDGE('',*,*,#9199,.T.);
#12759=ORIENTED_EDGE('',*,*,#9192,.F.);
#12760=ORIENTED_EDGE('',*,*,#9200,.T.);
#12761=ORIENTED_EDGE('',*,*,#8739,.F.);
#12762=ORIENTED_EDGE('',*,*,#8611,.F.);
#12763=ORIENTED_EDGE('',*,*,#8841,.T.);
#12764=ORIENTED_EDGE('',*,*,#9201,.T.);
#12765=ORIENTED_EDGE('',*,*,#9202,.F.);
#12766=ORIENTED_EDGE('',*,*,#8872,.F.);
#12767=ORIENTED_EDGE('',*,*,#8844,.T.);
#12768=ORIENTED_EDGE('',*,*,#8871,.T.);
#12769=ORIENTED_EDGE('',*,*,#9203,.F.);
#12770=ORIENTED_EDGE('',*,*,#9201,.F.);
#12771=ORIENTED_EDGE('',*,*,#9053,.T.);
#12772=ORIENTED_EDGE('',*,*,#9204,.T.);
#12773=ORIENTED_EDGE('',*,*,#9205,.F.);
#12774=ORIENTED_EDGE('',*,*,#9132,.F.);
#12775=ORIENTED_EDGE('',*,*,#9056,.T.);
#12776=ORIENTED_EDGE('',*,*,#9131,.T.);
#12777=ORIENTED_EDGE('',*,*,#9206,.F.);
#12778=ORIENTED_EDGE('',*,*,#9204,.F.);
#12779=ORIENTED_EDGE('',*,*,#9207,.F.);
#12780=ORIENTED_EDGE('',*,*,#9208,.T.);
#12781=ORIENTED_EDGE('',*,*,#8614,.T.);
#12782=ORIENTED_EDGE('',*,*,#9208,.F.);
#12783=ORIENTED_EDGE('',*,*,#8853,.T.);
#12784=ORIENTED_EDGE('',*,*,#9209,.T.);
#12785=ORIENTED_EDGE('',*,*,#9210,.F.);
#12786=ORIENTED_EDGE('',*,*,#8877,.F.);
#12787=ORIENTED_EDGE('',*,*,#8856,.T.);
#12788=ORIENTED_EDGE('',*,*,#8876,.T.);
#12789=ORIENTED_EDGE('',*,*,#9211,.F.);
#12790=ORIENTED_EDGE('',*,*,#9209,.F.);
#12791=ORIENTED_EDGE('',*,*,#9005,.T.);
#12792=ORIENTED_EDGE('',*,*,#9212,.T.);
#12793=ORIENTED_EDGE('',*,*,#9213,.F.);
#12794=ORIENTED_EDGE('',*,*,#9112,.F.);
#12795=ORIENTED_EDGE('',*,*,#9008,.T.);
#12796=ORIENTED_EDGE('',*,*,#9111,.T.);
#12797=ORIENTED_EDGE('',*,*,#9214,.F.);
#12798=ORIENTED_EDGE('',*,*,#9212,.F.);
#12799=ORIENTED_EDGE('',*,*,#8921,.T.);
#12800=ORIENTED_EDGE('',*,*,#9215,.T.);
#12801=ORIENTED_EDGE('',*,*,#9216,.F.);
#12802=ORIENTED_EDGE('',*,*,#9077,.F.);
#12803=ORIENTED_EDGE('',*,*,#8924,.T.);
#12804=ORIENTED_EDGE('',*,*,#9076,.T.);
#12805=ORIENTED_EDGE('',*,*,#9217,.F.);
#12806=ORIENTED_EDGE('',*,*,#9215,.F.);
#12807=ORIENTED_EDGE('',*,*,#9218,.F.);
#12808=ORIENTED_EDGE('',*,*,#9219,.T.);
#12809=ORIENTED_EDGE('',*,*,#8615,.T.);
#12810=ORIENTED_EDGE('',*,*,#9219,.F.);
#12811=ORIENTED_EDGE('',*,*,#9220,.F.);
#12812=ORIENTED_EDGE('',*,*,#9221,.T.);
#12813=ORIENTED_EDGE('',*,*,#8616,.T.);
#12814=ORIENTED_EDGE('',*,*,#9221,.F.);
#12815=ORIENTED_EDGE('',*,*,#8969,.T.);
#12816=ORIENTED_EDGE('',*,*,#9222,.T.);
#12817=ORIENTED_EDGE('',*,*,#9223,.F.);
#12818=ORIENTED_EDGE('',*,*,#9097,.F.);
#12819=ORIENTED_EDGE('',*,*,#8972,.T.);
#12820=ORIENTED_EDGE('',*,*,#9096,.T.);
#12821=ORIENTED_EDGE('',*,*,#9224,.F.);
#12822=ORIENTED_EDGE('',*,*,#9222,.F.);
#12823=ORIENTED_EDGE('',*,*,#8933,.T.);
#12824=ORIENTED_EDGE('',*,*,#9225,.T.);
#12825=ORIENTED_EDGE('',*,*,#9226,.F.);
#12826=ORIENTED_EDGE('',*,*,#9082,.F.);
#12827=ORIENTED_EDGE('',*,*,#8936,.T.);
#12828=ORIENTED_EDGE('',*,*,#9081,.T.);
#12829=ORIENTED_EDGE('',*,*,#9227,.F.);
#12830=ORIENTED_EDGE('',*,*,#9225,.F.);
#12831=ORIENTED_EDGE('',*,*,#8981,.T.);
#12832=ORIENTED_EDGE('',*,*,#9228,.T.);
#12833=ORIENTED_EDGE('',*,*,#9229,.F.);
#12834=ORIENTED_EDGE('',*,*,#9102,.F.);
#12835=ORIENTED_EDGE('',*,*,#8984,.T.);
#12836=ORIENTED_EDGE('',*,*,#9101,.T.);
#12837=ORIENTED_EDGE('',*,*,#9230,.F.);
#12838=ORIENTED_EDGE('',*,*,#9228,.F.);
#12839=ORIENTED_EDGE('',*,*,#8909,.T.);
#12840=ORIENTED_EDGE('',*,*,#9231,.T.);
#12841=ORIENTED_EDGE('',*,*,#9232,.F.);
#12842=ORIENTED_EDGE('',*,*,#9072,.F.);
#12843=ORIENTED_EDGE('',*,*,#8912,.T.);
#12844=ORIENTED_EDGE('',*,*,#9071,.T.);
#12845=ORIENTED_EDGE('',*,*,#9233,.F.);
#12846=ORIENTED_EDGE('',*,*,#9231,.F.);
#12847=ORIENTED_EDGE('',*,*,#9234,.F.);
#12848=ORIENTED_EDGE('',*,*,#9235,.T.);
#12849=ORIENTED_EDGE('',*,*,#8617,.T.);
#12850=ORIENTED_EDGE('',*,*,#9235,.F.);
#12851=ORIENTED_EDGE('',*,*,#9159,.T.);
#12852=ORIENTED_EDGE('',*,*,#9236,.T.);
#12853=ORIENTED_EDGE('',*,*,#9237,.F.);
#12854=ORIENTED_EDGE('',*,*,#9183,.F.);
#12855=ORIENTED_EDGE('',*,*,#9162,.T.);
#12856=ORIENTED_EDGE('',*,*,#9182,.T.);
#12857=ORIENTED_EDGE('',*,*,#9238,.F.);
#12858=ORIENTED_EDGE('',*,*,#9236,.F.);
#12859=ORIENTED_EDGE('',*,*,#8957,.T.);
#12860=ORIENTED_EDGE('',*,*,#9239,.T.);
#12861=ORIENTED_EDGE('',*,*,#9240,.F.);
#12862=ORIENTED_EDGE('',*,*,#9092,.F.);
#12863=ORIENTED_EDGE('',*,*,#8960,.T.);
#12864=ORIENTED_EDGE('',*,*,#9091,.T.);
#12865=ORIENTED_EDGE('',*,*,#9241,.F.);
#12866=ORIENTED_EDGE('',*,*,#9239,.F.);
#12867=ORIENTED_EDGE('',*,*,#9029,.T.);
#12868=ORIENTED_EDGE('',*,*,#9242,.T.);
#12869=ORIENTED_EDGE('',*,*,#9243,.F.);
#12870=ORIENTED_EDGE('',*,*,#9122,.F.);
#12871=ORIENTED_EDGE('',*,*,#9032,.T.);
#12872=ORIENTED_EDGE('',*,*,#9121,.T.);
#12873=ORIENTED_EDGE('',*,*,#9244,.F.);
#12874=ORIENTED_EDGE('',*,*,#9242,.F.);
#12875=ORIENTED_EDGE('',*,*,#8892,.T.);
#12876=ORIENTED_EDGE('',*,*,#9245,.T.);
#12877=ORIENTED_EDGE('',*,*,#9246,.F.);
#12878=ORIENTED_EDGE('',*,*,#8899,.F.);
#12879=ORIENTED_EDGE('',*,*,#8895,.T.);
#12880=ORIENTED_EDGE('',*,*,#8898,.T.);
#12881=ORIENTED_EDGE('',*,*,#9247,.F.);
#12882=ORIENTED_EDGE('',*,*,#9245,.F.);
#12883=ORIENTED_EDGE('',*,*,#8865,.T.);
#12884=ORIENTED_EDGE('',*,*,#9248,.T.);
#12885=ORIENTED_EDGE('',*,*,#9249,.F.);
#12886=ORIENTED_EDGE('',*,*,#8882,.F.);
#12887=ORIENTED_EDGE('',*,*,#8868,.T.);
#12888=ORIENTED_EDGE('',*,*,#8881,.T.);
#12889=ORIENTED_EDGE('',*,*,#9250,.F.);
#12890=ORIENTED_EDGE('',*,*,#9248,.F.);
#12891=ORIENTED_EDGE('',*,*,#9065,.T.);
#12892=ORIENTED_EDGE('',*,*,#9251,.T.);
#12893=ORIENTED_EDGE('',*,*,#9252,.F.);
#12894=ORIENTED_EDGE('',*,*,#9137,.F.);
#12895=ORIENTED_EDGE('',*,*,#9068,.T.);
#12896=ORIENTED_EDGE('',*,*,#9136,.T.);
#12897=ORIENTED_EDGE('',*,*,#9253,.F.);
#12898=ORIENTED_EDGE('',*,*,#9251,.F.);
#12899=ORIENTED_EDGE('',*,*,#9147,.T.);
#12900=ORIENTED_EDGE('',*,*,#9254,.T.);
#12901=ORIENTED_EDGE('',*,*,#9255,.F.);
#12902=ORIENTED_EDGE('',*,*,#9178,.F.);
#12903=ORIENTED_EDGE('',*,*,#9150,.T.);
#12904=ORIENTED_EDGE('',*,*,#9177,.T.);
#12905=ORIENTED_EDGE('',*,*,#9256,.F.);
#12906=ORIENTED_EDGE('',*,*,#9254,.F.);
#12907=ORIENTED_EDGE('',*,*,#8993,.T.);
#12908=ORIENTED_EDGE('',*,*,#9257,.T.);
#12909=ORIENTED_EDGE('',*,*,#9258,.F.);
#12910=ORIENTED_EDGE('',*,*,#9107,.F.);
#12911=ORIENTED_EDGE('',*,*,#8996,.T.);
#12912=ORIENTED_EDGE('',*,*,#9106,.T.);
#12913=ORIENTED_EDGE('',*,*,#9259,.F.);
#12914=ORIENTED_EDGE('',*,*,#9257,.F.);
#12915=ORIENTED_EDGE('',*,*,#9041,.T.);
#12916=ORIENTED_EDGE('',*,*,#9260,.T.);
#12917=ORIENTED_EDGE('',*,*,#9261,.F.);
#12918=ORIENTED_EDGE('',*,*,#9127,.F.);
#12919=ORIENTED_EDGE('',*,*,#9044,.T.);
#12920=ORIENTED_EDGE('',*,*,#9126,.T.);
#12921=ORIENTED_EDGE('',*,*,#9262,.F.);
#12922=ORIENTED_EDGE('',*,*,#9260,.F.);
#12923=ORIENTED_EDGE('',*,*,#9017,.T.);
#12924=ORIENTED_EDGE('',*,*,#9263,.T.);
#12925=ORIENTED_EDGE('',*,*,#9264,.F.);
#12926=ORIENTED_EDGE('',*,*,#9117,.F.);
#12927=ORIENTED_EDGE('',*,*,#9020,.T.);
#12928=ORIENTED_EDGE('',*,*,#9116,.T.);
#12929=ORIENTED_EDGE('',*,*,#9265,.F.);
#12930=ORIENTED_EDGE('',*,*,#9263,.F.);
#12931=ORIENTED_EDGE('',*,*,#8945,.T.);
#12932=ORIENTED_EDGE('',*,*,#9266,.T.);
#12933=ORIENTED_EDGE('',*,*,#9267,.F.);
#12934=ORIENTED_EDGE('',*,*,#9087,.F.);
#12935=ORIENTED_EDGE('',*,*,#8948,.T.);
#12936=ORIENTED_EDGE('',*,*,#9086,.T.);
#12937=ORIENTED_EDGE('',*,*,#9268,.F.);
#12938=ORIENTED_EDGE('',*,*,#9266,.F.);
#12939=ORIENTED_EDGE('',*,*,#9171,.T.);
#12940=ORIENTED_EDGE('',*,*,#9269,.T.);
#12941=ORIENTED_EDGE('',*,*,#9270,.F.);
#12942=ORIENTED_EDGE('',*,*,#9188,.F.);
#12943=ORIENTED_EDGE('',*,*,#9174,.T.);
#12944=ORIENTED_EDGE('',*,*,#9187,.T.);
#12945=ORIENTED_EDGE('',*,*,#9271,.F.);
#12946=ORIENTED_EDGE('',*,*,#9269,.F.);
#12947=ORIENTED_EDGE('',*,*,#8754,.T.);
#12948=ORIENTED_EDGE('',*,*,#9272,.F.);
#12949=ORIENTED_EDGE('',*,*,#9273,.F.);
#12950=ORIENTED_EDGE('',*,*,#9193,.F.);
#12951=ORIENTED_EDGE('',*,*,#9273,.T.);
#12952=ORIENTED_EDGE('',*,*,#9274,.F.);
#12953=ORIENTED_EDGE('',*,*,#9275,.F.);
#12954=ORIENTED_EDGE('',*,*,#9191,.F.);
#12955=ORIENTED_EDGE('',*,*,#9275,.T.);
#12956=ORIENTED_EDGE('',*,*,#9276,.F.);
#12957=ORIENTED_EDGE('',*,*,#9277,.F.);
#12958=ORIENTED_EDGE('',*,*,#9200,.F.);
#12959=ORIENTED_EDGE('',*,*,#8586,.T.);
#12960=ORIENTED_EDGE('',*,*,#9199,.F.);
#12961=ORIENTED_EDGE('',*,*,#8593,.T.);
#12962=ORIENTED_EDGE('',*,*,#8740,.F.);
#12963=ORIENTED_EDGE('',*,*,#9277,.T.);
#12964=ORIENTED_EDGE('',*,*,#9278,.F.);
#12965=ORIENTED_EDGE('',*,*,#9279,.F.);
#12966=ORIENTED_EDGE('',*,*,#8741,.F.);
#12967=ORIENTED_EDGE('',*,*,#9279,.T.);
#12968=ORIENTED_EDGE('',*,*,#9280,.F.);
#12969=ORIENTED_EDGE('',*,*,#9281,.F.);
#12970=ORIENTED_EDGE('',*,*,#9198,.F.);
#12971=ORIENTED_EDGE('',*,*,#9281,.T.);
#12972=ORIENTED_EDGE('',*,*,#9282,.F.);
#12973=ORIENTED_EDGE('',*,*,#9283,.F.);
#12974=ORIENTED_EDGE('',*,*,#9197,.F.);
#12975=ORIENTED_EDGE('',*,*,#9283,.T.);
#12976=ORIENTED_EDGE('',*,*,#9284,.F.);
#12977=ORIENTED_EDGE('',*,*,#8752,.T.);
#12978=ORIENTED_EDGE('',*,*,#9195,.F.);
#12979=ORIENTED_EDGE('',*,*,#9284,.T.);
#12980=ORIENTED_EDGE('',*,*,#9282,.T.);
#12981=ORIENTED_EDGE('',*,*,#9280,.T.);
#12982=ORIENTED_EDGE('',*,*,#9278,.T.);
#12983=ORIENTED_EDGE('',*,*,#9276,.T.);
#12984=ORIENTED_EDGE('',*,*,#9274,.T.);
#12985=ORIENTED_EDGE('',*,*,#9272,.T.);
#12986=ORIENTED_EDGE('',*,*,#8753,.T.);
#12987=ORIENTED_EDGE('',*,*,#9271,.T.);
#12988=ORIENTED_EDGE('',*,*,#9186,.T.);
#12989=ORIENTED_EDGE('',*,*,#9189,.T.);
#12990=ORIENTED_EDGE('',*,*,#9270,.T.);
#12991=ORIENTED_EDGE('',*,*,#9268,.T.);
#12992=ORIENTED_EDGE('',*,*,#9085,.T.);
#12993=ORIENTED_EDGE('',*,*,#9088,.T.);
#12994=ORIENTED_EDGE('',*,*,#9267,.T.);
#12995=ORIENTED_EDGE('',*,*,#9265,.T.);
#12996=ORIENTED_EDGE('',*,*,#9115,.T.);
#12997=ORIENTED_EDGE('',*,*,#9118,.T.);
#12998=ORIENTED_EDGE('',*,*,#9264,.T.);
#12999=ORIENTED_EDGE('',*,*,#9262,.T.);
#13000=ORIENTED_EDGE('',*,*,#9125,.T.);
#13001=ORIENTED_EDGE('',*,*,#9128,.T.);
#13002=ORIENTED_EDGE('',*,*,#9261,.T.);
#13003=ORIENTED_EDGE('',*,*,#9259,.T.);
#13004=ORIENTED_EDGE('',*,*,#9105,.T.);
#13005=ORIENTED_EDGE('',*,*,#9108,.T.);
#13006=ORIENTED_EDGE('',*,*,#9258,.T.);
#13007=ORIENTED_EDGE('',*,*,#9256,.T.);
#13008=ORIENTED_EDGE('',*,*,#9176,.T.);
#13009=ORIENTED_EDGE('',*,*,#9179,.T.);
#13010=ORIENTED_EDGE('',*,*,#9255,.T.);
#13011=ORIENTED_EDGE('',*,*,#9253,.T.);
#13012=ORIENTED_EDGE('',*,*,#9135,.T.);
#13013=ORIENTED_EDGE('',*,*,#9138,.T.);
#13014=ORIENTED_EDGE('',*,*,#9252,.T.);
#13015=ORIENTED_EDGE('',*,*,#9250,.T.);
#13016=ORIENTED_EDGE('',*,*,#8880,.T.);
#13017=ORIENTED_EDGE('',*,*,#8883,.T.);
#13018=ORIENTED_EDGE('',*,*,#9249,.T.);
#13019=ORIENTED_EDGE('',*,*,#9247,.T.);
#13020=ORIENTED_EDGE('',*,*,#8897,.T.);
#13021=ORIENTED_EDGE('',*,*,#8900,.T.);
#13022=ORIENTED_EDGE('',*,*,#9246,.T.);
#13023=ORIENTED_EDGE('',*,*,#9244,.T.);
#13024=ORIENTED_EDGE('',*,*,#9120,.T.);
#13025=ORIENTED_EDGE('',*,*,#9123,.T.);
#13026=ORIENTED_EDGE('',*,*,#9243,.T.);
#13027=ORIENTED_EDGE('',*,*,#9241,.T.);
#13028=ORIENTED_EDGE('',*,*,#9090,.T.);
#13029=ORIENTED_EDGE('',*,*,#9093,.T.);
#13030=ORIENTED_EDGE('',*,*,#9240,.T.);
#13031=ORIENTED_EDGE('',*,*,#9238,.T.);
#13032=ORIENTED_EDGE('',*,*,#9181,.T.);
#13033=ORIENTED_EDGE('',*,*,#9184,.T.);
#13034=ORIENTED_EDGE('',*,*,#9237,.T.);
#13035=ORIENTED_EDGE('',*,*,#9234,.T.);
#13036=ORIENTED_EDGE('',*,*,#9233,.T.);
#13037=ORIENTED_EDGE('',*,*,#9070,.T.);
#13038=ORIENTED_EDGE('',*,*,#9073,.T.);
#13039=ORIENTED_EDGE('',*,*,#9232,.T.);
#13040=ORIENTED_EDGE('',*,*,#9230,.T.);
#13041=ORIENTED_EDGE('',*,*,#9100,.T.);
#13042=ORIENTED_EDGE('',*,*,#9103,.T.);
#13043=ORIENTED_EDGE('',*,*,#9229,.T.);
#13044=ORIENTED_EDGE('',*,*,#9227,.T.);
#13045=ORIENTED_EDGE('',*,*,#9080,.T.);
#13046=ORIENTED_EDGE('',*,*,#9083,.T.);
#13047=ORIENTED_EDGE('',*,*,#9226,.T.);
#13048=ORIENTED_EDGE('',*,*,#9224,.T.);
#13049=ORIENTED_EDGE('',*,*,#9095,.T.);
#13050=ORIENTED_EDGE('',*,*,#9098,.T.);
#13051=ORIENTED_EDGE('',*,*,#9223,.T.);
#13052=ORIENTED_EDGE('',*,*,#9220,.T.);
#13053=ORIENTED_EDGE('',*,*,#9218,.T.);
#13054=ORIENTED_EDGE('',*,*,#9217,.T.);
#13055=ORIENTED_EDGE('',*,*,#9075,.T.);
#13056=ORIENTED_EDGE('',*,*,#9078,.T.);
#13057=ORIENTED_EDGE('',*,*,#9216,.T.);
#13058=ORIENTED_EDGE('',*,*,#9214,.T.);
#13059=ORIENTED_EDGE('',*,*,#9110,.T.);
#13060=ORIENTED_EDGE('',*,*,#9113,.T.);
#13061=ORIENTED_EDGE('',*,*,#9213,.T.);
#13062=ORIENTED_EDGE('',*,*,#9211,.T.);
#13063=ORIENTED_EDGE('',*,*,#8875,.T.);
#13064=ORIENTED_EDGE('',*,*,#8878,.T.);
#13065=ORIENTED_EDGE('',*,*,#9210,.T.);
#13066=ORIENTED_EDGE('',*,*,#9207,.T.);
#13067=ORIENTED_EDGE('',*,*,#9206,.T.);
#13068=ORIENTED_EDGE('',*,*,#9130,.T.);
#13069=ORIENTED_EDGE('',*,*,#9133,.T.);
#13070=ORIENTED_EDGE('',*,*,#9205,.T.);
#13071=ORIENTED_EDGE('',*,*,#9203,.T.);
#13072=ORIENTED_EDGE('',*,*,#8870,.T.);
#13073=ORIENTED_EDGE('',*,*,#8873,.T.);
#13074=ORIENTED_EDGE('',*,*,#9202,.T.);
#13075=CONICAL_SURFACE('',#13830,7.5,0.261799387799149);
#13076=CONICAL_SURFACE('',#13836,7.5,0.261799387799149);
#13077=CONICAL_SURFACE('',#13848,7.5,0.261799387799149);
#13078=CONICAL_SURFACE('',#13854,7.5,0.261799387799149);
#13079=CONICAL_SURFACE('',#14313,7.5,0.261799387799149);
#13080=CONICAL_SURFACE('',#14319,7.5,0.261799387799149);
#13081=CONICAL_SURFACE('',#14335,7.5,0.261799387799149);
#13082=CONICAL_SURFACE('',#14341,7.5,0.261799387799149);
#13083=CONICAL_SURFACE('',#14541,5.44499877899002,0.785398163397452);
#13084=CONICAL_SURFACE('',#14543,5.44499877899015,0.785398163397447);
#13085=CONICAL_SURFACE('',#14546,5.44499877899015,0.785398163397447);
#13086=CONICAL_SURFACE('',#14549,5.44499877900017,0.785398163397447);
#13087=ADVANCED_FACE('',(#4499),#13075,.F.);
#13088=ADVANCED_FACE('',(#4500),#3809,.T.);
#13089=ADVANCED_FACE('',(#4501),#13076,.F.);
#13090=ADVANCED_FACE('',(#4502),#3810,.T.);
#13091=ADVANCED_FACE('',(#4503),#3811,.T.);
#13092=ADVANCED_FACE('',(#4504),#3812,.T.);
#13093=ADVANCED_FACE('',(#4505),#3813,.T.);
#13094=ADVANCED_FACE('',(#4506),#3814,.T.);
#13095=ADVANCED_FACE('',(#4507),#3815,.T.);
#13096=ADVANCED_FACE('',(#4508),#3816,.T.);
#13097=ADVANCED_FACE('',(#4509),#13077,.F.);
#13098=ADVANCED_FACE('',(#4510),#3817,.T.);
#13099=ADVANCED_FACE('',(#4511),#13078,.F.);
#13100=ADVANCED_FACE('',(#4512),#3818,.T.);
#13101=ADVANCED_FACE('',(#4513),#3819,.T.);
#13102=ADVANCED_FACE('',(#4514),#3820,.T.);
#13103=ADVANCED_FACE('',(#4515),#3821,.T.);
#13104=ADVANCED_FACE('',(#4516),#3822,.T.);
#13105=ADVANCED_FACE('',(#4517),#3823,.F.);
#13106=ADVANCED_FACE('',(#4518),#3824,.F.);
#13107=ADVANCED_FACE('',(#4519),#3825,.F.);
#13108=ADVANCED_FACE('',(#4520),#3826,.F.);
#13109=ADVANCED_FACE('',(#4521),#3827,.F.);
#13110=ADVANCED_FACE('',(#4522),#3828,.F.);
#13111=ADVANCED_FACE('',(#4523),#3829,.F.);
#13112=ADVANCED_FACE('',(#4524),#3830,.F.);
#13113=ADVANCED_FACE('',(#4525),#3831,.F.);
#13114=ADVANCED_FACE('',(#4526),#3832,.F.);
#13115=ADVANCED_FACE('',(#4527),#3833,.F.);
#13116=ADVANCED_FACE('',(#4528),#3834,.F.);
#13117=ADVANCED_FACE('',(#4529),#3835,.F.);
#13118=ADVANCED_FACE('',(#4530),#3836,.F.);
#13119=ADVANCED_FACE('',(#4531),#3837,.F.);
#13120=ADVANCED_FACE('',(#4532),#3838,.F.);
#13121=ADVANCED_FACE('',(#4533),#3839,.F.);
#13122=ADVANCED_FACE('',(#4534),#3840,.F.);
#13123=ADVANCED_FACE('',(#4535),#3841,.F.);
#13124=ADVANCED_FACE('',(#4536),#3842,.F.);
#13125=ADVANCED_FACE('',(#4537),#3843,.F.);
#13126=ADVANCED_FACE('',(#4538),#3844,.F.);
#13127=ADVANCED_FACE('',(#4539),#3845,.F.);
#13128=ADVANCED_FACE('',(#4540),#3846,.F.);
#13129=ADVANCED_FACE('',(#4541),#3847,.F.);
#13130=ADVANCED_FACE('',(#4542),#3848,.F.);
#13131=ADVANCED_FACE('',(#4543),#3849,.F.);
#13132=ADVANCED_FACE('',(#4544),#3850,.F.);
#13133=ADVANCED_FACE('',(#4545),#3851,.F.);
#13134=ADVANCED_FACE('',(#4546),#3852,.F.);
#13135=ADVANCED_FACE('',(#4547),#3853,.F.);
#13136=ADVANCED_FACE('',(#4548),#3854,.F.);
#13137=ADVANCED_FACE('',(#4549),#3855,.F.);
#13138=ADVANCED_FACE('',(#4550),#3856,.F.);
#13139=ADVANCED_FACE('',(#4551),#3857,.F.);
#13140=ADVANCED_FACE('',(#4552),#3858,.F.);
#13141=ADVANCED_FACE('',(#4553),#3859,.F.);
#13142=ADVANCED_FACE('',(#4554),#3860,.F.);
#13143=ADVANCED_FACE('',(#4555),#3861,.F.);
#13144=ADVANCED_FACE('',(#4556),#3862,.F.);
#13145=ADVANCED_FACE('',(#4557),#3863,.F.);
#13146=ADVANCED_FACE('',(#4558),#3864,.F.);
#13147=ADVANCED_FACE('',(#4559),#3865,.F.);
#13148=ADVANCED_FACE('',(#4560),#3866,.F.);
#13149=ADVANCED_FACE('',(#4561),#3867,.F.);
#13150=ADVANCED_FACE('',(#4562),#3868,.F.);
#13151=ADVANCED_FACE('',(#4563),#3869,.F.);
#13152=ADVANCED_FACE('',(#4564),#3870,.F.);
#13153=ADVANCED_FACE('',(#4565),#3871,.F.);
#13154=ADVANCED_FACE('',(#4566),#3872,.F.);
#13155=ADVANCED_FACE('',(#4567),#3873,.F.);
#13156=ADVANCED_FACE('',(#4568),#3874,.F.);
#13157=ADVANCED_FACE('',(#4569),#3875,.F.);
#13158=ADVANCED_FACE('',(#4570),#3876,.F.);
#13159=ADVANCED_FACE('',(#4571),#3877,.F.);
#13160=ADVANCED_FACE('',(#4572),#3878,.F.);
#13161=ADVANCED_FACE('',(#4573),#3879,.F.);
#13162=ADVANCED_FACE('',(#4574),#3880,.F.);
#13163=ADVANCED_FACE('',(#4575),#3881,.F.);
#13164=ADVANCED_FACE('',(#4576),#3882,.F.);
#13165=ADVANCED_FACE('',(#4577),#3883,.F.);
#13166=ADVANCED_FACE('',(#4578),#3884,.F.);
#13167=ADVANCED_FACE('',(#4579),#3885,.F.);
#13168=ADVANCED_FACE('',(#4580),#3886,.F.);
#13169=ADVANCED_FACE('',(#4581),#3887,.F.);
#13170=ADVANCED_FACE('',(#4582),#3888,.F.);
#13171=ADVANCED_FACE('',(#4583),#3889,.F.);
#13172=ADVANCED_FACE('',(#4584),#3890,.F.);
#13173=ADVANCED_FACE('',(#4585),#3891,.F.);
#13174=ADVANCED_FACE('',(#4586),#3892,.F.);
#13175=ADVANCED_FACE('',(#4587),#3893,.F.);
#13176=ADVANCED_FACE('',(#4588),#3894,.F.);
#13177=ADVANCED_FACE('',(#4589),#3895,.F.);
#13178=ADVANCED_FACE('',(#4590),#3896,.F.);
#13179=ADVANCED_FACE('',(#4591),#3897,.F.);
#13180=ADVANCED_FACE('',(#4592),#3898,.F.);
#13181=ADVANCED_FACE('',(#4593),#3899,.F.);
#13182=ADVANCED_FACE('',(#4594),#3900,.F.);
#13183=ADVANCED_FACE('',(#4595),#169,.F.);
#13184=ADVANCED_FACE('',(#4596),#3901,.F.);
#13185=ADVANCED_FACE('',(#4597),#170,.F.);
#13186=ADVANCED_FACE('',(#4598),#3902,.F.);
#13187=ADVANCED_FACE('',(#4599,#27,#28,#29,#30,#31,#32,#33,#34,#35,#36,
#37,#38,#39,#40,#41,#42,#43,#44,#45,#46,#47,#48,#49,#50,#51,#52,#53,#54),
#3903,.F.);
#13188=ADVANCED_FACE('',(#4600),#3904,.F.);
#13189=ADVANCED_FACE('',(#4601),#3905,.F.);
#13190=ADVANCED_FACE('',(#4602),#171,.F.);
#13191=ADVANCED_FACE('',(#4603),#3906,.F.);
#13192=ADVANCED_FACE('',(#4604),#3907,.F.);
#13193=ADVANCED_FACE('',(#4605),#3908,.F.);
#13194=ADVANCED_FACE('',(#4606),#172,.F.);
#13195=ADVANCED_FACE('',(#4607),#3909,.F.);
#13196=ADVANCED_FACE('',(#4608),#3910,.F.);
#13197=ADVANCED_FACE('',(#4609),#3911,.F.);
#13198=ADVANCED_FACE('',(#4610),#3912,.F.);
#13199=ADVANCED_FACE('',(#4611),#3913,.F.);
#13200=ADVANCED_FACE('',(#4612,#55),#3914,.F.);
#13201=ADVANCED_FACE('',(#4613),#3915,.F.);
#13202=ADVANCED_FACE('',(#4614),#3916,.F.);
#13203=ADVANCED_FACE('',(#4615),#3917,.F.);
#13204=ADVANCED_FACE('',(#4616),#3918,.F.);
#13205=ADVANCED_FACE('',(#4617,#56),#3919,.F.);
#13206=ADVANCED_FACE('',(#4618),#3920,.T.);
#13207=ADVANCED_FACE('',(#4619),#3921,.T.);
#13208=ADVANCED_FACE('',(#4620),#3922,.T.);
#13209=ADVANCED_FACE('',(#4621),#3923,.T.);
#13210=ADVANCED_FACE('',(#4622),#3924,.F.);
#13211=ADVANCED_FACE('',(#4623),#3925,.F.);
#13212=ADVANCED_FACE('',(#4624),#3926,.F.);
#13213=ADVANCED_FACE('',(#4625),#3927,.F.);
#13214=ADVANCED_FACE('',(#4626,#57),#3928,.F.);
#13215=ADVANCED_FACE('',(#4627),#3929,.F.);
#13216=ADVANCED_FACE('',(#4628),#3930,.F.);
#13217=ADVANCED_FACE('',(#4629),#3931,.F.);
#13218=ADVANCED_FACE('',(#4630),#3932,.F.);
#13219=ADVANCED_FACE('',(#4631,#58),#3933,.F.);
#13220=ADVANCED_FACE('',(#4632),#3934,.T.);
#13221=ADVANCED_FACE('',(#4633),#3935,.T.);
#13222=ADVANCED_FACE('',(#4634),#3936,.T.);
#13223=ADVANCED_FACE('',(#4635),#3937,.T.);
#13224=ADVANCED_FACE('',(#4636),#3938,.F.);
#13225=ADVANCED_FACE('',(#4637),#3939,.F.);
#13226=ADVANCED_FACE('',(#4638),#3940,.F.);
#13227=ADVANCED_FACE('',(#4639),#3941,.F.);
#13228=ADVANCED_FACE('',(#4640,#59),#3942,.F.);
#13229=ADVANCED_FACE('',(#4641),#3943,.T.);
#13230=ADVANCED_FACE('',(#4642),#3944,.T.);
#13231=ADVANCED_FACE('',(#4643),#3945,.F.);
#13232=ADVANCED_FACE('',(#4644),#3946,.F.);
#13233=ADVANCED_FACE('',(#4645),#3947,.F.);
#13234=ADVANCED_FACE('',(#4646),#3948,.F.);
#13235=ADVANCED_FACE('',(#4647,#60),#3949,.F.);
#13236=ADVANCED_FACE('',(#4648),#3950,.F.);
#13237=ADVANCED_FACE('',(#4649),#3951,.F.);
#13238=ADVANCED_FACE('',(#4650),#3952,.F.);
#13239=ADVANCED_FACE('',(#4651),#3953,.F.);
#13240=ADVANCED_FACE('',(#4652,#61),#3954,.F.);
#13241=ADVANCED_FACE('',(#4653),#3955,.F.);
#13242=ADVANCED_FACE('',(#4654),#3956,.F.);
#13243=ADVANCED_FACE('',(#4655),#3957,.F.);
#13244=ADVANCED_FACE('',(#4656),#3958,.F.);
#13245=ADVANCED_FACE('',(#4657,#62),#3959,.F.);
#13246=ADVANCED_FACE('',(#4658),#3960,.F.);
#13247=ADVANCED_FACE('',(#4659),#3961,.F.);
#13248=ADVANCED_FACE('',(#4660),#3962,.F.);
#13249=ADVANCED_FACE('',(#4661),#3963,.F.);
#13250=ADVANCED_FACE('',(#4662,#63),#3964,.F.);
#13251=ADVANCED_FACE('',(#4663),#3965,.F.);
#13252=ADVANCED_FACE('',(#4664),#3966,.F.);
#13253=ADVANCED_FACE('',(#4665),#3967,.F.);
#13254=ADVANCED_FACE('',(#4666),#3968,.F.);
#13255=ADVANCED_FACE('',(#4667,#64),#3969,.F.);
#13256=ADVANCED_FACE('',(#4668),#3970,.F.);
#13257=ADVANCED_FACE('',(#4669),#3971,.F.);
#13258=ADVANCED_FACE('',(#4670),#3972,.F.);
#13259=ADVANCED_FACE('',(#4671),#3973,.F.);
#13260=ADVANCED_FACE('',(#4672,#65),#3974,.F.);
#13261=ADVANCED_FACE('',(#4673),#3975,.F.);
#13262=ADVANCED_FACE('',(#4674),#3976,.F.);
#13263=ADVANCED_FACE('',(#4675),#3977,.F.);
#13264=ADVANCED_FACE('',(#4676),#3978,.F.);
#13265=ADVANCED_FACE('',(#4677,#66),#3979,.F.);
#13266=ADVANCED_FACE('',(#4678),#3980,.F.);
#13267=ADVANCED_FACE('',(#4679),#3981,.F.);
#13268=ADVANCED_FACE('',(#4680),#3982,.F.);
#13269=ADVANCED_FACE('',(#4681),#3983,.F.);
#13270=ADVANCED_FACE('',(#4682,#67),#3984,.F.);
#13271=ADVANCED_FACE('',(#4683),#3985,.F.);
#13272=ADVANCED_FACE('',(#4684),#3986,.F.);
#13273=ADVANCED_FACE('',(#4685),#3987,.F.);
#13274=ADVANCED_FACE('',(#4686),#3988,.F.);
#13275=ADVANCED_FACE('',(#4687,#68),#3989,.F.);
#13276=ADVANCED_FACE('',(#4688),#3990,.F.);
#13277=ADVANCED_FACE('',(#4689),#3991,.F.);
#13278=ADVANCED_FACE('',(#4690),#3992,.F.);
#13279=ADVANCED_FACE('',(#4691),#3993,.F.);
#13280=ADVANCED_FACE('',(#4692,#69),#3994,.F.);
#13281=ADVANCED_FACE('',(#4693),#3995,.F.);
#13282=ADVANCED_FACE('',(#4694),#3996,.F.);
#13283=ADVANCED_FACE('',(#4695),#3997,.F.);
#13284=ADVANCED_FACE('',(#4696),#3998,.F.);
#13285=ADVANCED_FACE('',(#4697,#70),#3999,.F.);
#13286=ADVANCED_FACE('',(#4698),#4000,.F.);
#13287=ADVANCED_FACE('',(#4699),#4001,.F.);
#13288=ADVANCED_FACE('',(#4700),#4002,.F.);
#13289=ADVANCED_FACE('',(#4701),#4003,.F.);
#13290=ADVANCED_FACE('',(#4702,#71),#4004,.F.);
#13291=ADVANCED_FACE('',(#4703),#4005,.F.);
#13292=ADVANCED_FACE('',(#4704),#4006,.F.);
#13293=ADVANCED_FACE('',(#4705),#4007,.F.);
#13294=ADVANCED_FACE('',(#4706),#4008,.F.);
#13295=ADVANCED_FACE('',(#4707,#72),#4009,.F.);
#13296=ADVANCED_FACE('',(#4708),#4010,.F.);
#13297=ADVANCED_FACE('',(#4709),#4011,.F.);
#13298=ADVANCED_FACE('',(#4710),#4012,.F.);
#13299=ADVANCED_FACE('',(#4711),#4013,.F.);
#13300=ADVANCED_FACE('',(#4712,#73),#4014,.F.);
#13301=ADVANCED_FACE('',(#4713),#4015,.T.);
#13302=ADVANCED_FACE('',(#4714),#4016,.T.);
#13303=ADVANCED_FACE('',(#4715),#4017,.T.);
#13304=ADVANCED_FACE('',(#4716),#4018,.T.);
#13305=ADVANCED_FACE('',(#4717),#4019,.T.);
#13306=ADVANCED_FACE('',(#4718),#4020,.T.);
#13307=ADVANCED_FACE('',(#4719),#4021,.T.);
#13308=ADVANCED_FACE('',(#4720),#4022,.T.);
#13309=ADVANCED_FACE('',(#4721),#4023,.T.);
#13310=ADVANCED_FACE('',(#4722),#4024,.T.);
#13311=ADVANCED_FACE('',(#4723),#4025,.T.);
#13312=ADVANCED_FACE('',(#4724),#4026,.T.);
#13313=ADVANCED_FACE('',(#4725),#4027,.T.);
#13314=ADVANCED_FACE('',(#4726),#4028,.T.);
#13315=ADVANCED_FACE('',(#4727),#4029,.T.);
#13316=ADVANCED_FACE('',(#4728),#4030,.T.);
#13317=ADVANCED_FACE('',(#4729),#4031,.T.);
#13318=ADVANCED_FACE('',(#4730),#4032,.T.);
#13319=ADVANCED_FACE('',(#4731),#4033,.T.);
#13320=ADVANCED_FACE('',(#4732),#4034,.T.);
#13321=ADVANCED_FACE('',(#4733),#4035,.T.);
#13322=ADVANCED_FACE('',(#4734),#4036,.T.);
#13323=ADVANCED_FACE('',(#4735),#4037,.T.);
#13324=ADVANCED_FACE('',(#4736),#4038,.T.);
#13325=ADVANCED_FACE('',(#4737),#4039,.T.);
#13326=ADVANCED_FACE('',(#4738),#4040,.T.);
#13327=ADVANCED_FACE('',(#4739),#4041,.T.);
#13328=ADVANCED_FACE('',(#4740),#4042,.T.);
#13329=ADVANCED_FACE('',(#4741),#4043,.T.);
#13330=ADVANCED_FACE('',(#4742),#4044,.T.);
#13331=ADVANCED_FACE('',(#4743),#4045,.T.);
#13332=ADVANCED_FACE('',(#4744),#4046,.T.);
#13333=ADVANCED_FACE('',(#4745),#4047,.T.);
#13334=ADVANCED_FACE('',(#4746),#4048,.T.);
#13335=ADVANCED_FACE('',(#4747),#4049,.T.);
#13336=ADVANCED_FACE('',(#4748),#4050,.T.);
#13337=ADVANCED_FACE('',(#4749),#4051,.T.);
#13338=ADVANCED_FACE('',(#4750),#4052,.T.);
#13339=ADVANCED_FACE('',(#4751),#4053,.T.);
#13340=ADVANCED_FACE('',(#4752),#4054,.T.);
#13341=ADVANCED_FACE('',(#4753),#4055,.T.);
#13342=ADVANCED_FACE('',(#4754),#4056,.T.);
#13343=ADVANCED_FACE('',(#4755),#4057,.T.);
#13344=ADVANCED_FACE('',(#4756),#4058,.T.);
#13345=ADVANCED_FACE('',(#4757),#4059,.T.);
#13346=ADVANCED_FACE('',(#4758),#4060,.T.);
#13347=ADVANCED_FACE('',(#4759),#4061,.T.);
#13348=ADVANCED_FACE('',(#4760),#4062,.T.);
#13349=ADVANCED_FACE('',(#4761),#4063,.T.);
#13350=ADVANCED_FACE('',(#4762),#4064,.T.);
#13351=ADVANCED_FACE('',(#4763),#4065,.T.);
#13352=ADVANCED_FACE('',(#4764),#4066,.T.);
#13353=ADVANCED_FACE('',(#4765),#4067,.T.);
#13354=ADVANCED_FACE('',(#4766),#4068,.T.);
#13355=ADVANCED_FACE('',(#4767),#4069,.T.);
#13356=ADVANCED_FACE('',(#4768),#4070,.T.);
#13357=ADVANCED_FACE('',(#4769),#4071,.T.);
#13358=ADVANCED_FACE('',(#4770),#4072,.T.);
#13359=ADVANCED_FACE('',(#4771),#4073,.T.);
#13360=ADVANCED_FACE('',(#4772),#4074,.T.);
#13361=ADVANCED_FACE('',(#4773),#4075,.T.);
#13362=ADVANCED_FACE('',(#4774),#4076,.T.);
#13363=ADVANCED_FACE('',(#4775),#4077,.T.);
#13364=ADVANCED_FACE('',(#4776),#4078,.T.);
#13365=ADVANCED_FACE('',(#4777),#4079,.T.);
#13366=ADVANCED_FACE('',(#4778),#4080,.T.);
#13367=ADVANCED_FACE('',(#4779),#4081,.T.);
#13368=ADVANCED_FACE('',(#4780),#4082,.T.);
#13369=ADVANCED_FACE('',(#4781),#4083,.T.);
#13370=ADVANCED_FACE('',(#4782),#4084,.T.);
#13371=ADVANCED_FACE('',(#4783),#4085,.T.);
#13372=ADVANCED_FACE('',(#4784),#4086,.T.);
#13373=ADVANCED_FACE('',(#4785),#4087,.T.);
#13374=ADVANCED_FACE('',(#4786),#4088,.T.);
#13375=ADVANCED_FACE('',(#4787),#4089,.T.);
#13376=ADVANCED_FACE('',(#4788),#4090,.T.);
#13377=ADVANCED_FACE('',(#4789),#4091,.T.);
#13378=ADVANCED_FACE('',(#4790),#4092,.T.);
#13379=ADVANCED_FACE('',(#4791),#4093,.T.);
#13380=ADVANCED_FACE('',(#4792),#4094,.T.);
#13381=ADVANCED_FACE('',(#4793),#4095,.T.);
#13382=ADVANCED_FACE('',(#4794),#4096,.T.);
#13383=ADVANCED_FACE('',(#4795),#4097,.T.);
#13384=ADVANCED_FACE('',(#4796),#4098,.T.);
#13385=ADVANCED_FACE('',(#4797),#4099,.T.);
#13386=ADVANCED_FACE('',(#4798),#4100,.T.);
#13387=ADVANCED_FACE('',(#4799),#4101,.T.);
#13388=ADVANCED_FACE('',(#4800),#4102,.T.);
#13389=ADVANCED_FACE('',(#4801),#4103,.T.);
#13390=ADVANCED_FACE('',(#4802),#4104,.T.);
#13391=ADVANCED_FACE('',(#4803),#4105,.T.);
#13392=ADVANCED_FACE('',(#4804),#4106,.T.);
#13393=ADVANCED_FACE('',(#4805),#4107,.T.);
#13394=ADVANCED_FACE('',(#4806),#4108,.T.);
#13395=ADVANCED_FACE('',(#4807),#4109,.T.);
#13396=ADVANCED_FACE('',(#4808),#4110,.T.);
#13397=ADVANCED_FACE('',(#4809),#4111,.T.);
#13398=ADVANCED_FACE('',(#4810),#4112,.T.);
#13399=ADVANCED_FACE('',(#4811),#4113,.T.);
#13400=ADVANCED_FACE('',(#4812),#4114,.T.);
#13401=ADVANCED_FACE('',(#4813),#4115,.T.);
#13402=ADVANCED_FACE('',(#4814),#4116,.T.);
#13403=ADVANCED_FACE('',(#4815),#4117,.T.);
#13404=ADVANCED_FACE('',(#4816),#4118,.T.);
#13405=ADVANCED_FACE('',(#4817),#4119,.T.);
#13406=ADVANCED_FACE('',(#4818),#4120,.T.);
#13407=ADVANCED_FACE('',(#4819),#4121,.T.);
#13408=ADVANCED_FACE('',(#4820),#4122,.T.);
#13409=ADVANCED_FACE('',(#4821),#4123,.T.);
#13410=ADVANCED_FACE('',(#4822),#4124,.T.);
#13411=ADVANCED_FACE('',(#4823),#4125,.T.);
#13412=ADVANCED_FACE('',(#4824),#4126,.T.);
#13413=ADVANCED_FACE('',(#4825),#4127,.T.);
#13414=ADVANCED_FACE('',(#4826),#4128,.T.);
#13415=ADVANCED_FACE('',(#4827),#4129,.T.);
#13416=ADVANCED_FACE('',(#4828),#4130,.T.);
#13417=ADVANCED_FACE('',(#4829),#4131,.T.);
#13418=ADVANCED_FACE('',(#4830),#4132,.T.);
#13419=ADVANCED_FACE('',(#4831),#4133,.T.);
#13420=ADVANCED_FACE('',(#4832),#4134,.T.);
#13421=ADVANCED_FACE('',(#4833),#4135,.T.);
#13422=ADVANCED_FACE('',(#4834),#4136,.T.);
#13423=ADVANCED_FACE('',(#4835),#4137,.T.);
#13424=ADVANCED_FACE('',(#4836),#4138,.T.);
#13425=ADVANCED_FACE('',(#4837),#4139,.T.);
#13426=ADVANCED_FACE('',(#4838),#4140,.T.);
#13427=ADVANCED_FACE('',(#4839),#4141,.T.);
#13428=ADVANCED_FACE('',(#4840),#4142,.T.);
#13429=ADVANCED_FACE('',(#4841),#4143,.T.);
#13430=ADVANCED_FACE('',(#4842),#4144,.T.);
#13431=ADVANCED_FACE('',(#4843),#4145,.T.);
#13432=ADVANCED_FACE('',(#4844),#4146,.T.);
#13433=ADVANCED_FACE('',(#4845),#4147,.T.);
#13434=ADVANCED_FACE('',(#4846),#4148,.T.);
#13435=ADVANCED_FACE('',(#4847),#4149,.T.);
#13436=ADVANCED_FACE('',(#4848),#4150,.T.);
#13437=ADVANCED_FACE('',(#4849),#4151,.T.);
#13438=ADVANCED_FACE('',(#4850),#4152,.T.);
#13439=ADVANCED_FACE('',(#4851),#4153,.T.);
#13440=ADVANCED_FACE('',(#4852),#4154,.T.);
#13441=ADVANCED_FACE('',(#4853),#4155,.T.);
#13442=ADVANCED_FACE('',(#4854),#4156,.T.);
#13443=ADVANCED_FACE('',(#4855),#4157,.T.);
#13444=ADVANCED_FACE('',(#4856),#4158,.T.);
#13445=ADVANCED_FACE('',(#4857),#4159,.T.);
#13446=ADVANCED_FACE('',(#4858),#4160,.T.);
#13447=ADVANCED_FACE('',(#4859),#4161,.T.);
#13448=ADVANCED_FACE('',(#4860),#4162,.T.);
#13449=ADVANCED_FACE('',(#4861),#4163,.T.);
#13450=ADVANCED_FACE('',(#4862),#4164,.T.);
#13451=ADVANCED_FACE('',(#4863),#4165,.T.);
#13452=ADVANCED_FACE('',(#4864),#4166,.T.);
#13453=ADVANCED_FACE('',(#4865),#4167,.T.);
#13454=ADVANCED_FACE('',(#4866),#4168,.T.);
#13455=ADVANCED_FACE('',(#4867),#4169,.T.);
#13456=ADVANCED_FACE('',(#4868),#4170,.T.);
#13457=ADVANCED_FACE('',(#4869),#4171,.T.);
#13458=ADVANCED_FACE('',(#4870),#173,.F.);
#13459=ADVANCED_FACE('',(#4871),#4172,.T.);
#13460=ADVANCED_FACE('',(#4872),#4173,.T.);
#13461=ADVANCED_FACE('',(#4873),#4174,.T.);
#13462=ADVANCED_FACE('',(#4874),#4175,.T.);
#13463=ADVANCED_FACE('',(#4875),#4176,.T.);
#13464=ADVANCED_FACE('',(#4876),#4177,.T.);
#13465=ADVANCED_FACE('',(#4877),#4178,.T.);
#13466=ADVANCED_FACE('',(#4878),#4179,.T.);
#13467=ADVANCED_FACE('',(#4879),#4180,.T.);
#13468=ADVANCED_FACE('',(#4880),#4181,.T.);
#13469=ADVANCED_FACE('',(#4881),#4182,.T.);
#13470=ADVANCED_FACE('',(#4882),#4183,.T.);
#13471=ADVANCED_FACE('',(#4883),#4184,.T.);
#13472=ADVANCED_FACE('',(#4884),#4185,.T.);
#13473=ADVANCED_FACE('',(#4885),#4186,.T.);
#13474=ADVANCED_FACE('',(#4886),#4187,.T.);
#13475=ADVANCED_FACE('',(#4887),#4188,.T.);
#13476=ADVANCED_FACE('',(#4888),#4189,.T.);
#13477=ADVANCED_FACE('',(#4889),#4190,.T.);
#13478=ADVANCED_FACE('',(#4890),#4191,.T.);
#13479=ADVANCED_FACE('',(#4891),#4192,.T.);
#13480=ADVANCED_FACE('',(#4892),#4193,.T.);
#13481=ADVANCED_FACE('',(#4893),#4194,.T.);
#13482=ADVANCED_FACE('',(#4894),#4195,.T.);
#13483=ADVANCED_FACE('',(#4895),#4196,.T.);
#13484=ADVANCED_FACE('',(#4896),#4197,.T.);
#13485=ADVANCED_FACE('',(#4897),#4198,.T.);
#13486=ADVANCED_FACE('',(#4898),#4199,.T.);
#13487=ADVANCED_FACE('',(#4899),#4200,.T.);
#13488=ADVANCED_FACE('',(#4900),#4201,.T.);
#13489=ADVANCED_FACE('',(#4901),#4202,.T.);
#13490=ADVANCED_FACE('',(#4902),#4203,.T.);
#13491=ADVANCED_FACE('',(#4903),#4204,.T.);
#13492=ADVANCED_FACE('',(#4904),#4205,.T.);
#13493=ADVANCED_FACE('',(#4905),#4206,.T.);
#13494=ADVANCED_FACE('',(#4906),#4207,.T.);
#13495=ADVANCED_FACE('',(#4907),#4208,.T.);
#13496=ADVANCED_FACE('',(#4908),#4209,.T.);
#13497=ADVANCED_FACE('',(#4909),#4210,.T.);
#13498=ADVANCED_FACE('',(#4910),#4211,.T.);
#13499=ADVANCED_FACE('',(#4911),#4212,.T.);
#13500=ADVANCED_FACE('',(#4912),#4213,.T.);
#13501=ADVANCED_FACE('',(#4913),#4214,.T.);
#13502=ADVANCED_FACE('',(#4914),#4215,.T.);
#13503=ADVANCED_FACE('',(#4915),#4216,.T.);
#13504=ADVANCED_FACE('',(#4916),#4217,.T.);
#13505=ADVANCED_FACE('',(#4917),#4218,.T.);
#13506=ADVANCED_FACE('',(#4918),#4219,.T.);
#13507=ADVANCED_FACE('',(#4919),#4220,.T.);
#13508=ADVANCED_FACE('',(#4920),#4221,.T.);
#13509=ADVANCED_FACE('',(#4921),#4222,.T.);
#13510=ADVANCED_FACE('',(#4922),#4223,.T.);
#13511=ADVANCED_FACE('',(#4923),#4224,.T.);
#13512=ADVANCED_FACE('',(#4924),#4225,.T.);
#13513=ADVANCED_FACE('',(#4925),#4226,.T.);
#13514=ADVANCED_FACE('',(#4926),#4227,.T.);
#13515=ADVANCED_FACE('',(#4927),#4228,.T.);
#13516=ADVANCED_FACE('',(#4928),#4229,.T.);
#13517=ADVANCED_FACE('',(#4929),#4230,.T.);
#13518=ADVANCED_FACE('',(#4930),#4231,.T.);
#13519=ADVANCED_FACE('',(#4931),#4232,.T.);
#13520=ADVANCED_FACE('',(#4932),#4233,.T.);
#13521=ADVANCED_FACE('',(#4933),#4234,.T.);
#13522=ADVANCED_FACE('',(#4934),#4235,.T.);
#13523=ADVANCED_FACE('',(#4935),#4236,.T.);
#13524=ADVANCED_FACE('',(#4936),#4237,.T.);
#13525=ADVANCED_FACE('',(#4937),#4238,.T.);
#13526=ADVANCED_FACE('',(#4938),#4239,.T.);
#13527=ADVANCED_FACE('',(#4939),#4240,.T.);
#13528=ADVANCED_FACE('',(#4940),#4241,.T.);
#13529=ADVANCED_FACE('',(#4941),#4242,.T.);
#13530=ADVANCED_FACE('',(#4942),#4243,.T.);
#13531=ADVANCED_FACE('',(#4943),#4244,.T.);
#13532=ADVANCED_FACE('',(#4944),#4245,.T.);
#13533=ADVANCED_FACE('',(#4945),#4246,.T.);
#13534=ADVANCED_FACE('',(#4946),#4247,.T.);
#13535=ADVANCED_FACE('',(#4947),#4248,.T.);
#13536=ADVANCED_FACE('',(#4948),#4249,.T.);
#13537=ADVANCED_FACE('',(#4949),#4250,.T.);
#13538=ADVANCED_FACE('',(#4950,#74,#75,#76,#77,#78,#79,#80,#81,#82,#83,
#84,#85,#86,#87,#88,#89,#90,#91,#92,#93),#4251,.T.);
#13539=ADVANCED_FACE('',(#4951),#4252,.T.);
#13540=ADVANCED_FACE('',(#4952),#13079,.F.);
#13541=ADVANCED_FACE('',(#4953),#4253,.T.);
#13542=ADVANCED_FACE('',(#4954),#13080,.F.);
#13543=ADVANCED_FACE('',(#4955,#94,#95,#96,#97,#98,#99,#100,#101,#102,#103,
#104,#105,#106,#107,#108,#109,#110,#111,#112,#113,#114,#115,#116,#117,#118,
#119,#120,#121,#122),#4254,.F.);
#13544=ADVANCED_FACE('',(#4956),#4255,.T.);
#13545=ADVANCED_FACE('',(#4957),#4256,.T.);
#13546=ADVANCED_FACE('',(#4958),#13081,.F.);
#13547=ADVANCED_FACE('',(#4959),#4257,.T.);
#13548=ADVANCED_FACE('',(#4960),#13082,.F.);
#13549=ADVANCED_FACE('',(#4961),#4258,.T.);
#13550=ADVANCED_FACE('',(#4962),#4259,.T.);
#13551=ADVANCED_FACE('',(#4963),#4260,.T.);
#13552=ADVANCED_FACE('',(#4964),#4261,.T.);
#13553=ADVANCED_FACE('',(#4965),#4262,.T.);
#13554=ADVANCED_FACE('',(#4966),#174,.F.);
#13555=ADVANCED_FACE('',(#4967),#4263,.F.);
#13556=ADVANCED_FACE('',(#4968),#4264,.F.);
#13557=ADVANCED_FACE('',(#4969),#4265,.F.);
#13558=ADVANCED_FACE('',(#4970),#4266,.F.);
#13559=ADVANCED_FACE('',(#4971),#4267,.F.);
#13560=ADVANCED_FACE('',(#4972),#4268,.F.);
#13561=ADVANCED_FACE('',(#4973),#4269,.F.);
#13562=ADVANCED_FACE('',(#4974),#4270,.F.);
#13563=ADVANCED_FACE('',(#4975),#4271,.F.);
#13564=ADVANCED_FACE('',(#4976),#4272,.F.);
#13565=ADVANCED_FACE('',(#4977),#4273,.F.);
#13566=ADVANCED_FACE('',(#4978),#4274,.F.);
#13567=ADVANCED_FACE('',(#4979),#4275,.F.);
#13568=ADVANCED_FACE('',(#4980),#4276,.F.);
#13569=ADVANCED_FACE('',(#4981),#4277,.F.);
#13570=ADVANCED_FACE('',(#4982),#4278,.F.);
#13571=ADVANCED_FACE('',(#4983),#4279,.F.);
#13572=ADVANCED_FACE('',(#4984),#4280,.F.);
#13573=ADVANCED_FACE('',(#4985),#4281,.F.);
#13574=ADVANCED_FACE('',(#4986),#4282,.F.);
#13575=ADVANCED_FACE('',(#4987),#4283,.F.);
#13576=ADVANCED_FACE('',(#4988),#4284,.F.);
#13577=ADVANCED_FACE('',(#4989),#4285,.F.);
#13578=ADVANCED_FACE('',(#4990),#4286,.F.);
#13579=ADVANCED_FACE('',(#4991),#4287,.F.);
#13580=ADVANCED_FACE('',(#4992),#4288,.F.);
#13581=ADVANCED_FACE('',(#4993),#4289,.F.);
#13582=ADVANCED_FACE('',(#4994),#4290,.F.);
#13583=ADVANCED_FACE('',(#4995),#4291,.F.);
#13584=ADVANCED_FACE('',(#4996),#4292,.F.);
#13585=ADVANCED_FACE('',(#4997),#4293,.F.);
#13586=ADVANCED_FACE('',(#4998),#4294,.F.);
#13587=ADVANCED_FACE('',(#4999),#4295,.F.);
#13588=ADVANCED_FACE('',(#5000),#4296,.F.);
#13589=ADVANCED_FACE('',(#5001),#4297,.F.);
#13590=ADVANCED_FACE('',(#5002),#4298,.F.);
#13591=ADVANCED_FACE('',(#5003),#4299,.F.);
#13592=ADVANCED_FACE('',(#5004),#4300,.F.);
#13593=ADVANCED_FACE('',(#5005),#4301,.F.);
#13594=ADVANCED_FACE('',(#5006),#4302,.F.);
#13595=ADVANCED_FACE('',(#5007),#4303,.F.);
#13596=ADVANCED_FACE('',(#5008),#4304,.F.);
#13597=ADVANCED_FACE('',(#5009),#4305,.F.);
#13598=ADVANCED_FACE('',(#5010),#4306,.F.);
#13599=ADVANCED_FACE('',(#5011,#123),#4307,.F.);
#13600=ADVANCED_FACE('',(#5012),#4308,.F.);
#13601=ADVANCED_FACE('',(#5013),#4309,.F.);
#13602=ADVANCED_FACE('',(#5014),#4310,.F.);
#13603=ADVANCED_FACE('',(#5015),#4311,.F.);
#13604=ADVANCED_FACE('',(#5016,#124),#4312,.F.);
#13605=ADVANCED_FACE('',(#5017),#4313,.F.);
#13606=ADVANCED_FACE('',(#5018),#4314,.F.);
#13607=ADVANCED_FACE('',(#5019),#4315,.F.);
#13608=ADVANCED_FACE('',(#5020),#4316,.F.);
#13609=ADVANCED_FACE('',(#5021,#125),#4317,.F.);
#13610=ADVANCED_FACE('',(#5022),#4318,.T.);
#13611=ADVANCED_FACE('',(#5023),#4319,.T.);
#13612=ADVANCED_FACE('',(#5024),#4320,.T.);
#13613=ADVANCED_FACE('',(#5025),#4321,.T.);
#13614=ADVANCED_FACE('',(#5026),#4322,.T.);
#13615=ADVANCED_FACE('',(#5027),#4323,.T.);
#13616=ADVANCED_FACE('',(#5028),#4324,.F.);
#13617=ADVANCED_FACE('',(#5029),#4325,.F.);
#13618=ADVANCED_FACE('',(#5030),#4326,.F.);
#13619=ADVANCED_FACE('',(#5031),#4327,.F.);
#13620=ADVANCED_FACE('',(#5032,#126),#4328,.F.);
#13621=ADVANCED_FACE('',(#5033),#4329,.T.);
#13622=ADVANCED_FACE('',(#5034),#4330,.T.);
#13623=ADVANCED_FACE('',(#5035),#4331,.F.);
#13624=ADVANCED_FACE('',(#5036),#4332,.F.);
#13625=ADVANCED_FACE('',(#5037),#4333,.F.);
#13626=ADVANCED_FACE('',(#5038),#4334,.F.);
#13627=ADVANCED_FACE('',(#5039,#127),#4335,.F.);
#13628=ADVANCED_FACE('',(#5040),#4336,.F.);
#13629=ADVANCED_FACE('',(#5041),#4337,.F.);
#13630=ADVANCED_FACE('',(#5042),#4338,.F.);
#13631=ADVANCED_FACE('',(#5043),#4339,.F.);
#13632=ADVANCED_FACE('',(#5044,#128),#4340,.F.);
#13633=ADVANCED_FACE('',(#5045),#4341,.F.);
#13634=ADVANCED_FACE('',(#5046),#4342,.F.);
#13635=ADVANCED_FACE('',(#5047),#4343,.F.);
#13636=ADVANCED_FACE('',(#5048),#4344,.F.);
#13637=ADVANCED_FACE('',(#5049,#129),#4345,.F.);
#13638=ADVANCED_FACE('',(#5050),#4346,.F.);
#13639=ADVANCED_FACE('',(#5051),#4347,.F.);
#13640=ADVANCED_FACE('',(#5052),#4348,.F.);
#13641=ADVANCED_FACE('',(#5053),#4349,.F.);
#13642=ADVANCED_FACE('',(#5054,#130),#4350,.F.);
#13643=ADVANCED_FACE('',(#5055),#4351,.F.);
#13644=ADVANCED_FACE('',(#5056),#4352,.F.);
#13645=ADVANCED_FACE('',(#5057),#4353,.F.);
#13646=ADVANCED_FACE('',(#5058),#4354,.F.);
#13647=ADVANCED_FACE('',(#5059,#131),#4355,.F.);
#13648=ADVANCED_FACE('',(#5060),#4356,.F.);
#13649=ADVANCED_FACE('',(#5061),#4357,.F.);
#13650=ADVANCED_FACE('',(#5062),#4358,.F.);
#13651=ADVANCED_FACE('',(#5063),#4359,.F.);
#13652=ADVANCED_FACE('',(#5064,#132),#4360,.F.);
#13653=ADVANCED_FACE('',(#5065),#4361,.F.);
#13654=ADVANCED_FACE('',(#5066),#4362,.F.);
#13655=ADVANCED_FACE('',(#5067),#4363,.F.);
#13656=ADVANCED_FACE('',(#5068),#4364,.F.);
#13657=ADVANCED_FACE('',(#5069,#133),#4365,.F.);
#13658=ADVANCED_FACE('',(#5070),#4366,.F.);
#13659=ADVANCED_FACE('',(#5071),#4367,.F.);
#13660=ADVANCED_FACE('',(#5072),#4368,.F.);
#13661=ADVANCED_FACE('',(#5073),#4369,.F.);
#13662=ADVANCED_FACE('',(#5074,#134),#4370,.F.);
#13663=ADVANCED_FACE('',(#5075),#4371,.F.);
#13664=ADVANCED_FACE('',(#5076),#4372,.F.);
#13665=ADVANCED_FACE('',(#5077),#4373,.F.);
#13666=ADVANCED_FACE('',(#5078),#4374,.F.);
#13667=ADVANCED_FACE('',(#5079,#135),#4375,.F.);
#13668=ADVANCED_FACE('',(#5080),#4376,.F.);
#13669=ADVANCED_FACE('',(#5081),#4377,.F.);
#13670=ADVANCED_FACE('',(#5082),#4378,.F.);
#13671=ADVANCED_FACE('',(#5083),#4379,.F.);
#13672=ADVANCED_FACE('',(#5084,#136),#4380,.F.);
#13673=ADVANCED_FACE('',(#5085),#4381,.F.);
#13674=ADVANCED_FACE('',(#5086),#4382,.F.);
#13675=ADVANCED_FACE('',(#5087),#4383,.F.);
#13676=ADVANCED_FACE('',(#5088),#4384,.F.);
#13677=ADVANCED_FACE('',(#5089,#137),#4385,.F.);
#13678=ADVANCED_FACE('',(#5090),#4386,.F.);
#13679=ADVANCED_FACE('',(#5091),#4387,.F.);
#13680=ADVANCED_FACE('',(#5092),#4388,.F.);
#13681=ADVANCED_FACE('',(#5093),#4389,.F.);
#13682=ADVANCED_FACE('',(#5094,#138),#4390,.F.);
#13683=ADVANCED_FACE('',(#5095),#4391,.F.);
#13684=ADVANCED_FACE('',(#5096),#4392,.F.);
#13685=ADVANCED_FACE('',(#5097),#4393,.F.);
#13686=ADVANCED_FACE('',(#5098),#4394,.F.);
#13687=ADVANCED_FACE('',(#5099,#139),#4395,.F.);
#13688=ADVANCED_FACE('',(#5100),#4396,.F.);
#13689=ADVANCED_FACE('',(#5101),#4397,.F.);
#13690=ADVANCED_FACE('',(#5102),#4398,.F.);
#13691=ADVANCED_FACE('',(#5103),#4399,.F.);
#13692=ADVANCED_FACE('',(#5104,#140),#4400,.F.);
#13693=ADVANCED_FACE('',(#5105),#4401,.T.);
#13694=ADVANCED_FACE('',(#5106),#4402,.T.);
#13695=ADVANCED_FACE('',(#5107),#4403,.T.);
#13696=ADVANCED_FACE('',(#5108),#4404,.T.);
#13697=ADVANCED_FACE('',(#5109),#4405,.T.);
#13698=ADVANCED_FACE('',(#5110),#4406,.T.);
#13699=ADVANCED_FACE('',(#5111),#4407,.T.);
#13700=ADVANCED_FACE('',(#5112),#4408,.T.);
#13701=ADVANCED_FACE('',(#5113),#4409,.T.);
#13702=ADVANCED_FACE('',(#5114),#4410,.T.);
#13703=ADVANCED_FACE('',(#5115),#4411,.T.);
#13704=ADVANCED_FACE('',(#5116),#4412,.T.);
#13705=ADVANCED_FACE('',(#5117),#4413,.T.);
#13706=ADVANCED_FACE('',(#5118),#4414,.T.);
#13707=ADVANCED_FACE('',(#5119),#4415,.T.);
#13708=ADVANCED_FACE('',(#5120),#4416,.T.);
#13709=ADVANCED_FACE('',(#5121),#4417,.T.);
#13710=ADVANCED_FACE('',(#5122),#4418,.T.);
#13711=ADVANCED_FACE('',(#5123),#4419,.T.);
#13712=ADVANCED_FACE('',(#5124),#4420,.T.);
#13713=ADVANCED_FACE('',(#5125),#4421,.T.);
#13714=ADVANCED_FACE('',(#5126),#4422,.T.);
#13715=ADVANCED_FACE('',(#5127),#4423,.T.);
#13716=ADVANCED_FACE('',(#5128),#4424,.T.);
#13717=ADVANCED_FACE('',(#5129),#4425,.T.);
#13718=ADVANCED_FACE('',(#5130),#4426,.T.);
#13719=ADVANCED_FACE('',(#5131),#4427,.T.);
#13720=ADVANCED_FACE('',(#5132),#4428,.T.);
#13721=ADVANCED_FACE('',(#5133),#4429,.F.);
#13722=ADVANCED_FACE('',(#5134),#4430,.F.);
#13723=ADVANCED_FACE('',(#5135),#4431,.F.);
#13724=ADVANCED_FACE('',(#5136),#4432,.F.);
#13725=ADVANCED_FACE('',(#5137,#141),#4433,.F.);
#13726=ADVANCED_FACE('',(#5138),#4434,.F.);
#13727=ADVANCED_FACE('',(#5139),#4435,.F.);
#13728=ADVANCED_FACE('',(#5140),#4436,.F.);
#13729=ADVANCED_FACE('',(#5141),#4437,.F.);
#13730=ADVANCED_FACE('',(#5142,#142),#4438,.F.);
#13731=ADVANCED_FACE('',(#5143),#4439,.F.);
#13732=ADVANCED_FACE('',(#5144),#4440,.F.);
#13733=ADVANCED_FACE('',(#5145),#4441,.F.);
#13734=ADVANCED_FACE('',(#5146),#4442,.F.);
#13735=ADVANCED_FACE('',(#5147,#143),#4443,.F.);
#13736=ADVANCED_FACE('',(#5148),#4444,.T.);
#13737=ADVANCED_FACE('',(#5149),#4445,.T.);
#13738=ADVANCED_FACE('',(#5150),#4446,.T.);
#13739=ADVANCED_FACE('',(#5151),#4447,.T.);
#13740=ADVANCED_FACE('',(#5152),#4448,.T.);
#13741=ADVANCED_FACE('',(#5153),#4449,.T.);
#13742=ADVANCED_FACE('',(#5154),#4450,.T.);
#13743=ADVANCED_FACE('',(#5155),#13083,.F.);
#13744=ADVANCED_FACE('',(#5156),#13084,.F.);
#13745=ADVANCED_FACE('',(#5157),#4451,.T.);
#13746=ADVANCED_FACE('',(#5158),#13085,.F.);
#13747=ADVANCED_FACE('',(#5159),#4452,.T.);
#13748=ADVANCED_FACE('',(#5160),#13086,.F.);
#13749=ADVANCED_FACE('',(#5161),#4453,.T.);
#13750=ADVANCED_FACE('',(#5162),#4454,.T.);
#13751=ADVANCED_FACE('',(#5163),#4455,.T.);
#13752=ADVANCED_FACE('',(#5164),#4456,.T.);
#13753=ADVANCED_FACE('',(#5165),#175,.F.);
#13754=ADVANCED_FACE('',(#5166),#4457,.T.);
#13755=ADVANCED_FACE('',(#5167),#4458,.T.);
#13756=ADVANCED_FACE('',(#5168),#4459,.T.);
#13757=ADVANCED_FACE('',(#5169),#4460,.T.);
#13758=ADVANCED_FACE('',(#5170),#4461,.T.);
#13759=ADVANCED_FACE('',(#5171),#4462,.T.);
#13760=ADVANCED_FACE('',(#5172),#176,.F.);
#13761=ADVANCED_FACE('',(#5173),#177,.F.);
#13762=ADVANCED_FACE('',(#5174),#4463,.T.);
#13763=ADVANCED_FACE('',(#5175),#4464,.T.);
#13764=ADVANCED_FACE('',(#5176),#4465,.T.);
#13765=ADVANCED_FACE('',(#5177),#4466,.T.);
#13766=ADVANCED_FACE('',(#5178),#4467,.T.);
#13767=ADVANCED_FACE('',(#5179),#4468,.T.);
#13768=ADVANCED_FACE('',(#5180),#4469,.T.);
#13769=ADVANCED_FACE('',(#5181),#4470,.T.);
#13770=ADVANCED_FACE('',(#5182),#178,.F.);
#13771=ADVANCED_FACE('',(#5183),#4471,.T.);
#13772=ADVANCED_FACE('',(#5184),#4472,.T.);
#13773=ADVANCED_FACE('',(#5185),#4473,.T.);
#13774=ADVANCED_FACE('',(#5186),#4474,.T.);
#13775=ADVANCED_FACE('',(#5187),#4475,.T.);
#13776=ADVANCED_FACE('',(#5188),#4476,.T.);
#13777=ADVANCED_FACE('',(#5189),#4477,.T.);
#13778=ADVANCED_FACE('',(#5190),#4478,.T.);
#13779=ADVANCED_FACE('',(#5191),#4479,.T.);
#13780=ADVANCED_FACE('',(#5192),#4480,.T.);
#13781=ADVANCED_FACE('',(#5193),#4481,.T.);
#13782=ADVANCED_FACE('',(#5194),#4482,.T.);
#13783=ADVANCED_FACE('',(#5195),#4483,.T.);
#13784=ADVANCED_FACE('',(#5196),#4484,.T.);
#13785=ADVANCED_FACE('',(#5197),#4485,.T.);
#13786=ADVANCED_FACE('',(#5198),#4486,.T.);
#13787=ADVANCED_FACE('',(#5199),#4487,.T.);
#13788=ADVANCED_FACE('',(#5200),#4488,.T.);
#13789=ADVANCED_FACE('',(#5201),#4489,.T.);
#13790=ADVANCED_FACE('',(#5202),#4490,.T.);
#13791=ADVANCED_FACE('',(#5203),#4491,.T.);
#13792=ADVANCED_FACE('',(#5204),#4492,.T.);
#13793=ADVANCED_FACE('',(#5205),#4493,.T.);
#13794=ADVANCED_FACE('',(#5206),#4494,.T.);
#13795=ADVANCED_FACE('',(#5207),#179,.T.);
#13796=ADVANCED_FACE('',(#5208),#4495,.T.);
#13797=ADVANCED_FACE('',(#5209),#180,.T.);
#13798=ADVANCED_FACE('',(#5210),#4496,.T.);
#13799=ADVANCED_FACE('',(#5211),#181,.T.);
#13800=ADVANCED_FACE('',(#5212),#4497,.T.);
#13801=ADVANCED_FACE('',(#5213),#182,.T.);
#13802=ADVANCED_FACE('',(#5214,#144,#145,#146,#147,#148,#149,#150,#151,
#152,#153,#154,#155,#156,#157,#158,#159,#160,#161,#162,#163,#164,#165,#166,
#167,#168),#4498,.T.);
#13803=CLOSED_SHELL('',(#13087,#13088,#13089,#13090,#13091,#13092,#13093,
#13094,#13095,#13096,#13097,#13098,#13099,#13100,#13101,#13102,#13103,#13104,
#13105,#13106,#13107,#13108,#13109,#13110,#13111,#13112,#13113,#13114,#13115,
#13116,#13117,#13118,#13119,#13120,#13121,#13122,#13123,#13124,#13125,#13126,
#13127,#13128,#13129,#13130,#13131,#13132,#13133,#13134,#13135,#13136,#13137,
#13138,#13139,#13140,#13141,#13142,#13143,#13144,#13145,#13146,#13147,#13148,
#13149,#13150,#13151,#13152,#13153,#13154,#13155,#13156,#13157,#13158,#13159,
#13160,#13161,#13162,#13163,#13164,#13165,#13166,#13167,#13168,#13169,#13170,
#13171,#13172,#13173,#13174,#13175,#13176,#13177,#13178,#13179,#13180,#13181,
#13182,#13183,#13184,#13185,#13186,#13187,#13188,#13189,#13190,#13191,#13192,
#13193,#13194,#13195,#13196,#13197,#13198,#13199,#13200,#13201,#13202,#13203,
#13204,#13205,#13206,#13207,#13208,#13209,#13210,#13211,#13212,#13213,#13214,
#13215,#13216,#13217,#13218,#13219,#13220,#13221,#13222,#13223,#13224,#13225,
#13226,#13227,#13228,#13229,#13230,#13231,#13232,#13233,#13234,#13235,#13236,
#13237,#13238,#13239,#13240,#13241,#13242,#13243,#13244,#13245,#13246,#13247,
#13248,#13249,#13250,#13251,#13252,#13253,#13254,#13255,#13256,#13257,#13258,
#13259,#13260,#13261,#13262,#13263,#13264,#13265,#13266,#13267,#13268,#13269,
#13270,#13271,#13272,#13273,#13274,#13275,#13276,#13277,#13278,#13279,#13280,
#13281,#13282,#13283,#13284,#13285,#13286,#13287,#13288,#13289,#13290,#13291,
#13292,#13293,#13294,#13295,#13296,#13297,#13298,#13299,#13300,#13301,#13302,
#13303,#13304,#13305,#13306,#13307,#13308,#13309,#13310,#13311,#13312,#13313,
#13314,#13315,#13316,#13317,#13318,#13319,#13320,#13321,#13322,#13323,#13324,
#13325,#13326,#13327,#13328,#13329,#13330,#13331,#13332,#13333,#13334,#13335,
#13336,#13337,#13338,#13339,#13340,#13341,#13342,#13343,#13344,#13345,#13346,
#13347,#13348,#13349,#13350,#13351,#13352,#13353,#13354,#13355,#13356,#13357,
#13358,#13359,#13360,#13361,#13362,#13363,#13364,#13365,#13366,#13367,#13368,
#13369,#13370,#13371,#13372,#13373,#13374,#13375,#13376,#13377,#13378,#13379,
#13380,#13381,#13382,#13383,#13384,#13385,#13386,#13387,#13388,#13389,#13390,
#13391,#13392,#13393,#13394,#13395,#13396,#13397,#13398,#13399,#13400,#13401,
#13402,#13403,#13404,#13405,#13406,#13407,#13408,#13409,#13410,#13411,#13412,
#13413,#13414,#13415,#13416,#13417,#13418,#13419,#13420,#13421,#13422,#13423,
#13424,#13425,#13426,#13427,#13428,#13429,#13430,#13431,#13432,#13433,#13434,
#13435,#13436,#13437,#13438,#13439,#13440,#13441,#13442,#13443,#13444,#13445,
#13446,#13447,#13448,#13449,#13450,#13451,#13452,#13453,#13454,#13455,#13456,
#13457,#13458,#13459,#13460,#13461,#13462,#13463,#13464,#13465,#13466,#13467,
#13468,#13469,#13470,#13471,#13472,#13473,#13474,#13475,#13476,#13477,#13478,
#13479,#13480,#13481,#13482,#13483,#13484,#13485,#13486,#13487,#13488,#13489,
#13490,#13491,#13492,#13493,#13494,#13495,#13496,#13497,#13498,#13499,#13500,
#13501,#13502,#13503,#13504,#13505,#13506,#13507,#13508,#13509,#13510,#13511,
#13512,#13513,#13514,#13515,#13516,#13517,#13518,#13519,#13520,#13521,#13522,
#13523,#13524,#13525,#13526,#13527,#13528,#13529,#13530,#13531,#13532,#13533,
#13534,#13535,#13536,#13537,#13538));
#13804=CLOSED_SHELL('',(#13539,#13540,#13541,#13542,#13543,#13544,#13545,
#13546,#13547,#13548,#13549,#13550,#13551,#13552,#13553,#13554,#13555,#13556,
#13557,#13558,#13559,#13560,#13561,#13562,#13563,#13564,#13565,#13566,#13567,
#13568,#13569,#13570,#13571,#13572,#13573,#13574,#13575,#13576,#13577,#13578,
#13579,#13580,#13581,#13582,#13583,#13584,#13585,#13586,#13587,#13588,#13589,
#13590,#13591,#13592,#13593,#13594,#13595,#13596,#13597,#13598,#13599,#13600,
#13601,#13602,#13603,#13604,#13605,#13606,#13607,#13608,#13609,#13610,#13611,
#13612,#13613,#13614,#13615,#13616,#13617,#13618,#13619,#13620,#13621,#13622,
#13623,#13624,#13625,#13626,#13627,#13628,#13629,#13630,#13631,#13632,#13633,
#13634,#13635,#13636,#13637,#13638,#13639,#13640,#13641,#13642,#13643,#13644,
#13645,#13646,#13647,#13648,#13649,#13650,#13651,#13652,#13653,#13654,#13655,
#13656,#13657,#13658,#13659,#13660,#13661,#13662,#13663,#13664,#13665,#13666,
#13667,#13668,#13669,#13670,#13671,#13672,#13673,#13674,#13675,#13676,#13677,
#13678,#13679,#13680,#13681,#13682,#13683,#13684,#13685,#13686,#13687,#13688,
#13689,#13690,#13691,#13692,#13693,#13694,#13695,#13696,#13697,#13698,#13699,
#13700,#13701,#13702,#13703,#13704,#13705,#13706,#13707,#13708,#13709,#13710,
#13711,#13712,#13713,#13714,#13715,#13716,#13717,#13718,#13719,#13720,#13721,
#13722,#13723,#13724,#13725,#13726,#13727,#13728,#13729,#13730,#13731,#13732,
#13733,#13734,#13735,#13736,#13737,#13738,#13739,#13740,#13741,#13742,#13743,
#13744,#13745,#13746,#13747,#13748,#13749,#13750,#13751,#13752,#13753,#13754,
#13755,#13756,#13757,#13758,#13759,#13760,#13761,#13762,#13763,#13764,#13765,
#13766,#13767,#13768,#13769,#13770,#13771,#13772,#13773,#13774,#13775,#13776,
#13777,#13778,#13779,#13780,#13781,#13782,#13783,#13784,#13785,#13786,#13787,
#13788,#13789,#13790,#13791,#13792,#13793,#13794,#13795,#13796,#13797,#13798,
#13799,#13800,#13801,#13802));
#13805=DERIVED_UNIT_ELEMENT(#13809,1.);
#13806=DERIVED_UNIT_ELEMENT(#21894,-3.);
#13807=DERIVED_UNIT_ELEMENT(#13809,1.);
#13808=DERIVED_UNIT_ELEMENT(#21894,-3.);
#13809=(
MASS_UNIT()
NAMED_UNIT(*)
SI_UNIT(.KILO.,.GRAM.)
);
#13810=DERIVED_UNIT((#13805,#13806));
#13811=DERIVED_UNIT((#13807,#13808));
#13812=MEASURE_REPRESENTATION_ITEM('density measure',
POSITIVE_RATIO_MEASURE(7850.),#13810);
#13813=MEASURE_REPRESENTATION_ITEM('density measure',
POSITIVE_RATIO_MEASURE(7850.),#13811);
#13814=PROPERTY_DEFINITION_REPRESENTATION(#13824,#13818);
#13815=PROPERTY_DEFINITION_REPRESENTATION(#13825,#13819);
#13816=PROPERTY_DEFINITION_REPRESENTATION(#13826,#13820);
#13817=PROPERTY_DEFINITION_REPRESENTATION(#13827,#13821);
#13818=REPRESENTATION('material name',(#13822),#21890);
#13819=REPRESENTATION('density',(#13812),#21890);
#13820=REPRESENTATION('material name',(#13823),#21891);
#13821=REPRESENTATION('density',(#13813),#21891);
#13822=DESCRIPTIVE_REPRESENTATION_ITEM('Steel','Steel');
#13823=DESCRIPTIVE_REPRESENTATION_ITEM('Steel','Steel');
#13824=PROPERTY_DEFINITION('material property','material name',#21910);
#13825=PROPERTY_DEFINITION('material property','density of part',#21910);
#13826=PROPERTY_DEFINITION('material property','material name',#21911);
#13827=PROPERTY_DEFINITION('material property','density of part',#21911);
#13828=AXIS2_PLACEMENT_3D('',#18002,#14615,#14616);
#13829=AXIS2_PLACEMENT_3D('',#18003,#14617,#14618);
#13830=AXIS2_PLACEMENT_3D('',#18004,#14619,#14620);
#13831=AXIS2_PLACEMENT_3D('',#18007,#14621,#14622);
#13832=AXIS2_PLACEMENT_3D('',#18013,#14623,#14624);
#13833=AXIS2_PLACEMENT_3D('',#18019,#14625,#14626);
#13834=AXIS2_PLACEMENT_3D('',#18020,#14627,#14628);
#13835=AXIS2_PLACEMENT_3D('',#18021,#14629,#14630);
#13836=AXIS2_PLACEMENT_3D('',#18023,#14632,#14633);
#13837=AXIS2_PLACEMENT_3D('',#18026,#14634,#14635);
#13838=AXIS2_PLACEMENT_3D('',#18032,#14636,#14637);
#13839=AXIS2_PLACEMENT_3D('',#18038,#14638,#14639);
#13840=AXIS2_PLACEMENT_3D('',#18039,#14640,#14641);
#13841=AXIS2_PLACEMENT_3D('',#18040,#14642,#14643);
#13842=AXIS2_PLACEMENT_3D('',#18042,#14645,#14646);
#13843=AXIS2_PLACEMENT_3D('',#18052,#14652,#14653);
#13844=AXIS2_PLACEMENT_3D('',#18056,#14656,#14657);
#13845=AXIS2_PLACEMENT_3D('',#18060,#14660,#14661);
#13846=AXIS2_PLACEMENT_3D('',#18070,#14667,#14668);
#13847=AXIS2_PLACEMENT_3D('',#18080,#14674,#14675);
#13848=AXIS2_PLACEMENT_3D('',#18084,#14678,#14679);
#13849=AXIS2_PLACEMENT_3D('',#18087,#14680,#14681);
#13850=AXIS2_PLACEMENT_3D('',#18093,#14682,#14683);
#13851=AXIS2_PLACEMENT_3D('',#18099,#14684,#14685);
#13852=AXIS2_PLACEMENT_3D('',#18100,#14686,#14687);
#13853=AXIS2_PLACEMENT_3D('',#18101,#14688,#14689);
#13854=AXIS2_PLACEMENT_3D('',#18103,#14691,#14692);
#13855=AXIS2_PLACEMENT_3D('',#18106,#14693,#14694);
#13856=AXIS2_PLACEMENT_3D('',#18112,#14695,#14696);
#13857=AXIS2_PLACEMENT_3D('',#18118,#14697,#14698);
#13858=AXIS2_PLACEMENT_3D('',#18119,#14699,#14700);
#13859=AXIS2_PLACEMENT_3D('',#18120,#14701,#14702);
#13860=AXIS2_PLACEMENT_3D('',#18122,#14704,#14705);
#13861=AXIS2_PLACEMENT_3D('',#18133,#14712,#14713);
#13862=AXIS2_PLACEMENT_3D('',#18137,#14716,#14717);
#13863=AXIS2_PLACEMENT_3D('',#18141,#14720,#14721);
#13864=AXIS2_PLACEMENT_3D('',#18143,#14723,#14724);
#13865=AXIS2_PLACEMENT_3D('',#18152,#14729,#14730);
#13866=AXIS2_PLACEMENT_3D('',#18158,#14734,#14735);
#13867=AXIS2_PLACEMENT_3D('',#18164,#14739,#14740);
#13868=AXIS2_PLACEMENT_3D('',#18170,#14744,#14745);
#13869=AXIS2_PLACEMENT_3D('',#18176,#14749,#14750);
#13870=AXIS2_PLACEMENT_3D('',#18182,#14754,#14755);
#13871=AXIS2_PLACEMENT_3D('',#18188,#14759,#14760);
#13872=AXIS2_PLACEMENT_3D('',#18194,#14764,#14765);
#13873=AXIS2_PLACEMENT_3D('',#18200,#14769,#14770);
#13874=AXIS2_PLACEMENT_3D('',#18206,#14774,#14775);
#13875=AXIS2_PLACEMENT_3D('',#18212,#14779,#14780);
#13876=AXIS2_PLACEMENT_3D('',#18215,#14783,#14784);
#13877=AXIS2_PLACEMENT_3D('',#18216,#14785,#14786);
#13878=AXIS2_PLACEMENT_3D('',#18225,#14791,#14792);
#13879=AXIS2_PLACEMENT_3D('',#18231,#14796,#14797);
#13880=AXIS2_PLACEMENT_3D('',#18237,#14801,#14802);
#13881=AXIS2_PLACEMENT_3D('',#18243,#14806,#14807);
#13882=AXIS2_PLACEMENT_3D('',#18249,#14811,#14812);
#13883=AXIS2_PLACEMENT_3D('',#18255,#14816,#14817);
#13884=AXIS2_PLACEMENT_3D('',#18261,#14821,#14822);
#13885=AXIS2_PLACEMENT_3D('',#18267,#14826,#14827);
#13886=AXIS2_PLACEMENT_3D('',#18273,#14831,#14832);
#13887=AXIS2_PLACEMENT_3D('',#18279,#14836,#14837);
#13888=AXIS2_PLACEMENT_3D('',#18285,#14841,#14842);
#13889=AXIS2_PLACEMENT_3D('',#18288,#14845,#14846);
#13890=AXIS2_PLACEMENT_3D('',#18289,#14847,#14848);
#13891=AXIS2_PLACEMENT_3D('',#18298,#14853,#14854);
#13892=AXIS2_PLACEMENT_3D('',#18304,#14858,#14859);
#13893=AXIS2_PLACEMENT_3D('',#18310,#14863,#14864);
#13894=AXIS2_PLACEMENT_3D('',#18316,#14868,#14869);
#13895=AXIS2_PLACEMENT_3D('',#18322,#14873,#14874);
#13896=AXIS2_PLACEMENT_3D('',#18328,#14878,#14879);
#13897=AXIS2_PLACEMENT_3D('',#18334,#14883,#14884);
#13898=AXIS2_PLACEMENT_3D('',#18340,#14888,#14889);
#13899=AXIS2_PLACEMENT_3D('',#18346,#14893,#14894);
#13900=AXIS2_PLACEMENT_3D('',#18352,#14898,#14899);
#13901=AXIS2_PLACEMENT_3D('',#18358,#14903,#14904);
#13902=AXIS2_PLACEMENT_3D('',#18361,#14907,#14908);
#13903=AXIS2_PLACEMENT_3D('',#18362,#14909,#14910);
#13904=AXIS2_PLACEMENT_3D('',#18371,#14915,#14916);
#13905=AXIS2_PLACEMENT_3D('',#18377,#14920,#14921);
#13906=AXIS2_PLACEMENT_3D('',#18383,#14925,#14926);
#13907=AXIS2_PLACEMENT_3D('',#18389,#14930,#14931);
#13908=AXIS2_PLACEMENT_3D('',#18395,#14935,#14936);
#13909=AXIS2_PLACEMENT_3D('',#18401,#14940,#14941);
#13910=AXIS2_PLACEMENT_3D('',#18407,#14945,#14946);
#13911=AXIS2_PLACEMENT_3D('',#18413,#14950,#14951);
#13912=AXIS2_PLACEMENT_3D('',#18419,#14955,#14956);
#13913=AXIS2_PLACEMENT_3D('',#18425,#14960,#14961);
#13914=AXIS2_PLACEMENT_3D('',#18431,#14965,#14966);
#13915=AXIS2_PLACEMENT_3D('',#18434,#14969,#14970);
#13916=AXIS2_PLACEMENT_3D('',#18435,#14971,#14972);
#13917=AXIS2_PLACEMENT_3D('',#18444,#14977,#14978);
#13918=AXIS2_PLACEMENT_3D('',#18450,#14982,#14983);
#13919=AXIS2_PLACEMENT_3D('',#18456,#14987,#14988);
#13920=AXIS2_PLACEMENT_3D('',#18462,#14992,#14993);
#13921=AXIS2_PLACEMENT_3D('',#18468,#14997,#14998);
#13922=AXIS2_PLACEMENT_3D('',#18474,#15002,#15003);
#13923=AXIS2_PLACEMENT_3D('',#18480,#15007,#15008);
#13924=AXIS2_PLACEMENT_3D('',#18486,#15012,#15013);
#13925=AXIS2_PLACEMENT_3D('',#18492,#15017,#15018);
#13926=AXIS2_PLACEMENT_3D('',#18498,#15022,#15023);
#13927=AXIS2_PLACEMENT_3D('',#18504,#15027,#15028);
#13928=AXIS2_PLACEMENT_3D('',#18507,#15031,#15032);
#13929=AXIS2_PLACEMENT_3D('',#18508,#15033,#15034);
#13930=AXIS2_PLACEMENT_3D('',#18517,#15039,#15040);
#13931=AXIS2_PLACEMENT_3D('',#18523,#15044,#15045);
#13932=AXIS2_PLACEMENT_3D('',#18529,#15049,#15050);
#13933=AXIS2_PLACEMENT_3D('',#18535,#15054,#15055);
#13934=AXIS2_PLACEMENT_3D('',#18541,#15059,#15060);
#13935=AXIS2_PLACEMENT_3D('',#18547,#15064,#15065);
#13936=AXIS2_PLACEMENT_3D('',#18553,#15069,#15070);
#13937=AXIS2_PLACEMENT_3D('',#18559,#15074,#15075);
#13938=AXIS2_PLACEMENT_3D('',#18565,#15079,#15080);
#13939=AXIS2_PLACEMENT_3D('',#18571,#15084,#15085);
#13940=AXIS2_PLACEMENT_3D('',#18577,#15089,#15090);
#13941=AXIS2_PLACEMENT_3D('',#18580,#15093,#15094);
#13942=AXIS2_PLACEMENT_3D('',#18581,#15095,#15096);
#13943=AXIS2_PLACEMENT_3D('',#18583,#15097,#15098);
#13944=AXIS2_PLACEMENT_3D('',#18586,#15100,#15101);
#13945=AXIS2_PLACEMENT_3D('',#18587,#15102,#15103);
#13946=AXIS2_PLACEMENT_3D('',#18588,#15104,#15105);
#13947=AXIS2_PLACEMENT_3D('',#18593,#15107,#15108);
#13948=AXIS2_PLACEMENT_3D('',#18597,#15110,#15111);
#13949=AXIS2_PLACEMENT_3D('',#18600,#15113,#15114);
#13950=AXIS2_PLACEMENT_3D('',#18601,#15115,#15116);
#13951=AXIS2_PLACEMENT_3D('',#18602,#15117,#15118);
#13952=AXIS2_PLACEMENT_3D('',#18603,#15119,#15120);
#13953=AXIS2_PLACEMENT_3D('',#18788,#15214,#15215);
#13954=AXIS2_PLACEMENT_3D('',#18946,#15294,#15295);
#13955=AXIS2_PLACEMENT_3D('',#18953,#15299,#15300);
#13956=AXIS2_PLACEMENT_3D('',#18954,#15301,#15302);
#13957=AXIS2_PLACEMENT_3D('',#18958,#15305,#15306);
#13958=AXIS2_PLACEMENT_3D('',#18964,#15310,#15311);
#13959=AXIS2_PLACEMENT_3D('',#18967,#15313,#15314);
#13960=AXIS2_PLACEMENT_3D('',#18968,#15315,#15316);
#13961=AXIS2_PLACEMENT_3D('',#18972,#15319,#15320);
#13962=AXIS2_PLACEMENT_3D('',#18976,#15323,#15324);
#13963=AXIS2_PLACEMENT_3D('',#18980,#15327,#15328);
#13964=AXIS2_PLACEMENT_3D('',#18981,#15329,#15330);
#13965=AXIS2_PLACEMENT_3D('',#18982,#15331,#15332);
#13966=AXIS2_PLACEMENT_3D('',#18983,#15333,#15334);
#13967=AXIS2_PLACEMENT_3D('',#18989,#15338,#15339);
#13968=AXIS2_PLACEMENT_3D('',#18993,#15342,#15343);
#13969=AXIS2_PLACEMENT_3D('',#18997,#15346,#15347);
#13970=AXIS2_PLACEMENT_3D('',#18999,#15349,#15350);
#13971=AXIS2_PLACEMENT_3D('',#19008,#15355,#15356);
#13972=AXIS2_PLACEMENT_3D('',#19014,#15360,#15361);
#13973=AXIS2_PLACEMENT_3D('',#19018,#15364,#15365);
#13974=AXIS2_PLACEMENT_3D('',#19022,#15368,#15369);
#13975=AXIS2_PLACEMENT_3D('',#19024,#15371,#15372);
#13976=AXIS2_PLACEMENT_3D('',#19033,#15377,#15378);
#13977=AXIS2_PLACEMENT_3D('',#19039,#15382,#15383);
#13978=AXIS2_PLACEMENT_3D('',#19043,#15386,#15387);
#13979=AXIS2_PLACEMENT_3D('',#19049,#15391,#15392);
#13980=AXIS2_PLACEMENT_3D('',#19053,#15395,#15396);
#13981=AXIS2_PLACEMENT_3D('',#19059,#15400,#15401);
#13982=AXIS2_PLACEMENT_3D('',#19063,#15404,#15405);
#13983=AXIS2_PLACEMENT_3D('',#19067,#15408,#15409);
#13984=AXIS2_PLACEMENT_3D('',#19069,#15411,#15412);
#13985=AXIS2_PLACEMENT_3D('',#19078,#15417,#15418);
#13986=AXIS2_PLACEMENT_3D('',#19084,#15422,#15423);
#13987=AXIS2_PLACEMENT_3D('',#19088,#15426,#15427);
#13988=AXIS2_PLACEMENT_3D('',#19092,#15430,#15431);
#13989=AXIS2_PLACEMENT_3D('',#19094,#15433,#15434);
#13990=AXIS2_PLACEMENT_3D('',#19103,#15439,#15440);
#13991=AXIS2_PLACEMENT_3D('',#19109,#15444,#15445);
#13992=AXIS2_PLACEMENT_3D('',#19113,#15448,#15449);
#13993=AXIS2_PLACEMENT_3D('',#19119,#15453,#15454);
#13994=AXIS2_PLACEMENT_3D('',#19123,#15457,#15458);
#13995=AXIS2_PLACEMENT_3D('',#19127,#15461,#15462);
#13996=AXIS2_PLACEMENT_3D('',#19131,#15465,#15466);
#13997=AXIS2_PLACEMENT_3D('',#19135,#15469,#15470);
#13998=AXIS2_PLACEMENT_3D('',#19137,#15472,#15473);
#13999=AXIS2_PLACEMENT_3D('',#19146,#15478,#15479);
#14000=AXIS2_PLACEMENT_3D('',#19152,#15483,#15484);
#14001=AXIS2_PLACEMENT_3D('',#19156,#15487,#15488);
#14002=AXIS2_PLACEMENT_3D('',#19162,#15492,#15493);
#14003=AXIS2_PLACEMENT_3D('',#19166,#15496,#15497);
#14004=AXIS2_PLACEMENT_3D('',#19170,#15500,#15501);
#14005=AXIS2_PLACEMENT_3D('',#19172,#15503,#15504);
#14006=AXIS2_PLACEMENT_3D('',#19181,#15509,#15510);
#14007=AXIS2_PLACEMENT_3D('',#19187,#15514,#15515);
#14008=AXIS2_PLACEMENT_3D('',#19191,#15518,#15519);
#14009=AXIS2_PLACEMENT_3D('',#19195,#15522,#15523);
#14010=AXIS2_PLACEMENT_3D('',#19197,#15525,#15526);
#14011=AXIS2_PLACEMENT_3D('',#19206,#15531,#15532);
#14012=AXIS2_PLACEMENT_3D('',#19212,#15536,#15537);
#14013=AXIS2_PLACEMENT_3D('',#19216,#15540,#15541);
#14014=AXIS2_PLACEMENT_3D('',#19220,#15544,#15545);
#14015=AXIS2_PLACEMENT_3D('',#19222,#15547,#15548);
#14016=AXIS2_PLACEMENT_3D('',#19231,#15553,#15554);
#14017=AXIS2_PLACEMENT_3D('',#19237,#15558,#15559);
#14018=AXIS2_PLACEMENT_3D('',#19241,#15562,#15563);
#14019=AXIS2_PLACEMENT_3D('',#19245,#15566,#15567);
#14020=AXIS2_PLACEMENT_3D('',#19247,#15569,#15570);
#14021=AXIS2_PLACEMENT_3D('',#19256,#15575,#15576);
#14022=AXIS2_PLACEMENT_3D('',#19262,#15580,#15581);
#14023=AXIS2_PLACEMENT_3D('',#19266,#15584,#15585);
#14024=AXIS2_PLACEMENT_3D('',#19270,#15588,#15589);
#14025=AXIS2_PLACEMENT_3D('',#19272,#15591,#15592);
#14026=AXIS2_PLACEMENT_3D('',#19281,#15597,#15598);
#14027=AXIS2_PLACEMENT_3D('',#19287,#15602,#15603);
#14028=AXIS2_PLACEMENT_3D('',#19291,#15606,#15607);
#14029=AXIS2_PLACEMENT_3D('',#19295,#15610,#15611);
#14030=AXIS2_PLACEMENT_3D('',#19297,#15613,#15614);
#14031=AXIS2_PLACEMENT_3D('',#19306,#15619,#15620);
#14032=AXIS2_PLACEMENT_3D('',#19312,#15624,#15625);
#14033=AXIS2_PLACEMENT_3D('',#19316,#15628,#15629);
#14034=AXIS2_PLACEMENT_3D('',#19320,#15632,#15633);
#14035=AXIS2_PLACEMENT_3D('',#19322,#15635,#15636);
#14036=AXIS2_PLACEMENT_3D('',#19331,#15641,#15642);
#14037=AXIS2_PLACEMENT_3D('',#19337,#15646,#15647);
#14038=AXIS2_PLACEMENT_3D('',#19341,#15650,#15651);
#14039=AXIS2_PLACEMENT_3D('',#19345,#15654,#15655);
#14040=AXIS2_PLACEMENT_3D('',#19347,#15657,#15658);
#14041=AXIS2_PLACEMENT_3D('',#19356,#15663,#15664);
#14042=AXIS2_PLACEMENT_3D('',#19362,#15668,#15669);
#14043=AXIS2_PLACEMENT_3D('',#19366,#15672,#15673);
#14044=AXIS2_PLACEMENT_3D('',#19370,#15676,#15677);
#14045=AXIS2_PLACEMENT_3D('',#19372,#15679,#15680);
#14046=AXIS2_PLACEMENT_3D('',#19381,#15685,#15686);
#14047=AXIS2_PLACEMENT_3D('',#19387,#15690,#15691);
#14048=AXIS2_PLACEMENT_3D('',#19391,#15694,#15695);
#14049=AXIS2_PLACEMENT_3D('',#19395,#15698,#15699);
#14050=AXIS2_PLACEMENT_3D('',#19397,#15701,#15702);
#14051=AXIS2_PLACEMENT_3D('',#19406,#15707,#15708);
#14052=AXIS2_PLACEMENT_3D('',#19412,#15712,#15713);
#14053=AXIS2_PLACEMENT_3D('',#19416,#15716,#15717);
#14054=AXIS2_PLACEMENT_3D('',#19420,#15720,#15721);
#14055=AXIS2_PLACEMENT_3D('',#19422,#15723,#15724);
#14056=AXIS2_PLACEMENT_3D('',#19431,#15729,#15730);
#14057=AXIS2_PLACEMENT_3D('',#19437,#15734,#15735);
#14058=AXIS2_PLACEMENT_3D('',#19441,#15738,#15739);
#14059=AXIS2_PLACEMENT_3D('',#19445,#15742,#15743);
#14060=AXIS2_PLACEMENT_3D('',#19447,#15745,#15746);
#14061=AXIS2_PLACEMENT_3D('',#19456,#15751,#15752);
#14062=AXIS2_PLACEMENT_3D('',#19462,#15756,#15757);
#14063=AXIS2_PLACEMENT_3D('',#19466,#15760,#15761);
#14064=AXIS2_PLACEMENT_3D('',#19470,#15764,#15765);
#14065=AXIS2_PLACEMENT_3D('',#19472,#15767,#15768);
#14066=AXIS2_PLACEMENT_3D('',#19481,#15773,#15774);
#14067=AXIS2_PLACEMENT_3D('',#19487,#15778,#15779);
#14068=AXIS2_PLACEMENT_3D('',#19491,#15782,#15783);
#14069=AXIS2_PLACEMENT_3D('',#19495,#15786,#15787);
#14070=AXIS2_PLACEMENT_3D('',#19497,#15789,#15790);
#14071=AXIS2_PLACEMENT_3D('',#19506,#15795,#15796);
#14072=AXIS2_PLACEMENT_3D('',#19512,#15800,#15801);
#14073=AXIS2_PLACEMENT_3D('',#19516,#15804,#15805);
#14074=AXIS2_PLACEMENT_3D('',#19522,#15809,#15810);
#14075=AXIS2_PLACEMENT_3D('',#19526,#15813,#15814);
#14076=AXIS2_PLACEMENT_3D('',#19532,#15818,#15819);
#14077=AXIS2_PLACEMENT_3D('',#19536,#15822,#15823);
#14078=AXIS2_PLACEMENT_3D('',#19542,#15827,#15828);
#14079=AXIS2_PLACEMENT_3D('',#19546,#15831,#15832);
#14080=AXIS2_PLACEMENT_3D('',#19552,#15836,#15837);
#14081=AXIS2_PLACEMENT_3D('',#19556,#15840,#15841);
#14082=AXIS2_PLACEMENT_3D('',#19562,#15845,#15846);
#14083=AXIS2_PLACEMENT_3D('',#19566,#15849,#15850);
#14084=AXIS2_PLACEMENT_3D('',#19572,#15854,#15855);
#14085=AXIS2_PLACEMENT_3D('',#19576,#15858,#15859);
#14086=AXIS2_PLACEMENT_3D('',#19582,#15863,#15864);
#14087=AXIS2_PLACEMENT_3D('',#19586,#15867,#15868);
#14088=AXIS2_PLACEMENT_3D('',#19592,#15872,#15873);
#14089=AXIS2_PLACEMENT_3D('',#19596,#15876,#15877);
#14090=AXIS2_PLACEMENT_3D('',#19602,#15881,#15882);
#14091=AXIS2_PLACEMENT_3D('',#19606,#15885,#15886);
#14092=AXIS2_PLACEMENT_3D('',#19612,#15890,#15891);
#14093=AXIS2_PLACEMENT_3D('',#19616,#15894,#15895);
#14094=AXIS2_PLACEMENT_3D('',#19622,#15899,#15900);
#14095=AXIS2_PLACEMENT_3D('',#19626,#15903,#15904);
#14096=AXIS2_PLACEMENT_3D('',#19632,#15908,#15909);
#14097=AXIS2_PLACEMENT_3D('',#19636,#15912,#15913);
#14098=AXIS2_PLACEMENT_3D('',#19642,#15917,#15918);
#14099=AXIS2_PLACEMENT_3D('',#19646,#15921,#15922);
#14100=AXIS2_PLACEMENT_3D('',#19664,#15932,#15933);
#14101=AXIS2_PLACEMENT_3D('',#19668,#15936,#15937);
#14102=AXIS2_PLACEMENT_3D('',#19672,#15940,#15941);
#14103=AXIS2_PLACEMENT_3D('',#19676,#15944,#15945);
#14104=AXIS2_PLACEMENT_3D('',#19680,#15948,#15949);
#14105=AXIS2_PLACEMENT_3D('',#19684,#15952,#15953);
#14106=AXIS2_PLACEMENT_3D('',#19688,#15956,#15957);
#14107=AXIS2_PLACEMENT_3D('',#19692,#15960,#15961);
#14108=AXIS2_PLACEMENT_3D('',#19696,#15964,#15965);
#14109=AXIS2_PLACEMENT_3D('',#19700,#15968,#15969);
#14110=AXIS2_PLACEMENT_3D('',#19704,#15972,#15973);
#14111=AXIS2_PLACEMENT_3D('',#19708,#15976,#15977);
#14112=AXIS2_PLACEMENT_3D('',#19712,#15980,#15981);
#14113=AXIS2_PLACEMENT_3D('',#19716,#15984,#15985);
#14114=AXIS2_PLACEMENT_3D('',#19720,#15988,#15989);
#14115=AXIS2_PLACEMENT_3D('',#19724,#15992,#15993);
#14116=AXIS2_PLACEMENT_3D('',#19728,#15996,#15997);
#14117=AXIS2_PLACEMENT_3D('',#19732,#16000,#16001);
#14118=AXIS2_PLACEMENT_3D('',#19736,#16004,#16005);
#14119=AXIS2_PLACEMENT_3D('',#19740,#16008,#16009);
#14120=AXIS2_PLACEMENT_3D('',#19744,#16012,#16013);
#14121=AXIS2_PLACEMENT_3D('',#19748,#16016,#16017);
#14122=AXIS2_PLACEMENT_3D('',#19752,#16020,#16021);
#14123=AXIS2_PLACEMENT_3D('',#19756,#16024,#16025);
#14124=AXIS2_PLACEMENT_3D('',#19770,#16033,#16034);
#14125=AXIS2_PLACEMENT_3D('',#19775,#16038,#16039);
#14126=AXIS2_PLACEMENT_3D('',#19784,#16045,#16046);
#14127=AXIS2_PLACEMENT_3D('',#19790,#16050,#16051);
#14128=AXIS2_PLACEMENT_3D('',#19795,#16055,#16056);
#14129=AXIS2_PLACEMENT_3D('',#19806,#16063,#16064);
#14130=AXIS2_PLACEMENT_3D('',#19809,#16067,#16068);
#14131=AXIS2_PLACEMENT_3D('',#19811,#16070,#16071);
#14132=AXIS2_PLACEMENT_3D('',#19815,#16074,#16075);
#14133=AXIS2_PLACEMENT_3D('',#19819,#16078,#16079);
#14134=AXIS2_PLACEMENT_3D('',#19823,#16082,#16083);
#14135=AXIS2_PLACEMENT_3D('',#19827,#16086,#16087);
#14136=AXIS2_PLACEMENT_3D('',#19831,#16090,#16091);
#14137=AXIS2_PLACEMENT_3D('',#19835,#16094,#16095);
#14138=AXIS2_PLACEMENT_3D('',#19839,#16098,#16099);
#14139=AXIS2_PLACEMENT_3D('',#19843,#16102,#16103);
#14140=AXIS2_PLACEMENT_3D('',#19847,#16106,#16107);
#14141=AXIS2_PLACEMENT_3D('',#19851,#16110,#16111);
#14142=AXIS2_PLACEMENT_3D('',#19855,#16114,#16115);
#14143=AXIS2_PLACEMENT_3D('',#19859,#16118,#16119);
#14144=AXIS2_PLACEMENT_3D('',#19863,#16122,#16123);
#14145=AXIS2_PLACEMENT_3D('',#19867,#16126,#16127);
#14146=AXIS2_PLACEMENT_3D('',#19871,#16130,#16131);
#14147=AXIS2_PLACEMENT_3D('',#19875,#16134,#16135);
#14148=AXIS2_PLACEMENT_3D('',#19879,#16138,#16139);
#14149=AXIS2_PLACEMENT_3D('',#19883,#16142,#16143);
#14150=AXIS2_PLACEMENT_3D('',#19887,#16146,#16147);
#14151=AXIS2_PLACEMENT_3D('',#19891,#16150,#16151);
#14152=AXIS2_PLACEMENT_3D('',#19895,#16154,#16155);
#14153=AXIS2_PLACEMENT_3D('',#19899,#16158,#16159);
#14154=AXIS2_PLACEMENT_3D('',#19901,#16161,#16162);
#14155=AXIS2_PLACEMENT_3D('',#19905,#16165,#16166);
#14156=AXIS2_PLACEMENT_3D('',#19909,#16169,#16170);
#14157=AXIS2_PLACEMENT_3D('',#19913,#16173,#16174);
#14158=AXIS2_PLACEMENT_3D('',#19917,#16177,#16178);
#14159=AXIS2_PLACEMENT_3D('',#19921,#16181,#16182);
#14160=AXIS2_PLACEMENT_3D('',#19925,#16185,#16186);
#14161=AXIS2_PLACEMENT_3D('',#19929,#16189,#16190);
#14162=AXIS2_PLACEMENT_3D('',#19933,#16193,#16194);
#14163=AXIS2_PLACEMENT_3D('',#19937,#16197,#16198);
#14164=AXIS2_PLACEMENT_3D('',#19941,#16201,#16202);
#14165=AXIS2_PLACEMENT_3D('',#19945,#16205,#16206);
#14166=AXIS2_PLACEMENT_3D('',#19949,#16209,#16210);
#14167=AXIS2_PLACEMENT_3D('',#19953,#16213,#16214);
#14168=AXIS2_PLACEMENT_3D('',#19957,#16217,#16218);
#14169=AXIS2_PLACEMENT_3D('',#19961,#16221,#16222);
#14170=AXIS2_PLACEMENT_3D('',#19965,#16225,#16226);
#14171=AXIS2_PLACEMENT_3D('',#19969,#16229,#16230);
#14172=AXIS2_PLACEMENT_3D('',#19973,#16233,#16234);
#14173=AXIS2_PLACEMENT_3D('',#19977,#16237,#16238);
#14174=AXIS2_PLACEMENT_3D('',#19981,#16241,#16242);
#14175=AXIS2_PLACEMENT_3D('',#19985,#16245,#16246);
#14176=AXIS2_PLACEMENT_3D('',#19989,#16249,#16250);
#14177=AXIS2_PLACEMENT_3D('',#19991,#16252,#16253);
#14178=AXIS2_PLACEMENT_3D('',#19993,#16255,#16256);
#14179=AXIS2_PLACEMENT_3D('',#19995,#16258,#16259);
#14180=AXIS2_PLACEMENT_3D('',#19997,#16261,#16262);
#14181=AXIS2_PLACEMENT_3D('',#19998,#16263,#16264);
#14182=AXIS2_PLACEMENT_3D('',#20000,#16266,#16267);
#14183=AXIS2_PLACEMENT_3D('',#20002,#16269,#16270);
#14184=AXIS2_PLACEMENT_3D('',#20003,#16271,#16272);
#14185=AXIS2_PLACEMENT_3D('',#20005,#16274,#16275);
#14186=AXIS2_PLACEMENT_3D('',#20007,#16277,#16278);
#14187=AXIS2_PLACEMENT_3D('',#20009,#16280,#16281);
#14188=AXIS2_PLACEMENT_3D('',#20010,#16282,#16283);
#14189=AXIS2_PLACEMENT_3D('',#20012,#16285,#16286);
#14190=AXIS2_PLACEMENT_3D('',#20014,#16288,#16289);
#14191=AXIS2_PLACEMENT_3D('',#20015,#16290,#16291);
#14192=AXIS2_PLACEMENT_3D('',#20017,#16293,#16294);
#14193=AXIS2_PLACEMENT_3D('',#20019,#16296,#16297);
#14194=AXIS2_PLACEMENT_3D('',#20020,#16298,#16299);
#14195=AXIS2_PLACEMENT_3D('',#20024,#16302,#16303);
#14196=AXIS2_PLACEMENT_3D('',#20026,#16305,#16306);
#14197=AXIS2_PLACEMENT_3D('',#20030,#16309,#16310);
#14198=AXIS2_PLACEMENT_3D('',#20032,#16312,#16313);
#14199=AXIS2_PLACEMENT_3D('',#20036,#16316,#16317);
#14200=AXIS2_PLACEMENT_3D('',#20038,#16319,#16320);
#14201=AXIS2_PLACEMENT_3D('',#20042,#16323,#16324);
#14202=AXIS2_PLACEMENT_3D('',#20044,#16326,#16327);
#14203=AXIS2_PLACEMENT_3D('',#20048,#16330,#16331);
#14204=AXIS2_PLACEMENT_3D('',#20050,#16333,#16334);
#14205=AXIS2_PLACEMENT_3D('',#20054,#16337,#16338);
#14206=AXIS2_PLACEMENT_3D('',#20056,#16340,#16341);
#14207=AXIS2_PLACEMENT_3D('',#20060,#16344,#16345);
#14208=AXIS2_PLACEMENT_3D('',#20062,#16347,#16348);
#14209=AXIS2_PLACEMENT_3D('',#20066,#16351,#16352);
#14210=AXIS2_PLACEMENT_3D('',#20068,#16354,#16355);
#14211=AXIS2_PLACEMENT_3D('',#20072,#16358,#16359);
#14212=AXIS2_PLACEMENT_3D('',#20074,#16361,#16362);
#14213=AXIS2_PLACEMENT_3D('',#20078,#16365,#16366);
#14214=AXIS2_PLACEMENT_3D('',#20080,#16368,#16369);
#14215=AXIS2_PLACEMENT_3D('',#20084,#16372,#16373);
#14216=AXIS2_PLACEMENT_3D('',#20086,#16375,#16376);
#14217=AXIS2_PLACEMENT_3D('',#20090,#16379,#16380);
#14218=AXIS2_PLACEMENT_3D('',#20092,#16382,#16383);
#14219=AXIS2_PLACEMENT_3D('',#20096,#16386,#16387);
#14220=AXIS2_PLACEMENT_3D('',#20098,#16389,#16390);
#14221=AXIS2_PLACEMENT_3D('',#20102,#16393,#16394);
#14222=AXIS2_PLACEMENT_3D('',#20104,#16396,#16397);
#14223=AXIS2_PLACEMENT_3D('',#20108,#16400,#16401);
#14224=AXIS2_PLACEMENT_3D('',#20110,#16403,#16404);
#14225=AXIS2_PLACEMENT_3D('',#20114,#16407,#16408);
#14226=AXIS2_PLACEMENT_3D('',#20116,#16410,#16411);
#14227=AXIS2_PLACEMENT_3D('',#20120,#16414,#16415);
#14228=AXIS2_PLACEMENT_3D('',#20122,#16417,#16418);
#14229=AXIS2_PLACEMENT_3D('',#20124,#16419,#16420);
#14230=AXIS2_PLACEMENT_3D('',#20126,#16422,#16423);
#14231=AXIS2_PLACEMENT_3D('',#20130,#16426,#16427);
#14232=AXIS2_PLACEMENT_3D('',#20132,#16429,#16430);
#14233=AXIS2_PLACEMENT_3D('',#20136,#16433,#16434);
#14234=AXIS2_PLACEMENT_3D('',#20138,#16436,#16437);
#14235=AXIS2_PLACEMENT_3D('',#20142,#16440,#16441);
#14236=AXIS2_PLACEMENT_3D('',#20146,#16444,#16445);
#14237=AXIS2_PLACEMENT_3D('',#20150,#16448,#16449);
#14238=AXIS2_PLACEMENT_3D('',#20154,#16452,#16453);
#14239=AXIS2_PLACEMENT_3D('',#20158,#16456,#16457);
#14240=AXIS2_PLACEMENT_3D('',#20162,#16460,#16461);
#14241=AXIS2_PLACEMENT_3D('',#20166,#16464,#16465);
#14242=AXIS2_PLACEMENT_3D('',#20170,#16468,#16469);
#14243=AXIS2_PLACEMENT_3D('',#20174,#16472,#16473);
#14244=AXIS2_PLACEMENT_3D('',#20178,#16476,#16477);
#14245=AXIS2_PLACEMENT_3D('',#20182,#16480,#16481);
#14246=AXIS2_PLACEMENT_3D('',#20186,#16484,#16485);
#14247=AXIS2_PLACEMENT_3D('',#20190,#16488,#16489);
#14248=AXIS2_PLACEMENT_3D('',#20194,#16492,#16493);
#14249=AXIS2_PLACEMENT_3D('',#20198,#16496,#16497);
#14250=AXIS2_PLACEMENT_3D('',#20202,#16500,#16501);
#14251=AXIS2_PLACEMENT_3D('',#20206,#16504,#16505);
#14252=AXIS2_PLACEMENT_3D('',#20210,#16508,#16509);
#14253=AXIS2_PLACEMENT_3D('',#20214,#16512,#16513);
#14254=AXIS2_PLACEMENT_3D('',#20218,#16516,#16517);
#14255=AXIS2_PLACEMENT_3D('',#20222,#16520,#16521);
#14256=AXIS2_PLACEMENT_3D('',#20226,#16524,#16525);
#14257=AXIS2_PLACEMENT_3D('',#20228,#16527,#16528);
#14258=AXIS2_PLACEMENT_3D('',#20232,#16531,#16532);
#14259=AXIS2_PLACEMENT_3D('',#20236,#16535,#16536);
#14260=AXIS2_PLACEMENT_3D('',#20240,#16539,#16540);
#14261=AXIS2_PLACEMENT_3D('',#20244,#16543,#16544);
#14262=AXIS2_PLACEMENT_3D('',#20248,#16547,#16548);
#14263=AXIS2_PLACEMENT_3D('',#20252,#16551,#16552);
#14264=AXIS2_PLACEMENT_3D('',#20256,#16555,#16556);
#14265=AXIS2_PLACEMENT_3D('',#20260,#16559,#16560);
#14266=AXIS2_PLACEMENT_3D('',#20264,#16563,#16564);
#14267=AXIS2_PLACEMENT_3D('',#20268,#16567,#16568);
#14268=AXIS2_PLACEMENT_3D('',#20272,#16571,#16572);
#14269=AXIS2_PLACEMENT_3D('',#20276,#16575,#16576);
#14270=AXIS2_PLACEMENT_3D('',#20280,#16579,#16580);
#14271=AXIS2_PLACEMENT_3D('',#20284,#16583,#16584);
#14272=AXIS2_PLACEMENT_3D('',#20288,#16587,#16588);
#14273=AXIS2_PLACEMENT_3D('',#20292,#16591,#16592);
#14274=AXIS2_PLACEMENT_3D('',#20296,#16595,#16596);
#14275=AXIS2_PLACEMENT_3D('',#20300,#16599,#16600);
#14276=AXIS2_PLACEMENT_3D('',#20304,#16603,#16604);
#14277=AXIS2_PLACEMENT_3D('',#20308,#16607,#16608);
#14278=AXIS2_PLACEMENT_3D('',#20312,#16611,#16612);
#14279=AXIS2_PLACEMENT_3D('',#20316,#16615,#16616);
#14280=AXIS2_PLACEMENT_3D('',#20318,#16618,#16619);
#14281=AXIS2_PLACEMENT_3D('',#20322,#16622,#16623);
#14282=AXIS2_PLACEMENT_3D('',#20326,#16626,#16627);
#14283=AXIS2_PLACEMENT_3D('',#20330,#16630,#16631);
#14284=AXIS2_PLACEMENT_3D('',#20334,#16634,#16635);
#14285=AXIS2_PLACEMENT_3D('',#20338,#16638,#16639);
#14286=AXIS2_PLACEMENT_3D('',#20342,#16642,#16643);
#14287=AXIS2_PLACEMENT_3D('',#20346,#16646,#16647);
#14288=AXIS2_PLACEMENT_3D('',#20350,#16650,#16651);
#14289=AXIS2_PLACEMENT_3D('',#20354,#16654,#16655);
#14290=AXIS2_PLACEMENT_3D('',#20358,#16658,#16659);
#14291=AXIS2_PLACEMENT_3D('',#20362,#16662,#16663);
#14292=AXIS2_PLACEMENT_3D('',#20366,#16666,#16667);
#14293=AXIS2_PLACEMENT_3D('',#20370,#16670,#16671);
#14294=AXIS2_PLACEMENT_3D('',#20374,#16674,#16675);
#14295=AXIS2_PLACEMENT_3D('',#20378,#16678,#16679);
#14296=AXIS2_PLACEMENT_3D('',#20382,#16682,#16683);
#14297=AXIS2_PLACEMENT_3D('',#20386,#16686,#16687);
#14298=AXIS2_PLACEMENT_3D('',#20390,#16690,#16691);
#14299=AXIS2_PLACEMENT_3D('',#20394,#16694,#16695);
#14300=AXIS2_PLACEMENT_3D('',#20398,#16698,#16699);
#14301=AXIS2_PLACEMENT_3D('',#20402,#16702,#16703);
#14302=AXIS2_PLACEMENT_3D('',#20406,#16706,#16707);
#14303=AXIS2_PLACEMENT_3D('',#20410,#16710,#16711);
#14304=AXIS2_PLACEMENT_3D('',#20414,#16714,#16715);
#14305=AXIS2_PLACEMENT_3D('',#20418,#16718,#16719);
#14306=AXIS2_PLACEMENT_3D('',#20422,#16722,#16723);
#14307=AXIS2_PLACEMENT_3D('',#20426,#16726,#16727);
#14308=AXIS2_PLACEMENT_3D('',#20430,#16730,#16731);
#14309=AXIS2_PLACEMENT_3D('',#20432,#16733,#16734);
#14310=AXIS2_PLACEMENT_3D('',#20433,#16735,#16736);
#14311=AXIS2_PLACEMENT_3D('',#20434,#16737,#16738);
#14312=AXIS2_PLACEMENT_3D('',#20438,#16740,#16741);
#14313=AXIS2_PLACEMENT_3D('',#20439,#16742,#16743);
#14314=AXIS2_PLACEMENT_3D('',#20445,#16744,#16745);
#14315=AXIS2_PLACEMENT_3D('',#20447,#16746,#16747);
#14316=AXIS2_PLACEMENT_3D('',#20449,#16748,#16749);
#14317=AXIS2_PLACEMENT_3D('',#20453,#16750,#16751);
#14318=AXIS2_PLACEMENT_3D('',#20457,#16753,#16754);
#14319=AXIS2_PLACEMENT_3D('',#20458,#16755,#16756);
#14320=AXIS2_PLACEMENT_3D('',#20464,#16757,#16758);
#14321=AXIS2_PLACEMENT_3D('',#20466,#16759,#16760);
#14322=AXIS2_PLACEMENT_3D('',#20468,#16761,#16762);
#14323=AXIS2_PLACEMENT_3D('',#20472,#16763,#16764);
#14324=AXIS2_PLACEMENT_3D('',#20476,#16766,#16767);
#14325=AXIS2_PLACEMENT_3D('',#20480,#16769,#16770);
#14326=AXIS2_PLACEMENT_3D('',#20508,#16776,#16777);
#14327=AXIS2_PLACEMENT_3D('',#20512,#16779,#16780);
#14328=AXIS2_PLACEMENT_3D('',#20516,#16783,#16784);
#14329=AXIS2_PLACEMENT_3D('',#20518,#16785,#16786);
#14330=AXIS2_PLACEMENT_3D('',#20520,#16787,#16788);
#14331=AXIS2_PLACEMENT_3D('',#20522,#16789,#16790);
#14332=AXIS2_PLACEMENT_3D('',#20764,#16911,#16912);
#14333=AXIS2_PLACEMENT_3D('',#20765,#16913,#16914);
#14334=AXIS2_PLACEMENT_3D('',#20769,#16917,#16918);
#14335=AXIS2_PLACEMENT_3D('',#20773,#16921,#16922);
#14336=AXIS2_PLACEMENT_3D('',#20774,#16923,#16924);
#14337=AXIS2_PLACEMENT_3D('',#20776,#16925,#16926);
#14338=AXIS2_PLACEMENT_3D('',#20778,#16927,#16928);
#14339=AXIS2_PLACEMENT_3D('',#20779,#16929,#16930);
#14340=AXIS2_PLACEMENT_3D('',#20780,#16931,#16932);
#14341=AXIS2_PLACEMENT_3D('',#20781,#16933,#16934);
#14342=AXIS2_PLACEMENT_3D('',#20782,#16935,#16936);
#14343=AXIS2_PLACEMENT_3D('',#20784,#16937,#16938);
#14344=AXIS2_PLACEMENT_3D('',#20786,#16939,#16940);
#14345=AXIS2_PLACEMENT_3D('',#20787,#16941,#16942);
#14346=AXIS2_PLACEMENT_3D('',#20788,#16943,#16944);
#14347=AXIS2_PLACEMENT_3D('',#20789,#16945,#16946);
#14348=AXIS2_PLACEMENT_3D('',#20800,#16953,#16954);
#14349=AXIS2_PLACEMENT_3D('',#20802,#16956,#16957);
#14350=AXIS2_PLACEMENT_3D('',#20804,#16959,#16960);
#14351=AXIS2_PLACEMENT_3D('',#20805,#16961,#16962);
#14352=AXIS2_PLACEMENT_3D('',#20808,#16964,#16965);
#14353=AXIS2_PLACEMENT_3D('',#20809,#16966,#16967);
#14354=AXIS2_PLACEMENT_3D('',#20810,#16968,#16969);
#14355=AXIS2_PLACEMENT_3D('',#20816,#16973,#16974);
#14356=AXIS2_PLACEMENT_3D('',#20820,#16977,#16978);
#14357=AXIS2_PLACEMENT_3D('',#20824,#16981,#16982);
#14358=AXIS2_PLACEMENT_3D('',#20828,#16985,#16986);
#14359=AXIS2_PLACEMENT_3D('',#20832,#16989,#16990);
#14360=AXIS2_PLACEMENT_3D('',#20836,#16993,#16994);
#14361=AXIS2_PLACEMENT_3D('',#20840,#16997,#16998);
#14362=AXIS2_PLACEMENT_3D('',#20844,#17001,#17002);
#14363=AXIS2_PLACEMENT_3D('',#20848,#17005,#17006);
#14364=AXIS2_PLACEMENT_3D('',#20852,#17009,#17010);
#14365=AXIS2_PLACEMENT_3D('',#20856,#17013,#17014);
#14366=AXIS2_PLACEMENT_3D('',#20858,#17016,#17017);
#14367=AXIS2_PLACEMENT_3D('',#20859,#17018,#17019);
#14368=AXIS2_PLACEMENT_3D('',#20865,#17023,#17024);
#14369=AXIS2_PLACEMENT_3D('',#20869,#17027,#17028);
#14370=AXIS2_PLACEMENT_3D('',#20873,#17031,#17032);
#14371=AXIS2_PLACEMENT_3D('',#20877,#17035,#17036);
#14372=AXIS2_PLACEMENT_3D('',#20881,#17039,#17040);
#14373=AXIS2_PLACEMENT_3D('',#20885,#17043,#17044);
#14374=AXIS2_PLACEMENT_3D('',#20889,#17047,#17048);
#14375=AXIS2_PLACEMENT_3D('',#20893,#17051,#17052);
#14376=AXIS2_PLACEMENT_3D('',#20897,#17055,#17056);
#14377=AXIS2_PLACEMENT_3D('',#20901,#17059,#17060);
#14378=AXIS2_PLACEMENT_3D('',#20905,#17063,#17064);
#14379=AXIS2_PLACEMENT_3D('',#20907,#17066,#17067);
#14380=AXIS2_PLACEMENT_3D('',#20908,#17068,#17069);
#14381=AXIS2_PLACEMENT_3D('',#20914,#17073,#17074);
#14382=AXIS2_PLACEMENT_3D('',#20918,#17077,#17078);
#14383=AXIS2_PLACEMENT_3D('',#20922,#17081,#17082);
#14384=AXIS2_PLACEMENT_3D('',#20926,#17085,#17086);
#14385=AXIS2_PLACEMENT_3D('',#20930,#17089,#17090);
#14386=AXIS2_PLACEMENT_3D('',#20934,#17093,#17094);
#14387=AXIS2_PLACEMENT_3D('',#20938,#17097,#17098);
#14388=AXIS2_PLACEMENT_3D('',#20942,#17101,#17102);
#14389=AXIS2_PLACEMENT_3D('',#20946,#17105,#17106);
#14390=AXIS2_PLACEMENT_3D('',#20950,#17109,#17110);
#14391=AXIS2_PLACEMENT_3D('',#20954,#17113,#17114);
#14392=AXIS2_PLACEMENT_3D('',#20956,#17116,#17117);
#14393=AXIS2_PLACEMENT_3D('',#20957,#17118,#17119);
#14394=AXIS2_PLACEMENT_3D('',#20963,#17123,#17124);
#14395=AXIS2_PLACEMENT_3D('',#20967,#17127,#17128);
#14396=AXIS2_PLACEMENT_3D('',#20971,#17131,#17132);
#14397=AXIS2_PLACEMENT_3D('',#20973,#17134,#17135);
#14398=AXIS2_PLACEMENT_3D('',#20982,#17140,#17141);
#14399=AXIS2_PLACEMENT_3D('',#20988,#17145,#17146);
#14400=AXIS2_PLACEMENT_3D('',#20992,#17149,#17150);
#14401=AXIS2_PLACEMENT_3D('',#20996,#17153,#17154);
#14402=AXIS2_PLACEMENT_3D('',#20998,#17156,#17157);
#14403=AXIS2_PLACEMENT_3D('',#21007,#17162,#17163);
#14404=AXIS2_PLACEMENT_3D('',#21013,#17167,#17168);
#14405=AXIS2_PLACEMENT_3D('',#21017,#17171,#17172);
#14406=AXIS2_PLACEMENT_3D('',#21021,#17175,#17176);
#14407=AXIS2_PLACEMENT_3D('',#21023,#17178,#17179);
#14408=AXIS2_PLACEMENT_3D('',#21032,#17184,#17185);
#14409=AXIS2_PLACEMENT_3D('',#21038,#17189,#17190);
#14410=AXIS2_PLACEMENT_3D('',#21042,#17193,#17194);
#14411=AXIS2_PLACEMENT_3D('',#21048,#17198,#17199);
#14412=AXIS2_PLACEMENT_3D('',#21052,#17202,#17203);
#14413=AXIS2_PLACEMENT_3D('',#21058,#17207,#17208);
#14414=AXIS2_PLACEMENT_3D('',#21062,#17211,#17212);
#14415=AXIS2_PLACEMENT_3D('',#21068,#17216,#17217);
#14416=AXIS2_PLACEMENT_3D('',#21072,#17220,#17221);
#14417=AXIS2_PLACEMENT_3D('',#21076,#17224,#17225);
#14418=AXIS2_PLACEMENT_3D('',#21078,#17227,#17228);
#14419=AXIS2_PLACEMENT_3D('',#21087,#17233,#17234);
#14420=AXIS2_PLACEMENT_3D('',#21093,#17238,#17239);
#14421=AXIS2_PLACEMENT_3D('',#21097,#17242,#17243);
#14422=AXIS2_PLACEMENT_3D('',#21103,#17247,#17248);
#14423=AXIS2_PLACEMENT_3D('',#21107,#17251,#17252);
#14424=AXIS2_PLACEMENT_3D('',#21111,#17255,#17256);
#14425=AXIS2_PLACEMENT_3D('',#21113,#17258,#17259);
#14426=AXIS2_PLACEMENT_3D('',#21122,#17264,#17265);
#14427=AXIS2_PLACEMENT_3D('',#21128,#17269,#17270);
#14428=AXIS2_PLACEMENT_3D('',#21132,#17273,#17274);
#14429=AXIS2_PLACEMENT_3D('',#21136,#17277,#17278);
#14430=AXIS2_PLACEMENT_3D('',#21138,#17280,#17281);
#14431=AXIS2_PLACEMENT_3D('',#21147,#17286,#17287);
#14432=AXIS2_PLACEMENT_3D('',#21153,#17291,#17292);
#14433=AXIS2_PLACEMENT_3D('',#21157,#17295,#17296);
#14434=AXIS2_PLACEMENT_3D('',#21161,#17299,#17300);
#14435=AXIS2_PLACEMENT_3D('',#21163,#17302,#17303);
#14436=AXIS2_PLACEMENT_3D('',#21172,#17308,#17309);
#14437=AXIS2_PLACEMENT_3D('',#21178,#17313,#17314);
#14438=AXIS2_PLACEMENT_3D('',#21182,#17317,#17318);
#14439=AXIS2_PLACEMENT_3D('',#21186,#17321,#17322);
#14440=AXIS2_PLACEMENT_3D('',#21188,#17324,#17325);
#14441=AXIS2_PLACEMENT_3D('',#21197,#17330,#17331);
#14442=AXIS2_PLACEMENT_3D('',#21203,#17335,#17336);
#14443=AXIS2_PLACEMENT_3D('',#21207,#17339,#17340);
#14444=AXIS2_PLACEMENT_3D('',#21211,#17343,#17344);
#14445=AXIS2_PLACEMENT_3D('',#21213,#17346,#17347);
#14446=AXIS2_PLACEMENT_3D('',#21222,#17352,#17353);
#14447=AXIS2_PLACEMENT_3D('',#21228,#17357,#17358);
#14448=AXIS2_PLACEMENT_3D('',#21232,#17361,#17362);
#14449=AXIS2_PLACEMENT_3D('',#21236,#17365,#17366);
#14450=AXIS2_PLACEMENT_3D('',#21238,#17368,#17369);
#14451=AXIS2_PLACEMENT_3D('',#21247,#17374,#17375);
#14452=AXIS2_PLACEMENT_3D('',#21253,#17379,#17380);
#14453=AXIS2_PLACEMENT_3D('',#21257,#17383,#17384);
#14454=AXIS2_PLACEMENT_3D('',#21261,#17387,#17388);
#14455=AXIS2_PLACEMENT_3D('',#21263,#17390,#17391);
#14456=AXIS2_PLACEMENT_3D('',#21272,#17396,#17397);
#14457=AXIS2_PLACEMENT_3D('',#21278,#17401,#17402);
#14458=AXIS2_PLACEMENT_3D('',#21282,#17405,#17406);
#14459=AXIS2_PLACEMENT_3D('',#21286,#17409,#17410);
#14460=AXIS2_PLACEMENT_3D('',#21288,#17412,#17413);
#14461=AXIS2_PLACEMENT_3D('',#21297,#17418,#17419);
#14462=AXIS2_PLACEMENT_3D('',#21303,#17423,#17424);
#14463=AXIS2_PLACEMENT_3D('',#21307,#17427,#17428);
#14464=AXIS2_PLACEMENT_3D('',#21311,#17431,#17432);
#14465=AXIS2_PLACEMENT_3D('',#21313,#17434,#17435);
#14466=AXIS2_PLACEMENT_3D('',#21322,#17440,#17441);
#14467=AXIS2_PLACEMENT_3D('',#21328,#17445,#17446);
#14468=AXIS2_PLACEMENT_3D('',#21332,#17449,#17450);
#14469=AXIS2_PLACEMENT_3D('',#21336,#17453,#17454);
#14470=AXIS2_PLACEMENT_3D('',#21338,#17456,#17457);
#14471=AXIS2_PLACEMENT_3D('',#21347,#17462,#17463);
#14472=AXIS2_PLACEMENT_3D('',#21353,#17467,#17468);
#14473=AXIS2_PLACEMENT_3D('',#21357,#17471,#17472);
#14474=AXIS2_PLACEMENT_3D('',#21361,#17475,#17476);
#14475=AXIS2_PLACEMENT_3D('',#21363,#17478,#17479);
#14476=AXIS2_PLACEMENT_3D('',#21372,#17484,#17485);
#14477=AXIS2_PLACEMENT_3D('',#21378,#17489,#17490);
#14478=AXIS2_PLACEMENT_3D('',#21382,#17493,#17494);
#14479=AXIS2_PLACEMENT_3D('',#21386,#17497,#17498);
#14480=AXIS2_PLACEMENT_3D('',#21388,#17500,#17501);
#14481=AXIS2_PLACEMENT_3D('',#21397,#17506,#17507);
#14482=AXIS2_PLACEMENT_3D('',#21403,#17511,#17512);
#14483=AXIS2_PLACEMENT_3D('',#21407,#17515,#17516);
#14484=AXIS2_PLACEMENT_3D('',#21411,#17519,#17520);
#14485=AXIS2_PLACEMENT_3D('',#21413,#17522,#17523);
#14486=AXIS2_PLACEMENT_3D('',#21422,#17528,#17529);
#14487=AXIS2_PLACEMENT_3D('',#21428,#17533,#17534);
#14488=AXIS2_PLACEMENT_3D('',#21432,#17537,#17538);
#14489=AXIS2_PLACEMENT_3D('',#21436,#17541,#17542);
#14490=AXIS2_PLACEMENT_3D('',#21438,#17544,#17545);
#14491=AXIS2_PLACEMENT_3D('',#21447,#17550,#17551);
#14492=AXIS2_PLACEMENT_3D('',#21453,#17555,#17556);
#14493=AXIS2_PLACEMENT_3D('',#21457,#17559,#17560);
#14494=AXIS2_PLACEMENT_3D('',#21463,#17564,#17565);
#14495=AXIS2_PLACEMENT_3D('',#21467,#17568,#17569);
#14496=AXIS2_PLACEMENT_3D('',#21473,#17573,#17574);
#14497=AXIS2_PLACEMENT_3D('',#21477,#17577,#17578);
#14498=AXIS2_PLACEMENT_3D('',#21483,#17582,#17583);
#14499=AXIS2_PLACEMENT_3D('',#21487,#17586,#17587);
#14500=AXIS2_PLACEMENT_3D('',#21493,#17591,#17592);
#14501=AXIS2_PLACEMENT_3D('',#21497,#17595,#17596);
#14502=AXIS2_PLACEMENT_3D('',#21503,#17600,#17601);
#14503=AXIS2_PLACEMENT_3D('',#21507,#17604,#17605);
#14504=AXIS2_PLACEMENT_3D('',#21513,#17609,#17610);
#14505=AXIS2_PLACEMENT_3D('',#21517,#17613,#17614);
#14506=AXIS2_PLACEMENT_3D('',#21523,#17618,#17619);
#14507=AXIS2_PLACEMENT_3D('',#21527,#17622,#17623);
#14508=AXIS2_PLACEMENT_3D('',#21533,#17627,#17628);
#14509=AXIS2_PLACEMENT_3D('',#21537,#17631,#17632);
#14510=AXIS2_PLACEMENT_3D('',#21543,#17636,#17637);
#14511=AXIS2_PLACEMENT_3D('',#21547,#17640,#17641);
#14512=AXIS2_PLACEMENT_3D('',#21553,#17645,#17646);
#14513=AXIS2_PLACEMENT_3D('',#21557,#17649,#17650);
#14514=AXIS2_PLACEMENT_3D('',#21563,#17654,#17655);
#14515=AXIS2_PLACEMENT_3D('',#21567,#17658,#17659);
#14516=AXIS2_PLACEMENT_3D('',#21573,#17663,#17664);
#14517=AXIS2_PLACEMENT_3D('',#21577,#17667,#17668);
#14518=AXIS2_PLACEMENT_3D('',#21583,#17672,#17673);
#14519=AXIS2_PLACEMENT_3D('',#21587,#17676,#17677);
#14520=AXIS2_PLACEMENT_3D('',#21593,#17681,#17682);
#14521=AXIS2_PLACEMENT_3D('',#21597,#17685,#17686);
#14522=AXIS2_PLACEMENT_3D('',#21601,#17689,#17690);
#14523=AXIS2_PLACEMENT_3D('',#21603,#17692,#17693);
#14524=AXIS2_PLACEMENT_3D('',#21612,#17698,#17699);
#14525=AXIS2_PLACEMENT_3D('',#21618,#17703,#17704);
#14526=AXIS2_PLACEMENT_3D('',#21622,#17707,#17708);
#14527=AXIS2_PLACEMENT_3D('',#21626,#17711,#17712);
#14528=AXIS2_PLACEMENT_3D('',#21628,#17714,#17715);
#14529=AXIS2_PLACEMENT_3D('',#21637,#17720,#17721);
#14530=AXIS2_PLACEMENT_3D('',#21643,#17725,#17726);
#14531=AXIS2_PLACEMENT_3D('',#21647,#17729,#17730);
#14532=AXIS2_PLACEMENT_3D('',#21651,#17733,#17734);
#14533=AXIS2_PLACEMENT_3D('',#21653,#17736,#17737);
#14534=AXIS2_PLACEMENT_3D('',#21662,#17742,#17743);
#14535=AXIS2_PLACEMENT_3D('',#21668,#17747,#17748);
#14536=AXIS2_PLACEMENT_3D('',#21672,#17751,#17752);
#14537=AXIS2_PLACEMENT_3D('',#21678,#17756,#17757);
#14538=AXIS2_PLACEMENT_3D('',#21682,#17760,#17761);
#14539=AXIS2_PLACEMENT_3D('',#21688,#17765,#17766);
#14540=AXIS2_PLACEMENT_3D('',#21692,#17769,#17770);
#14541=AXIS2_PLACEMENT_3D('',#21698,#17774,#17775);
#14542=AXIS2_PLACEMENT_3D('',#21699,#17776,#17777);
#14543=AXIS2_PLACEMENT_3D('',#21700,#17778,#17779);
#14544=AXIS2_PLACEMENT_3D('',#21703,#17781,#17782);
#14545=AXIS2_PLACEMENT_3D('',#21704,#17783,#17784);
#14546=AXIS2_PLACEMENT_3D('',#21708,#17787,#17788);
#14547=AXIS2_PLACEMENT_3D('',#21709,#17789,#17790);
#14548=AXIS2_PLACEMENT_3D('',#21710,#17791,#17792);
#14549=AXIS2_PLACEMENT_3D('',#21712,#17794,#17795);
#14550=AXIS2_PLACEMENT_3D('',#21713,#17796,#17797);
#14551=AXIS2_PLACEMENT_3D('',#21714,#17798,#17799);
#14552=AXIS2_PLACEMENT_3D('',#21718,#17802,#17803);
#14553=AXIS2_PLACEMENT_3D('',#21720,#17805,#17806);
#14554=AXIS2_PLACEMENT_3D('',#21724,#17809,#17810);
#14555=AXIS2_PLACEMENT_3D('',#21726,#17812,#17813);
#14556=AXIS2_PLACEMENT_3D('',#21728,#17814,#17815);
#14557=AXIS2_PLACEMENT_3D('',#21730,#17817,#17818);
#14558=AXIS2_PLACEMENT_3D('',#21734,#17821,#17822);
#14559=AXIS2_PLACEMENT_3D('',#21736,#17824,#17825);
#14560=AXIS2_PLACEMENT_3D('',#21740,#17828,#17829);
#14561=AXIS2_PLACEMENT_3D('',#21742,#17831,#17832);
#14562=AXIS2_PLACEMENT_3D('',#21746,#17835,#17836);
#14563=AXIS2_PLACEMENT_3D('',#21748,#17838,#17839);
#14564=AXIS2_PLACEMENT_3D('',#21750,#17840,#17841);
#14565=AXIS2_PLACEMENT_3D('',#21752,#17843,#17844);
#14566=AXIS2_PLACEMENT_3D('',#21754,#17845,#17846);
#14567=AXIS2_PLACEMENT_3D('',#21756,#17848,#17849);
#14568=AXIS2_PLACEMENT_3D('',#21760,#17852,#17853);
#14569=AXIS2_PLACEMENT_3D('',#21762,#17855,#17856);
#14570=AXIS2_PLACEMENT_3D('',#21766,#17859,#17860);
#14571=AXIS2_PLACEMENT_3D('',#21768,#17862,#17863);
#14572=AXIS2_PLACEMENT_3D('',#21772,#17866,#17867);
#14573=AXIS2_PLACEMENT_3D('',#21774,#17869,#17870);
#14574=AXIS2_PLACEMENT_3D('',#21778,#17873,#17874);
#14575=AXIS2_PLACEMENT_3D('',#21780,#17876,#17877);
#14576=AXIS2_PLACEMENT_3D('',#21782,#17878,#17879);
#14577=AXIS2_PLACEMENT_3D('',#21784,#17881,#17882);
#14578=AXIS2_PLACEMENT_3D('',#21788,#17885,#17886);
#14579=AXIS2_PLACEMENT_3D('',#21790,#17888,#17889);
#14580=AXIS2_PLACEMENT_3D('',#21794,#17892,#17893);
#14581=AXIS2_PLACEMENT_3D('',#21796,#17895,#17896);
#14582=AXIS2_PLACEMENT_3D('',#21800,#17899,#17900);
#14583=AXIS2_PLACEMENT_3D('',#21802,#17902,#17903);
#14584=AXIS2_PLACEMENT_3D('',#21806,#17906,#17907);
#14585=AXIS2_PLACEMENT_3D('',#21808,#17909,#17910);
#14586=AXIS2_PLACEMENT_3D('',#21812,#17913,#17914);
#14587=AXIS2_PLACEMENT_3D('',#21814,#17916,#17917);
#14588=AXIS2_PLACEMENT_3D('',#21818,#17920,#17921);
#14589=AXIS2_PLACEMENT_3D('',#21820,#17923,#17924);
#14590=AXIS2_PLACEMENT_3D('',#21824,#17927,#17928);
#14591=AXIS2_PLACEMENT_3D('',#21826,#17930,#17931);
#14592=AXIS2_PLACEMENT_3D('',#21830,#17934,#17935);
#14593=AXIS2_PLACEMENT_3D('',#21832,#17937,#17938);
#14594=AXIS2_PLACEMENT_3D('',#21836,#17941,#17942);
#14595=AXIS2_PLACEMENT_3D('',#21838,#17944,#17945);
#14596=AXIS2_PLACEMENT_3D('',#21842,#17948,#17949);
#14597=AXIS2_PLACEMENT_3D('',#21844,#17951,#17952);
#14598=AXIS2_PLACEMENT_3D('',#21848,#17955,#17956);
#14599=AXIS2_PLACEMENT_3D('',#21850,#17958,#17959);
#14600=AXIS2_PLACEMENT_3D('',#21854,#17962,#17963);
#14601=AXIS2_PLACEMENT_3D('',#21856,#17965,#17966);
#14602=AXIS2_PLACEMENT_3D('',#21858,#17967,#17968);
#14603=AXIS2_PLACEMENT_3D('',#21860,#17970,#17971);
#14604=AXIS2_PLACEMENT_3D('',#21864,#17974,#17975);
#14605=AXIS2_PLACEMENT_3D('',#21866,#17976,#17977);
#14606=AXIS2_PLACEMENT_3D('',#21868,#17979,#17980);
#14607=AXIS2_PLACEMENT_3D('',#21872,#17983,#17984);
#14608=AXIS2_PLACEMENT_3D('',#21874,#17985,#17986);
#14609=AXIS2_PLACEMENT_3D('',#21876,#17988,#17989);
#14610=AXIS2_PLACEMENT_3D('',#21880,#17992,#17993);
#14611=AXIS2_PLACEMENT_3D('',#21881,#17994,#17995);
#14612=AXIS2_PLACEMENT_3D('',#21882,#17996,#17997);
#14613=AXIS2_PLACEMENT_3D('',#21883,#17998,#17999);
#14614=AXIS2_PLACEMENT_3D('',#21884,#18000,#18001);
#14615=DIRECTION('axis',(0.,0.,1.));
#14616=DIRECTION('refdir',(1.,0.,0.));
#14617=DIRECTION('axis',(0.,0.,1.));
#14618=DIRECTION('refdir',(1.,0.,0.));
#14619=DIRECTION('center_axis',(0.,-1.,0.));
#14620=DIRECTION('ref_axis',(1.,0.,-6.47630097698008E-17));
#14621=DIRECTION('center_axis',(0.,-0.707106781186547,0.707106781186548));
#14622=DIRECTION('ref_axis',(7.77261275723465E-16,0.707106781186548,0.707106781186547));
#14623=DIRECTION('center_axis',(0.,1.,0.));
#14624=DIRECTION('ref_axis',(1.,0.,-6.47630097698008E-17));
#14625=DIRECTION('center_axis',(0.,-0.707106781186547,0.707106781186548));
#14626=DIRECTION('ref_axis',(7.77261275723465E-16,0.707106781186548,0.707106781186547));
#14627=DIRECTION('center_axis',(0.,1.,0.));
#14628=DIRECTION('ref_axis',(1.,0.,-6.47630097698008E-17));
#14629=DIRECTION('center_axis',(0.,-1.,0.));
#14630=DIRECTION('ref_axis',(0.,0.,-1.));
#14631=DIRECTION('',(-1.,0.,0.));
#14632=DIRECTION('center_axis',(0.,-1.,0.));
#14633=DIRECTION('ref_axis',(1.,0.,-6.47630097698008E-17));
#14634=DIRECTION('center_axis',(0.,-0.707106781186547,0.707106781186548));
#14635=DIRECTION('ref_axis',(0.,0.707106781186548,0.707106781186547));
#14636=DIRECTION('center_axis',(0.,1.,0.));
#14637=DIRECTION('ref_axis',(1.,0.,-6.47630097698008E-17));
#14638=DIRECTION('center_axis',(0.,-0.707106781186547,0.707106781186548));
#14639=DIRECTION('ref_axis',(0.,0.707106781186548,0.707106781186547));
#14640=DIRECTION('center_axis',(0.,1.,0.));
#14641=DIRECTION('ref_axis',(1.,0.,-6.47630097698008E-17));
#14642=DIRECTION('center_axis',(0.,-1.,0.));
#14643=DIRECTION('ref_axis',(0.,0.,-1.));
#14644=DIRECTION('',(-1.,0.,0.));
#14645=DIRECTION('center_axis',(0.,-1.,0.));
#14646=DIRECTION('ref_axis',(1.,0.,0.));
#14647=DIRECTION('',(-1.,0.,0.));
#14648=DIRECTION('',(0.,0.,1.));
#14649=DIRECTION('',(1.,0.,0.));
#14650=DIRECTION('',(0.,0.,1.));
#14651=DIRECTION('',(-1.,0.,0.));
#14652=DIRECTION('center_axis',(0.,0.707106781186547,-0.707106781186548));
#14653=DIRECTION('ref_axis',(-1.,0.,0.));
#14654=DIRECTION('',(-1.,0.,0.));
#14655=DIRECTION('',(-0.0252461608753284,0.706881401424969,0.706881401424969));
#14656=DIRECTION('center_axis',(0.,0.707106781186547,-0.707106781186548));
#14657=DIRECTION('ref_axis',(-1.,0.,0.));
#14658=DIRECTION('',(-0.0252461608753379,0.706881401424969,0.706881401424969));
#14659=DIRECTION('',(-1.,0.,0.));
#14660=DIRECTION('center_axis',(0.,-1.,0.));
#14661=DIRECTION('ref_axis',(1.,0.,0.));
#14662=DIRECTION('',(-1.,0.,0.));
#14663=DIRECTION('',(0.,0.,-1.));
#14664=DIRECTION('',(1.,0.,0.));
#14665=DIRECTION('',(0.,0.,1.));
#14666=DIRECTION('',(-1.,0.,0.));
#14667=DIRECTION('center_axis',(0.,0.707106781186547,-0.707106781186548));
#14668=DIRECTION('ref_axis',(-1.,0.,0.));
#14669=DIRECTION('',(-1.,0.,0.));
#14670=DIRECTION('',(0.994923674644197,-0.0711578584293011,-0.0711578584293011));
#14671=DIRECTION('',(0.955791949950552,-0.207920355436549,-0.207920355436549));
#14672=DIRECTION('',(-0.126550423076107,-0.701421766991608,-0.701421766991608));
#14673=DIRECTION('',(-1.,0.,0.));
#14674=DIRECTION('center_axis',(0.,0.707106781186547,-0.707106781186548));
#14675=DIRECTION('ref_axis',(-1.,0.,0.));
#14676=DIRECTION('',(0.025246160875353,0.706881401424969,0.706881401424969));
#14677=DIRECTION('',(-1.,0.,0.));
#14678=DIRECTION('center_axis',(0.,1.,0.));
#14679=DIRECTION('ref_axis',(-1.,0.,0.));
#14680=DIRECTION('center_axis',(0.,0.707106781186547,0.707106781186548));
#14681=DIRECTION('ref_axis',(7.77261275723464E-16,0.707106781186548,-0.707106781186547));
#14682=DIRECTION('center_axis',(0.,-1.,0.));
#14683=DIRECTION('ref_axis',(-1.,0.,0.));
#14684=DIRECTION('center_axis',(0.,0.707106781186547,0.707106781186548));
#14685=DIRECTION('ref_axis',(7.77261275723464E-16,0.707106781186548,-0.707106781186547));
#14686=DIRECTION('center_axis',(0.,-1.,0.));
#14687=DIRECTION('ref_axis',(-1.,0.,0.));
#14688=DIRECTION('center_axis',(0.,1.,0.));
#14689=DIRECTION('ref_axis',(0.,0.,1.));
#14690=DIRECTION('',(1.,0.,0.));
#14691=DIRECTION('center_axis',(0.,1.,0.));
#14692=DIRECTION('ref_axis',(-1.,0.,0.));
#14693=DIRECTION('center_axis',(0.,0.707106781186547,0.707106781186548));
#14694=DIRECTION('ref_axis',(1.55452255144693E-15,0.707106781186548,-0.707106781186547));
#14695=DIRECTION('center_axis',(0.,-1.,0.));
#14696=DIRECTION('ref_axis',(-1.,0.,0.));
#14697=DIRECTION('center_axis',(0.,0.707106781186547,0.707106781186548));
#14698=DIRECTION('ref_axis',(1.55452255144693E-15,0.707106781186548,-0.707106781186547));
#14699=DIRECTION('center_axis',(0.,-1.,0.));
#14700=DIRECTION('ref_axis',(-1.,0.,0.));
#14701=DIRECTION('center_axis',(0.,1.,0.));
#14702=DIRECTION('ref_axis',(0.,0.,1.));
#14703=DIRECTION('',(1.,0.,0.));
#14704=DIRECTION('center_axis',(0.,1.,0.));
#14705=DIRECTION('ref_axis',(-1.,0.,0.));
#14706=DIRECTION('',(1.,0.,0.));
#14707=DIRECTION('',(0.,0.,1.));
#14708=DIRECTION('',(-1.,0.,0.));
#14709=DIRECTION('',(0.,0.,1.));
#14710=DIRECTION('',(1.,0.,0.));
#14711=DIRECTION('',(1.,0.,0.));
#14712=DIRECTION('center_axis',(0.,-0.707106781186547,-0.707106781186548));
#14713=DIRECTION('ref_axis',(-1.,0.,0.));
#14714=DIRECTION('',(-0.025246160875341,-0.706881401424969,0.706881401424969));
#14715=DIRECTION('',(1.,0.,0.));
#14716=DIRECTION('center_axis',(0.,-0.707106781186547,-0.707106781186548));
#14717=DIRECTION('ref_axis',(-1.,0.,0.));
#14718=DIRECTION('',(1.,0.,0.));
#14719=DIRECTION('',(0.0252461608753347,-0.706881401424969,0.706881401424969));
#14720=DIRECTION('center_axis',(0.,-0.707106781186547,-0.707106781186548));
#14721=DIRECTION('ref_axis',(-1.,0.,0.));
#14722=DIRECTION('',(1.,0.,0.));
#14723=DIRECTION('center_axis',(-1.,0.,0.));
#14724=DIRECTION('ref_axis',(0.,-1.,0.));
#14725=DIRECTION('',(0.,-1.,0.));
#14726=DIRECTION('',(0.,0.,1.));
#14727=DIRECTION('',(0.,-1.,0.));
#14728=DIRECTION('',(0.,0.,1.));
#14729=DIRECTION('center_axis',(0.,-1.,0.));
#14730=DIRECTION('ref_axis',(1.,0.,0.));
#14731=DIRECTION('',(1.,0.,0.));
#14732=DIRECTION('',(0.,0.,1.));
#14733=DIRECTION('',(1.,0.,0.));
#14734=DIRECTION('center_axis',(-1.,0.,0.));
#14735=DIRECTION('ref_axis',(0.,-1.,0.));
#14736=DIRECTION('',(0.,-1.,0.));
#14737=DIRECTION('',(0.,0.,1.));
#14738=DIRECTION('',(0.,-1.,0.));
#14739=DIRECTION('center_axis',(0.,1.,0.));
#14740=DIRECTION('ref_axis',(-1.,0.,0.));
#14741=DIRECTION('',(-1.,0.,0.));
#14742=DIRECTION('',(0.,0.,1.));
#14743=DIRECTION('',(-1.,0.,0.));
#14744=DIRECTION('center_axis',(-1.,0.,0.));
#14745=DIRECTION('ref_axis',(0.,-1.,0.));
#14746=DIRECTION('',(0.,-1.,0.));
#14747=DIRECTION('',(0.,0.,1.));
#14748=DIRECTION('',(0.,-1.,0.));
#14749=DIRECTION('center_axis',(0.,1.,0.));
#14750=DIRECTION('ref_axis',(-1.,0.,0.));
#14751=DIRECTION('',(-1.,0.,0.));
#14752=DIRECTION('',(0.,0.,1.));
#14753=DIRECTION('',(-1.,0.,0.));
#14754=DIRECTION('center_axis',(1.,0.,0.));
#14755=DIRECTION('ref_axis',(0.,1.,0.));
#14756=DIRECTION('',(0.,1.,0.));
#14757=DIRECTION('',(0.,0.,1.));
#14758=DIRECTION('',(0.,1.,0.));
#14759=DIRECTION('center_axis',(0.,1.,0.));
#14760=DIRECTION('ref_axis',(-1.,0.,0.));
#14761=DIRECTION('',(-1.,0.,0.));
#14762=DIRECTION('',(0.,0.,1.));
#14763=DIRECTION('',(-1.,0.,0.));
#14764=DIRECTION('center_axis',(1.,0.,0.));
#14765=DIRECTION('ref_axis',(0.,1.,0.));
#14766=DIRECTION('',(0.,1.,0.));
#14767=DIRECTION('',(0.,0.,1.));
#14768=DIRECTION('',(0.,1.,0.));
#14769=DIRECTION('center_axis',(0.,-1.,0.));
#14770=DIRECTION('ref_axis',(1.,0.,0.));
#14771=DIRECTION('',(1.,0.,0.));
#14772=DIRECTION('',(0.,0.,1.));
#14773=DIRECTION('',(1.,0.,0.));
#14774=DIRECTION('center_axis',(1.,0.,0.));
#14775=DIRECTION('ref_axis',(0.,1.,0.));
#14776=DIRECTION('',(0.,1.,0.));
#14777=DIRECTION('',(0.,0.,1.));
#14778=DIRECTION('',(0.,1.,0.));
#14779=DIRECTION('center_axis',(0.,-1.,0.));
#14780=DIRECTION('ref_axis',(1.,0.,0.));
#14781=DIRECTION('',(1.,0.,0.));
#14782=DIRECTION('',(1.,0.,0.));
#14783=DIRECTION('center_axis',(0.,0.,1.));
#14784=DIRECTION('ref_axis',(1.,0.,0.));
#14785=DIRECTION('center_axis',(-1.,0.,0.));
#14786=DIRECTION('ref_axis',(0.,-1.,0.));
#14787=DIRECTION('',(0.,-1.,0.));
#14788=DIRECTION('',(0.,0.,1.));
#14789=DIRECTION('',(0.,-1.,0.));
#14790=DIRECTION('',(0.,0.,1.));
#14791=DIRECTION('center_axis',(0.,1.,0.));
#14792=DIRECTION('ref_axis',(-1.,0.,0.));
#14793=DIRECTION('',(-1.,0.,0.));
#14794=DIRECTION('',(0.,0.,1.));
#14795=DIRECTION('',(-1.,0.,0.));
#14796=DIRECTION('center_axis',(-1.,0.,0.));
#14797=DIRECTION('ref_axis',(0.,-1.,0.));
#14798=DIRECTION('',(0.,-1.,0.));
#14799=DIRECTION('',(0.,0.,1.));
#14800=DIRECTION('',(0.,-1.,0.));
#14801=DIRECTION('center_axis',(0.,1.,0.));
#14802=DIRECTION('ref_axis',(-1.,0.,0.));
#14803=DIRECTION('',(-1.,0.,0.));
#14804=DIRECTION('',(0.,0.,1.));
#14805=DIRECTION('',(-1.,0.,0.));
#14806=DIRECTION('center_axis',(1.,0.,0.));
#14807=DIRECTION('ref_axis',(0.,1.,0.));
#14808=DIRECTION('',(0.,1.,0.));
#14809=DIRECTION('',(0.,0.,1.));
#14810=DIRECTION('',(0.,1.,0.));
#14811=DIRECTION('center_axis',(0.,1.,0.));
#14812=DIRECTION('ref_axis',(-1.,0.,0.));
#14813=DIRECTION('',(-1.,0.,0.));
#14814=DIRECTION('',(0.,0.,1.));
#14815=DIRECTION('',(-1.,0.,0.));
#14816=DIRECTION('center_axis',(1.,0.,0.));
#14817=DIRECTION('ref_axis',(0.,1.,0.));
#14818=DIRECTION('',(0.,1.,0.));
#14819=DIRECTION('',(0.,0.,1.));
#14820=DIRECTION('',(0.,1.,0.));
#14821=DIRECTION('center_axis',(0.,-1.,0.));
#14822=DIRECTION('ref_axis',(1.,0.,0.));
#14823=DIRECTION('',(1.,0.,0.));
#14824=DIRECTION('',(0.,0.,1.));
#14825=DIRECTION('',(1.,0.,0.));
#14826=DIRECTION('center_axis',(1.,0.,0.));
#14827=DIRECTION('ref_axis',(0.,1.,0.));
#14828=DIRECTION('',(0.,1.,0.));
#14829=DIRECTION('',(0.,0.,1.));
#14830=DIRECTION('',(0.,1.,0.));
#14831=DIRECTION('center_axis',(0.,-1.,0.));
#14832=DIRECTION('ref_axis',(1.,0.,0.));
#14833=DIRECTION('',(1.,0.,0.));
#14834=DIRECTION('',(0.,0.,1.));
#14835=DIRECTION('',(1.,0.,0.));
#14836=DIRECTION('center_axis',(-1.,0.,0.));
#14837=DIRECTION('ref_axis',(0.,-1.,0.));
#14838=DIRECTION('',(0.,-1.,0.));
#14839=DIRECTION('',(0.,0.,1.));
#14840=DIRECTION('',(0.,-1.,0.));
#14841=DIRECTION('center_axis',(0.,-1.,0.));
#14842=DIRECTION('ref_axis',(1.,0.,0.));
#14843=DIRECTION('',(1.,0.,0.));
#14844=DIRECTION('',(1.,0.,0.));
#14845=DIRECTION('center_axis',(0.,0.,1.));
#14846=DIRECTION('ref_axis',(1.,0.,0.));
#14847=DIRECTION('center_axis',(-1.,0.,0.));
#14848=DIRECTION('ref_axis',(0.,-1.,0.));
#14849=DIRECTION('',(0.,-1.,0.));
#14850=DIRECTION('',(0.,0.,1.));
#14851=DIRECTION('',(0.,-1.,0.));
#14852=DIRECTION('',(0.,0.,1.));
#14853=DIRECTION('center_axis',(0.,-1.,0.));
#14854=DIRECTION('ref_axis',(1.,0.,0.));
#14855=DIRECTION('',(1.,0.,0.));
#14856=DIRECTION('',(0.,0.,1.));
#14857=DIRECTION('',(1.,0.,0.));
#14858=DIRECTION('center_axis',(-1.,0.,0.));
#14859=DIRECTION('ref_axis',(0.,-1.,0.));
#14860=DIRECTION('',(0.,-1.,0.));
#14861=DIRECTION('',(0.,0.,1.));
#14862=DIRECTION('',(0.,-1.,0.));
#14863=DIRECTION('center_axis',(0.,1.,0.));
#14864=DIRECTION('ref_axis',(-1.,0.,0.));
#14865=DIRECTION('',(-1.,0.,0.));
#14866=DIRECTION('',(0.,0.,1.));
#14867=DIRECTION('',(-1.,0.,0.));
#14868=DIRECTION('center_axis',(-1.,0.,0.));
#14869=DIRECTION('ref_axis',(0.,-1.,0.));
#14870=DIRECTION('',(0.,-1.,0.));
#14871=DIRECTION('',(0.,0.,1.));
#14872=DIRECTION('',(0.,-1.,0.));
#14873=DIRECTION('center_axis',(0.,1.,0.));
#14874=DIRECTION('ref_axis',(-1.,0.,0.));
#14875=DIRECTION('',(-1.,0.,0.));
#14876=DIRECTION('',(0.,0.,1.));
#14877=DIRECTION('',(-1.,0.,0.));
#14878=DIRECTION('center_axis',(1.,0.,0.));
#14879=DIRECTION('ref_axis',(0.,1.,0.));
#14880=DIRECTION('',(0.,1.,0.));
#14881=DIRECTION('',(0.,0.,1.));
#14882=DIRECTION('',(0.,1.,0.));
#14883=DIRECTION('center_axis',(0.,1.,0.));
#14884=DIRECTION('ref_axis',(-1.,0.,0.));
#14885=DIRECTION('',(-1.,0.,0.));
#14886=DIRECTION('',(0.,0.,1.));
#14887=DIRECTION('',(-1.,0.,0.));
#14888=DIRECTION('center_axis',(1.,0.,0.));
#14889=DIRECTION('ref_axis',(0.,1.,0.));
#14890=DIRECTION('',(0.,1.,0.));
#14891=DIRECTION('',(0.,0.,1.));
#14892=DIRECTION('',(0.,1.,0.));
#14893=DIRECTION('center_axis',(0.,-1.,0.));
#14894=DIRECTION('ref_axis',(1.,0.,0.));
#14895=DIRECTION('',(1.,0.,0.));
#14896=DIRECTION('',(0.,0.,1.));
#14897=DIRECTION('',(1.,0.,0.));
#14898=DIRECTION('center_axis',(1.,0.,0.));
#14899=DIRECTION('ref_axis',(0.,1.,0.));
#14900=DIRECTION('',(0.,1.,0.));
#14901=DIRECTION('',(0.,0.,1.));
#14902=DIRECTION('',(0.,1.,0.));
#14903=DIRECTION('center_axis',(0.,-1.,0.));
#14904=DIRECTION('ref_axis',(1.,0.,0.));
#14905=DIRECTION('',(1.,0.,0.));
#14906=DIRECTION('',(1.,0.,0.));
#14907=DIRECTION('center_axis',(0.,0.,1.));
#14908=DIRECTION('ref_axis',(1.,0.,0.));
#14909=DIRECTION('center_axis',(-1.,0.,0.));
#14910=DIRECTION('ref_axis',(0.,-1.,0.));
#14911=DIRECTION('',(0.,-1.,0.));
#14912=DIRECTION('',(0.,0.,1.));
#14913=DIRECTION('',(0.,-1.,0.));
#14914=DIRECTION('',(0.,0.,1.));
#14915=DIRECTION('center_axis',(0.,1.,0.));
#14916=DIRECTION('ref_axis',(-1.,0.,0.));
#14917=DIRECTION('',(-1.,0.,0.));
#14918=DIRECTION('',(0.,0.,1.));
#14919=DIRECTION('',(-1.,0.,0.));
#14920=DIRECTION('center_axis',(-1.,0.,0.));
#14921=DIRECTION('ref_axis',(0.,-1.,0.));
#14922=DIRECTION('',(0.,-1.,0.));
#14923=DIRECTION('',(0.,0.,1.));
#14924=DIRECTION('',(0.,-1.,0.));
#14925=DIRECTION('center_axis',(0.,1.,0.));
#14926=DIRECTION('ref_axis',(-1.,0.,0.));
#14927=DIRECTION('',(-1.,0.,0.));
#14928=DIRECTION('',(0.,0.,1.));
#14929=DIRECTION('',(-1.,0.,0.));
#14930=DIRECTION('center_axis',(1.,0.,0.));
#14931=DIRECTION('ref_axis',(0.,1.,0.));
#14932=DIRECTION('',(0.,1.,0.));
#14933=DIRECTION('',(0.,0.,1.));
#14934=DIRECTION('',(0.,1.,0.));
#14935=DIRECTION('center_axis',(0.,1.,0.));
#14936=DIRECTION('ref_axis',(-1.,0.,0.));
#14937=DIRECTION('',(-1.,0.,0.));
#14938=DIRECTION('',(0.,0.,1.));
#14939=DIRECTION('',(-1.,0.,0.));
#14940=DIRECTION('center_axis',(1.,0.,0.));
#14941=DIRECTION('ref_axis',(0.,1.,0.));
#14942=DIRECTION('',(0.,1.,0.));
#14943=DIRECTION('',(0.,0.,1.));
#14944=DIRECTION('',(0.,1.,0.));
#14945=DIRECTION('center_axis',(0.,-1.,0.));
#14946=DIRECTION('ref_axis',(1.,0.,0.));
#14947=DIRECTION('',(1.,0.,0.));
#14948=DIRECTION('',(0.,0.,1.));
#14949=DIRECTION('',(1.,0.,0.));
#14950=DIRECTION('center_axis',(1.,0.,0.));
#14951=DIRECTION('ref_axis',(0.,1.,0.));
#14952=DIRECTION('',(0.,1.,0.));
#14953=DIRECTION('',(0.,0.,1.));
#14954=DIRECTION('',(0.,1.,0.));
#14955=DIRECTION('center_axis',(0.,-1.,0.));
#14956=DIRECTION('ref_axis',(1.,0.,0.));
#14957=DIRECTION('',(1.,0.,0.));
#14958=DIRECTION('',(0.,0.,1.));
#14959=DIRECTION('',(1.,0.,0.));
#14960=DIRECTION('center_axis',(-1.,0.,0.));
#14961=DIRECTION('ref_axis',(0.,-1.,0.));
#14962=DIRECTION('',(0.,-1.,0.));
#14963=DIRECTION('',(0.,0.,1.));
#14964=DIRECTION('',(0.,-1.,0.));
#14965=DIRECTION('center_axis',(0.,-1.,0.));
#14966=DIRECTION('ref_axis',(1.,0.,0.));
#14967=DIRECTION('',(1.,0.,0.));
#14968=DIRECTION('',(1.,0.,0.));
#14969=DIRECTION('center_axis',(0.,0.,1.));
#14970=DIRECTION('ref_axis',(1.,0.,0.));
#14971=DIRECTION('center_axis',(-1.,0.,0.));
#14972=DIRECTION('ref_axis',(0.,-1.,0.));
#14973=DIRECTION('',(0.,-1.,0.));
#14974=DIRECTION('',(0.,0.,1.));
#14975=DIRECTION('',(0.,-1.,0.));
#14976=DIRECTION('',(0.,0.,1.));
#14977=DIRECTION('center_axis',(0.,1.,0.));
#14978=DIRECTION('ref_axis',(-1.,0.,0.));
#14979=DIRECTION('',(-1.,0.,0.));
#14980=DIRECTION('',(0.,0.,1.));
#14981=DIRECTION('',(-1.,0.,0.));
#14982=DIRECTION('center_axis',(-1.,0.,0.));
#14983=DIRECTION('ref_axis',(0.,-1.,0.));
#14984=DIRECTION('',(0.,-1.,0.));
#14985=DIRECTION('',(0.,0.,1.));
#14986=DIRECTION('',(0.,-1.,0.));
#14987=DIRECTION('center_axis',(0.,1.,0.));
#14988=DIRECTION('ref_axis',(-1.,0.,0.));
#14989=DIRECTION('',(-1.,0.,0.));
#14990=DIRECTION('',(0.,0.,1.));
#14991=DIRECTION('',(-1.,0.,0.));
#14992=DIRECTION('center_axis',(1.,8.88178419700124E-16,0.));
#14993=DIRECTION('ref_axis',(-8.88178419700124E-16,1.,0.));
#14994=DIRECTION('',(-8.88178419700124E-16,1.,0.));
#14995=DIRECTION('',(0.,0.,1.));
#14996=DIRECTION('',(-8.88178419700124E-16,1.,0.));
#14997=DIRECTION('center_axis',(0.,1.,0.));
#14998=DIRECTION('ref_axis',(-1.,0.,0.));
#14999=DIRECTION('',(-1.,0.,0.));
#15000=DIRECTION('',(0.,0.,1.));
#15001=DIRECTION('',(-1.,0.,0.));
#15002=DIRECTION('center_axis',(1.,0.,0.));
#15003=DIRECTION('ref_axis',(0.,1.,0.));
#15004=DIRECTION('',(0.,1.,0.));
#15005=DIRECTION('',(0.,0.,1.));
#15006=DIRECTION('',(0.,1.,0.));
#15007=DIRECTION('center_axis',(0.,-1.,0.));
#15008=DIRECTION('ref_axis',(1.,0.,0.));
#15009=DIRECTION('',(1.,0.,0.));
#15010=DIRECTION('',(0.,0.,1.));
#15011=DIRECTION('',(1.,0.,0.));
#15012=DIRECTION('center_axis',(1.,8.88178419700124E-16,0.));
#15013=DIRECTION('ref_axis',(-8.88178419700124E-16,1.,0.));
#15014=DIRECTION('',(-8.88178419700124E-16,1.,0.));
#15015=DIRECTION('',(0.,0.,1.));
#15016=DIRECTION('',(-8.88178419700124E-16,1.,0.));
#15017=DIRECTION('center_axis',(-7.16272919113004E-16,-1.,0.));
#15018=DIRECTION('ref_axis',(1.,-7.16272919113004E-16,0.));
#15019=DIRECTION('',(1.,-7.16272919113004E-16,0.));
#15020=DIRECTION('',(0.,0.,1.));
#15021=DIRECTION('',(1.,-7.16272919113004E-16,0.));
#15022=DIRECTION('center_axis',(-1.,0.,0.));
#15023=DIRECTION('ref_axis',(0.,-1.,0.));
#15024=DIRECTION('',(0.,-1.,0.));
#15025=DIRECTION('',(0.,0.,1.));
#15026=DIRECTION('',(0.,-1.,0.));
#15027=DIRECTION('center_axis',(0.,-1.,0.));
#15028=DIRECTION('ref_axis',(1.,0.,0.));
#15029=DIRECTION('',(1.,0.,0.));
#15030=DIRECTION('',(1.,0.,0.));
#15031=DIRECTION('center_axis',(0.,0.,1.));
#15032=DIRECTION('ref_axis',(1.,0.,0.));
#15033=DIRECTION('center_axis',(0.,-1.,0.));
#15034=DIRECTION('ref_axis',(1.,0.,0.));
#15035=DIRECTION('',(1.,0.,0.));
#15036=DIRECTION('',(0.,0.,1.));
#15037=DIRECTION('',(1.,0.,0.));
#15038=DIRECTION('',(0.,0.,1.));
#15039=DIRECTION('center_axis',(1.,0.,0.));
#15040=DIRECTION('ref_axis',(0.,1.,0.));
#15041=DIRECTION('',(0.,1.,0.));
#15042=DIRECTION('',(0.,0.,1.));
#15043=DIRECTION('',(0.,1.,0.));
#15044=DIRECTION('center_axis',(8.45884209238214E-16,-1.,0.));
#15045=DIRECTION('ref_axis',(1.,8.45884209238214E-16,0.));
#15046=DIRECTION('',(1.,8.45884209238214E-16,0.));
#15047=DIRECTION('',(0.,0.,1.));
#15048=DIRECTION('',(1.,8.45884209238214E-16,0.));
#15049=DIRECTION('center_axis',(-1.,-2.96059473233375E-15,0.));
#15050=DIRECTION('ref_axis',(2.96059473233375E-15,-1.,0.));
#15051=DIRECTION('',(2.96059473233375E-15,-1.,0.));
#15052=DIRECTION('',(0.,0.,1.));
#15053=DIRECTION('',(2.96059473233375E-15,-1.,0.));
#15054=DIRECTION('center_axis',(0.,-1.,0.));
#15055=DIRECTION('ref_axis',(1.,0.,0.));
#15056=DIRECTION('',(1.,0.,0.));
#15057=DIRECTION('',(0.,0.,1.));
#15058=DIRECTION('',(1.,0.,0.));
#15059=DIRECTION('center_axis',(-1.,0.,0.));
#15060=DIRECTION('ref_axis',(0.,-1.,0.));
#15061=DIRECTION('',(0.,-1.,0.));
#15062=DIRECTION('',(0.,0.,1.));
#15063=DIRECTION('',(0.,-1.,0.));
#15064=DIRECTION('center_axis',(0.,1.,0.));
#15065=DIRECTION('ref_axis',(-1.,0.,0.));
#15066=DIRECTION('',(-1.,0.,0.));
#15067=DIRECTION('',(0.,0.,1.));
#15068=DIRECTION('',(-1.,0.,0.));
#15069=DIRECTION('center_axis',(-1.,-2.96059473233375E-15,0.));
#15070=DIRECTION('ref_axis',(2.96059473233375E-15,-1.,0.));
#15071=DIRECTION('',(2.96059473233375E-15,-1.,0.));
#15072=DIRECTION('',(0.,0.,1.));
#15073=DIRECTION('',(2.96059473233375E-15,-1.,0.));
#15074=DIRECTION('center_axis',(0.,1.,0.));
#15075=DIRECTION('ref_axis',(-1.,0.,0.));
#15076=DIRECTION('',(-1.,0.,0.));
#15077=DIRECTION('',(0.,0.,1.));
#15078=DIRECTION('',(-1.,0.,0.));
#15079=DIRECTION('center_axis',(1.,0.,0.));
#15080=DIRECTION('ref_axis',(0.,1.,0.));
#15081=DIRECTION('',(0.,1.,0.));
#15082=DIRECTION('',(0.,0.,1.));
#15083=DIRECTION('',(0.,1.,0.));
#15084=DIRECTION('center_axis',(0.,1.,0.));
#15085=DIRECTION('ref_axis',(-1.,0.,0.));
#15086=DIRECTION('',(-1.,0.,0.));
#15087=DIRECTION('',(0.,0.,1.));
#15088=DIRECTION('',(-1.,0.,0.));
#15089=DIRECTION('center_axis',(1.,0.,0.));
#15090=DIRECTION('ref_axis',(0.,1.,0.));
#15091=DIRECTION('',(0.,1.,0.));
#15092=DIRECTION('',(0.,1.,0.));
#15093=DIRECTION('center_axis',(0.,0.,1.));
#15094=DIRECTION('ref_axis',(1.,0.,0.));
#15095=DIRECTION('center_axis',(0.,0.,1.));
#15096=DIRECTION('ref_axis',(-1.,0.,0.));
#15097=DIRECTION('center_axis',(0.,0.,1.));
#15098=DIRECTION('ref_axis',(-1.,0.,0.));
#15099=DIRECTION('',(0.,0.,1.));
#15100=DIRECTION('center_axis',(0.,0.,1.));
#15101=DIRECTION('ref_axis',(-1.,0.,0.));
#15102=DIRECTION('center_axis',(0.,0.,1.));
#15103=DIRECTION('ref_axis',(-1.,0.,0.));
#15104=DIRECTION('center_axis',(0.,0.,1.));
#15105=DIRECTION('ref_axis',(-1.,0.,0.));
#15106=DIRECTION('',(0.,0.,-1.));
#15107=DIRECTION('center_axis',(0.,0.,1.));
#15108=DIRECTION('ref_axis',(-1.,0.,0.));
#15109=DIRECTION('',(0.,0.,1.));
#15110=DIRECTION('center_axis',(0.,0.,1.));
#15111=DIRECTION('ref_axis',(-1.,0.,0.));
#15112=DIRECTION('',(0.,0.,1.));
#15113=DIRECTION('center_axis',(0.,0.,1.));
#15114=DIRECTION('ref_axis',(-1.,0.,0.));
#15115=DIRECTION('center_axis',(0.,0.,1.));
#15116=DIRECTION('ref_axis',(-1.,0.,0.));
#15117=DIRECTION('center_axis',(0.,0.,1.));
#15118=DIRECTION('ref_axis',(-1.,0.,0.));
#15119=DIRECTION('center_axis',(0.,0.,1.));
#15120=DIRECTION('ref_axis',(-1.,0.,0.));
#15121=DIRECTION('',(-0.997452149364316,-0.0713386972722803,0.));
#15122=DIRECTION('',(-0.977146750556833,-0.212565820103381,0.));
#15123=DIRECTION('',(-0.936949712633284,-0.349464212754907,0.));
#15124=DIRECTION('',(-0.877679193867704,-0.479248612571531,0.));
#15125=DIRECTION('',(-0.80054005296127,-0.599279253440971,0.));
#15126=DIRECTION('',(-0.707106781186546,-0.707106781186549,0.));
#15127=DIRECTION('',(-0.599279253440961,-0.800540052961277,0.));
#15128=DIRECTION('',(-0.47924861257154,-0.877679193867699,0.));
#15129=DIRECTION('',(-0.349464212754909,-0.936949712633283,0.));
#15130=DIRECTION('',(-0.2125658201034,-0.977146750556829,0.));
#15131=DIRECTION('',(-0.0713386972722649,-0.997452149364317,0.));
#15132=DIRECTION('',(0.,-1.,0.));
#15133=DIRECTION('',(-0.0713386972722644,-0.997452149364317,0.));
#15134=DIRECTION('',(-0.212565820103401,-0.977146750556829,0.));
#15135=DIRECTION('',(-0.349464212754909,-0.936949712633283,0.));
#15136=DIRECTION('',(-0.479248612571515,-0.877679193867713,0.));
#15137=DIRECTION('',(-0.599279253440984,-0.80054005296126,0.));
#15138=DIRECTION('',(-0.707106781186528,-0.707106781186567,0.));
#15139=DIRECTION('',(-0.800540052961279,-0.599279253440959,0.));
#15140=DIRECTION('',(-0.877679193867706,-0.479248612571527,0.));
#15141=DIRECTION('',(-0.936949712633284,-0.349464212754907,0.));
#15142=DIRECTION('',(-0.977146750556833,-0.21256582010338,0.));
#15143=DIRECTION('',(-0.997452149364316,-0.0713386972722793,0.));
#15144=DIRECTION('',(-1.,0.,0.));
#15145=DIRECTION('',(-0.997452149364316,0.0713386972722805,0.));
#15146=DIRECTION('',(-0.977146750556834,0.212565820103377,0.));
#15147=DIRECTION('',(-0.936949712633282,0.349464212754912,0.));
#15148=DIRECTION('',(-0.87767919386771,0.47924861257152,0.));
#15149=DIRECTION('',(-0.800540052961267,0.599279253440974,0.));
#15150=DIRECTION('',(-0.707106781186544,0.707106781186551,0.));
#15151=DIRECTION('',(-0.599279253440974,0.800540052961267,0.));
#15152=DIRECTION('',(-0.479248612571527,0.877679193867706,0.));
#15153=DIRECTION('',(-0.349464212754909,0.936949712633283,0.));
#15154=DIRECTION('',(-0.212565820103371,0.977146750556835,0.));
#15155=DIRECTION('',(-0.0713386972722954,0.997452149364315,0.));
#15156=DIRECTION('',(0.,1.,0.));
#15157=DIRECTION('',(-0.0713386972722802,0.997452149364316,0.));
#15158=DIRECTION('',(-0.21256582010337,0.977146750556835,0.));
#15159=DIRECTION('',(-0.349464212754909,0.936949712633283,0.));
#15160=DIRECTION('',(-0.479248612571528,0.877679193867705,0.));
#15161=DIRECTION('',(-0.599279253440971,0.80054005296127,0.));
#15162=DIRECTION('',(-0.707106781186554,0.707106781186541,0.));
#15163=DIRECTION('',(-0.80054005296127,0.599279253440971,0.));
#15164=DIRECTION('',(-0.877679193867704,0.479248612571531,0.));
#15165=DIRECTION('',(-0.936949712633282,0.349464212754912,0.));
#15166=DIRECTION('',(-0.977146750556833,0.212565820103378,0.));
#15167=DIRECTION('',(-0.997452149364316,0.0713386972722814,0.));
#15168=DIRECTION('',(-0.997452149364316,0.0713386972722812,0.));
#15169=DIRECTION('',(-0.977146750556833,0.212565820103379,0.));
#15170=DIRECTION('',(-0.936949712633283,0.349464212754909,0.));
#15171=DIRECTION('',(-0.877679193867703,0.479248612571532,0.));
#15172=DIRECTION('',(-0.800540052961272,0.599279253440968,0.));
#15173=DIRECTION('',(-0.707106781186548,0.707106781186548,0.));
#15174=DIRECTION('',(-0.599279253440968,0.800540052961272,0.));
#15175=DIRECTION('',(-0.479248612571532,0.877679193867703,0.));
#15176=DIRECTION('',(-0.349464212754909,0.936949712633283,0.));
#15177=DIRECTION('',(-0.212565820103379,0.977146750556833,0.));
#15178=DIRECTION('',(-0.0713386972722808,0.997452149364316,0.));
#15179=DIRECTION('',(0.,1.,0.));
#15180=DIRECTION('',(0.0713386972722814,0.997452149364316,0.));
#15181=DIRECTION('',(0.212565820103378,0.977146750556833,0.));
#15182=DIRECTION('',(0.349464212754912,0.936949712633282,0.));
#15183=DIRECTION('',(0.479248612571531,0.877679193867704,0.));
#15184=DIRECTION('',(0.599279253440964,0.800540052961275,0.));
#15185=DIRECTION('',(0.707106781186549,0.707106781186546,0.));
#15186=DIRECTION('',(0.800540052961277,0.599279253440961,0.));
#15187=DIRECTION('',(0.877679193867705,0.479248612571528,0.));
#15188=DIRECTION('',(0.936949712633283,0.349464212754909,0.));
#15189=DIRECTION('',(0.977146750556829,0.2125658201034,0.));
#15190=DIRECTION('',(0.997452149364317,0.0713386972722666,0.));
#15191=DIRECTION('',(0.997452149364317,-0.0713386972722639,0.));
#15192=DIRECTION('',(0.977146750556828,-0.212565820103402,0.));
#15193=DIRECTION('',(0.936949712633284,-0.349464212754907,0.));
#15194=DIRECTION('',(0.877679193867699,-0.47924861257154,0.));
#15195=DIRECTION('',(0.800540052961275,-0.599279253440964,0.));
#15196=DIRECTION('',(0.707106781186563,-0.707106781186532,0.));
#15197=DIRECTION('',(0.599279253440957,-0.800540052961281,0.));
#15198=DIRECTION('',(0.479248612571539,-0.8776791938677,0.));
#15199=DIRECTION('',(0.349464212754912,-0.936949712633282,0.));
#15200=DIRECTION('',(0.212565820103339,-0.977146750556842,0.));
#15201=DIRECTION('',(0.0713386972722959,-0.997452149364315,0.));
#15202=DIRECTION('',(0.,-1.,0.));
#15203=DIRECTION('',(-0.0713386972722957,-0.997452149364315,0.));
#15204=DIRECTION('',(-0.212565820103341,-0.977146750556842,0.));
#15205=DIRECTION('',(-0.349464212754909,-0.936949712633283,0.));
#15206=DIRECTION('',(-0.47924861257154,-0.877679193867699,0.));
#15207=DIRECTION('',(-0.599279253440961,-0.800540052961277,0.));
#15208=DIRECTION('',(-0.707106781186562,-0.707106781186533,0.));
#15209=DIRECTION('',(-0.80054005296127,-0.599279253440971,0.));
#15210=DIRECTION('',(-0.877679193867697,-0.479248612571544,0.));
#15211=DIRECTION('',(-0.936949712633284,-0.349464212754907,0.));
#15212=DIRECTION('',(-0.977146750556833,-0.212565820103381,0.));
#15213=DIRECTION('',(-0.997452149364316,-0.0713386972722803,0.));
#15214=DIRECTION('center_axis',(0.,0.,-1.));
#15215=DIRECTION('ref_axis',(-1.,0.,0.));
#15216=DIRECTION('',(1.,0.,0.));
#15217=DIRECTION('',(0.,1.,0.));
#15218=DIRECTION('',(-1.,0.,0.));
#15219=DIRECTION('',(0.,-1.,0.));
#15220=DIRECTION('',(1.,0.,0.));
#15221=DIRECTION('',(0.,1.,0.));
#15222=DIRECTION('',(-1.,0.,0.));
#15223=DIRECTION('',(0.,-1.,0.));
#15224=DIRECTION('',(1.,0.,0.));
#15225=DIRECTION('',(0.,1.,0.));
#15226=DIRECTION('',(-1.,0.,0.));
#15227=DIRECTION('',(0.,-1.,0.));
#15228=DIRECTION('',(1.,0.,0.));
#15229=DIRECTION('',(0.,1.,0.));
#15230=DIRECTION('',(-1.,0.,0.));
#15231=DIRECTION('',(0.,-1.,0.));
#15232=DIRECTION('',(1.,0.,0.));
#15233=DIRECTION('',(0.,1.,0.));
#15234=DIRECTION('',(-1.,0.,0.));
#15235=DIRECTION('',(0.,-1.,0.));
#15236=DIRECTION('',(0.,-1.,0.));
#15237=DIRECTION('',(1.,0.,0.));
#15238=DIRECTION('',(0.,1.,0.));
#15239=DIRECTION('',(-1.,0.,0.));
#15240=DIRECTION('',(1.,0.,0.));
#15241=DIRECTION('',(0.,1.,0.));
#15242=DIRECTION('',(-1.,0.,0.));
#15243=DIRECTION('',(0.,-1.,0.));
#15244=DIRECTION('',(1.,0.,0.));
#15245=DIRECTION('',(0.,1.,0.));
#15246=DIRECTION('',(-1.,0.,0.));
#15247=DIRECTION('',(0.,-1.,0.));
#15248=DIRECTION('',(1.,0.,0.));
#15249=DIRECTION('',(0.,1.,0.));
#15250=DIRECTION('',(-1.,0.,0.));
#15251=DIRECTION('',(0.,-1.,0.));
#15252=DIRECTION('',(1.,0.,0.));
#15253=DIRECTION('',(0.,1.,0.));
#15254=DIRECTION('',(-1.,0.,0.));
#15255=DIRECTION('',(0.,-1.,0.));
#15256=DIRECTION('',(1.,0.,0.));
#15257=DIRECTION('',(0.,1.,0.));
#15258=DIRECTION('',(-1.,0.,0.));
#15259=DIRECTION('',(0.,-1.,0.));
#15260=DIRECTION('',(1.,0.,0.));
#15261=DIRECTION('',(0.,1.,0.));
#15262=DIRECTION('',(-1.,0.,0.));
#15263=DIRECTION('',(0.,-1.,0.));
#15264=DIRECTION('',(1.,0.,0.));
#15265=DIRECTION('',(0.,1.,0.));
#15266=DIRECTION('',(-1.,0.,0.));
#15267=DIRECTION('',(0.,-1.,0.));
#15268=DIRECTION('',(1.,0.,0.));
#15269=DIRECTION('',(0.,1.,0.));
#15270=DIRECTION('',(-1.,0.,0.));
#15271=DIRECTION('',(0.,-1.,0.));
#15272=DIRECTION('',(1.,0.,0.));
#15273=DIRECTION('',(0.,1.,0.));
#15274=DIRECTION('',(-1.,0.,0.));
#15275=DIRECTION('',(0.,-1.,0.));
#15276=DIRECTION('',(1.,0.,0.));
#15277=DIRECTION('',(0.,-1.,0.));
#15278=DIRECTION('',(1.,0.,0.));
#15279=DIRECTION('',(0.,1.,0.));
#15280=DIRECTION('',(-1.,0.,0.));
#15281=DIRECTION('',(1.,0.,0.));
#15282=DIRECTION('',(0.,1.,0.));
#15283=DIRECTION('',(-1.,0.,0.));
#15284=DIRECTION('',(0.,-1.,0.));
#15285=DIRECTION('',(-1.,0.,0.));
#15286=DIRECTION('',(0.,-1.,0.));
#15287=DIRECTION('',(1.,0.,0.));
#15288=DIRECTION('',(0.,1.,0.));
#15289=DIRECTION('',(0.,-1.,0.));
#15290=DIRECTION('',(1.,0.,0.));
#15291=DIRECTION('',(0.,1.,0.));
#15292=DIRECTION('',(-1.,0.,0.));
#15293=DIRECTION('',(0.,-1.,0.));
#15294=DIRECTION('center_axis',(0.,0.,1.));
#15295=DIRECTION('ref_axis',(-1.,0.,0.));
#15296=DIRECTION('',(1.,0.,0.));
#15297=DIRECTION('',(0.,1.,0.));
#15298=DIRECTION('',(-1.,0.,0.));
#15299=DIRECTION('center_axis',(0.,0.,1.));
#15300=DIRECTION('ref_axis',(0.,1.,0.));
#15301=DIRECTION('center_axis',(0.,-1.,0.));
#15302=DIRECTION('ref_axis',(1.,0.,0.));
#15303=DIRECTION('',(1.,0.,0.));
#15304=DIRECTION('',(0.,0.,1.));
#15305=DIRECTION('center_axis',(-1.,0.,0.));
#15306=DIRECTION('ref_axis',(0.,-1.,0.));
#15307=DIRECTION('',(0.,0.,1.));
#15308=DIRECTION('',(0.,-1.,0.));
#15309=DIRECTION('',(0.,0.,1.));
#15310=DIRECTION('center_axis',(0.,0.,1.));
#15311=DIRECTION('ref_axis',(0.,1.,0.));
#15312=DIRECTION('',(0.,0.,1.));
#15313=DIRECTION('center_axis',(0.,0.,1.));
#15314=DIRECTION('ref_axis',(0.,1.,0.));
#15315=DIRECTION('center_axis',(0.,1.,0.));
#15316=DIRECTION('ref_axis',(-1.,0.,0.));
#15317=DIRECTION('',(0.,0.,1.));
#15318=DIRECTION('',(-1.,0.,0.));
#15319=DIRECTION('center_axis',(1.,0.,0.));
#15320=DIRECTION('ref_axis',(0.,1.,0.));
#15321=DIRECTION('',(0.,0.,1.));
#15322=DIRECTION('',(0.,1.,0.));
#15323=DIRECTION('center_axis',(0.,-1.,0.));
#15324=DIRECTION('ref_axis',(1.,0.,0.));
#15325=DIRECTION('',(0.,0.,1.));
#15326=DIRECTION('',(1.,0.,0.));
#15327=DIRECTION('center_axis',(0.,0.,1.));
#15328=DIRECTION('ref_axis',(-1.,0.,0.));
#15329=DIRECTION('center_axis',(0.,0.,1.));
#15330=DIRECTION('ref_axis',(-1.,0.,0.));
#15331=DIRECTION('center_axis',(0.,0.,1.));
#15332=DIRECTION('ref_axis',(-1.,0.,0.));
#15333=DIRECTION('center_axis',(-1.,0.,0.));
#15334=DIRECTION('ref_axis',(0.,-1.,0.));
#15335=DIRECTION('',(0.,0.,1.));
#15336=DIRECTION('',(0.,-1.,0.));
#15337=DIRECTION('',(0.,0.,1.));
#15338=DIRECTION('center_axis',(0.,1.,0.));
#15339=DIRECTION('ref_axis',(-1.,0.,0.));
#15340=DIRECTION('',(0.,0.,1.));
#15341=DIRECTION('',(-1.,0.,0.));
#15342=DIRECTION('center_axis',(1.,0.,0.));
#15343=DIRECTION('ref_axis',(0.,1.,0.));
#15344=DIRECTION('',(0.,0.,1.));
#15345=DIRECTION('',(0.,1.,0.));
#15346=DIRECTION('center_axis',(0.,-1.,0.));
#15347=DIRECTION('ref_axis',(1.,0.,0.));
#15348=DIRECTION('',(1.,0.,0.));
#15349=DIRECTION('center_axis',(0.,0.,1.));
#15350=DIRECTION('ref_axis',(1.,0.,0.));
#15351=DIRECTION('',(-1.,0.,0.));
#15352=DIRECTION('',(0.,-1.,0.));
#15353=DIRECTION('',(1.,0.,0.));
#15354=DIRECTION('',(0.,1.,0.));
#15355=DIRECTION('center_axis',(0.,1.,0.));
#15356=DIRECTION('ref_axis',(-1.,0.,0.));
#15357=DIRECTION('',(0.,0.,1.));
#15358=DIRECTION('',(-1.,0.,0.));
#15359=DIRECTION('',(0.,0.,1.));
#15360=DIRECTION('center_axis',(1.,0.,0.));
#15361=DIRECTION('ref_axis',(0.,1.,0.));
#15362=DIRECTION('',(0.,0.,1.));
#15363=DIRECTION('',(0.,1.,0.));
#15364=DIRECTION('center_axis',(0.,-1.,0.));
#15365=DIRECTION('ref_axis',(1.,0.,0.));
#15366=DIRECTION('',(0.,0.,1.));
#15367=DIRECTION('',(1.,0.,0.));
#15368=DIRECTION('center_axis',(-1.,0.,0.));
#15369=DIRECTION('ref_axis',(0.,-1.,0.));
#15370=DIRECTION('',(0.,-1.,0.));
#15371=DIRECTION('center_axis',(0.,0.,1.));
#15372=DIRECTION('ref_axis',(1.,0.,0.));
#15373=DIRECTION('',(1.,0.,0.));
#15374=DIRECTION('',(0.,1.,0.));
#15375=DIRECTION('',(-1.,0.,0.));
#15376=DIRECTION('',(0.,-1.,0.));
#15377=DIRECTION('center_axis',(-1.,0.,0.));
#15378=DIRECTION('ref_axis',(0.,-1.,0.));
#15379=DIRECTION('',(0.,0.,1.));
#15380=DIRECTION('',(0.,-1.,0.));
#15381=DIRECTION('',(0.,0.,1.));
#15382=DIRECTION('center_axis',(0.,1.,0.));
#15383=DIRECTION('ref_axis',(-1.,0.,0.));
#15384=DIRECTION('',(0.,0.,1.));
#15385=DIRECTION('',(-1.,0.,0.));
#15386=DIRECTION('center_axis',(1.,0.,0.));
#15387=DIRECTION('ref_axis',(0.,1.,0.));
#15388=DIRECTION('',(0.,0.,1.));
#15389=DIRECTION('',(0.,1.,0.));
#15390=DIRECTION('',(0.,0.,1.));
#15391=DIRECTION('center_axis',(0.,-1.,0.));
#15392=DIRECTION('ref_axis',(1.,0.,0.));
#15393=DIRECTION('',(0.,0.,1.));
#15394=DIRECTION('',(1.,0.,0.));
#15395=DIRECTION('center_axis',(0.,-1.,0.));
#15396=DIRECTION('ref_axis',(1.,0.,0.));
#15397=DIRECTION('',(0.,0.,1.));
#15398=DIRECTION('',(1.,0.,0.));
#15399=DIRECTION('',(0.,0.,1.));
#15400=DIRECTION('center_axis',(-1.,0.,0.));
#15401=DIRECTION('ref_axis',(0.,-1.,0.));
#15402=DIRECTION('',(0.,0.,1.));
#15403=DIRECTION('',(0.,-1.,0.));
#15404=DIRECTION('center_axis',(0.,1.,0.));
#15405=DIRECTION('ref_axis',(-1.,0.,0.));
#15406=DIRECTION('',(0.,0.,1.));
#15407=DIRECTION('',(-1.,0.,0.));
#15408=DIRECTION('center_axis',(1.,0.,0.));
#15409=DIRECTION('ref_axis',(0.,1.,0.));
#15410=DIRECTION('',(0.,1.,0.));
#15411=DIRECTION('center_axis',(0.,0.,1.));
#15412=DIRECTION('ref_axis',(1.,0.,0.));
#15413=DIRECTION('',(-1.,-1.48029736616687E-15,0.));
#15414=DIRECTION('',(0.,-1.,0.));
#15415=DIRECTION('',(1.,2.96059473233374E-15,0.));
#15416=DIRECTION('',(0.,1.,0.));
#15417=DIRECTION('center_axis',(-1.,0.,0.));
#15418=DIRECTION('ref_axis',(0.,-1.,0.));
#15419=DIRECTION('',(0.,0.,1.));
#15420=DIRECTION('',(0.,-1.,0.));
#15421=DIRECTION('',(0.,0.,1.));
#15422=DIRECTION('center_axis',(0.,1.,0.));
#15423=DIRECTION('ref_axis',(-1.,0.,0.));
#15424=DIRECTION('',(0.,0.,1.));
#15425=DIRECTION('',(-1.,0.,0.));
#15426=DIRECTION('center_axis',(1.,0.,0.));
#15427=DIRECTION('ref_axis',(0.,1.,0.));
#15428=DIRECTION('',(0.,0.,1.));
#15429=DIRECTION('',(0.,1.,0.));
#15430=DIRECTION('center_axis',(0.,-1.,0.));
#15431=DIRECTION('ref_axis',(1.,0.,0.));
#15432=DIRECTION('',(1.,0.,0.));
#15433=DIRECTION('center_axis',(0.,0.,1.));
#15434=DIRECTION('ref_axis',(1.,0.,0.));
#15435=DIRECTION('',(0.,-1.,0.));
#15436=DIRECTION('',(1.,-2.96059473233374E-15,0.));
#15437=DIRECTION('',(0.,1.,0.));
#15438=DIRECTION('',(-1.,1.48029736616687E-15,0.));
#15439=DIRECTION('center_axis',(-1.,0.,0.));
#15440=DIRECTION('ref_axis',(0.,-1.,0.));
#15441=DIRECTION('',(0.,0.,1.));
#15442=DIRECTION('',(0.,-1.,0.));
#15443=DIRECTION('',(0.,0.,1.));
#15444=DIRECTION('center_axis',(-1.48029736616687E-15,1.,0.));
#15445=DIRECTION('ref_axis',(-1.,-1.48029736616687E-15,0.));
#15446=DIRECTION('',(0.,0.,1.));
#15447=DIRECTION('',(-1.,-1.48029736616687E-15,0.));
#15448=DIRECTION('center_axis',(-2.96059473233374E-15,-1.,0.));
#15449=DIRECTION('ref_axis',(1.,-2.96059473233374E-15,0.));
#15450=DIRECTION('',(0.,0.,1.));
#15451=DIRECTION('',(1.,-2.96059473233374E-15,0.));
#15452=DIRECTION('',(0.,0.,1.));
#15453=DIRECTION('center_axis',(-1.,0.,0.));
#15454=DIRECTION('ref_axis',(0.,-1.,0.));
#15455=DIRECTION('',(0.,0.,1.));
#15456=DIRECTION('',(0.,-1.,0.));
#15457=DIRECTION('center_axis',(0.,-1.,0.));
#15458=DIRECTION('ref_axis',(1.,0.,0.));
#15459=DIRECTION('',(0.,0.,1.));
#15460=DIRECTION('',(1.,0.,0.));
#15461=DIRECTION('center_axis',(-1.,0.,0.));
#15462=DIRECTION('ref_axis',(0.,-1.,0.));
#15463=DIRECTION('',(0.,0.,1.));
#15464=DIRECTION('',(0.,-1.,0.));
#15465=DIRECTION('center_axis',(0.,1.,0.));
#15466=DIRECTION('ref_axis',(-1.,0.,0.));
#15467=DIRECTION('',(0.,0.,1.));
#15468=DIRECTION('',(-1.,0.,0.));
#15469=DIRECTION('center_axis',(1.,0.,0.));
#15470=DIRECTION('ref_axis',(0.,1.,0.));
#15471=DIRECTION('',(0.,1.,0.));
#15472=DIRECTION('center_axis',(0.,0.,1.));
#15473=DIRECTION('ref_axis',(1.,0.,0.));
#15474=DIRECTION('',(0.,1.,0.));
#15475=DIRECTION('',(-1.,0.,0.));
#15476=DIRECTION('',(0.,-1.,0.));
#15477=DIRECTION('',(1.,0.,0.));
#15478=DIRECTION('center_axis',(0.,1.,0.));
#15479=DIRECTION('ref_axis',(-1.,0.,0.));
#15480=DIRECTION('',(0.,0.,1.));
#15481=DIRECTION('',(-1.,0.,0.));
#15482=DIRECTION('',(0.,0.,1.));
#15483=DIRECTION('center_axis',(1.,0.,0.));
#15484=DIRECTION('ref_axis',(0.,1.,0.));
#15485=DIRECTION('',(0.,0.,1.));
#15486=DIRECTION('',(0.,1.,0.));
#15487=DIRECTION('center_axis',(0.,-1.,0.));
#15488=DIRECTION('ref_axis',(1.,0.,0.));
#15489=DIRECTION('',(0.,0.,1.));
#15490=DIRECTION('',(1.,0.,0.));
#15491=DIRECTION('',(0.,0.,1.));
#15492=DIRECTION('center_axis',(-1.,0.,0.));
#15493=DIRECTION('ref_axis',(0.,-1.,0.));
#15494=DIRECTION('',(0.,0.,1.));
#15495=DIRECTION('',(0.,-1.,0.));
#15496=DIRECTION('center_axis',(0.,1.,0.));
#15497=DIRECTION('ref_axis',(-1.,0.,0.));
#15498=DIRECTION('',(0.,0.,1.));
#15499=DIRECTION('',(-1.,0.,0.));
#15500=DIRECTION('center_axis',(1.,0.,0.));
#15501=DIRECTION('ref_axis',(0.,1.,0.));
#15502=DIRECTION('',(0.,1.,0.));
#15503=DIRECTION('center_axis',(0.,0.,1.));
#15504=DIRECTION('ref_axis',(1.,0.,0.));
#15505=DIRECTION('',(0.,-1.,0.));
#15506=DIRECTION('',(1.,0.,0.));
#15507=DIRECTION('',(0.,1.,0.));
#15508=DIRECTION('',(-1.,0.,0.));
#15509=DIRECTION('center_axis',(0.,-1.,0.));
#15510=DIRECTION('ref_axis',(1.,0.,0.));
#15511=DIRECTION('',(0.,0.,1.));
#15512=DIRECTION('',(1.,0.,0.));
#15513=DIRECTION('',(0.,0.,1.));
#15514=DIRECTION('center_axis',(-1.,0.,0.));
#15515=DIRECTION('ref_axis',(0.,-1.,0.));
#15516=DIRECTION('',(0.,0.,1.));
#15517=DIRECTION('',(0.,-1.,0.));
#15518=DIRECTION('center_axis',(0.,1.,0.));
#15519=DIRECTION('ref_axis',(-1.,0.,0.));
#15520=DIRECTION('',(0.,0.,1.));
#15521=DIRECTION('',(-1.,0.,0.));
#15522=DIRECTION('center_axis',(1.,0.,0.));
#15523=DIRECTION('ref_axis',(0.,1.,0.));
#15524=DIRECTION('',(0.,1.,0.));
#15525=DIRECTION('center_axis',(0.,0.,1.));
#15526=DIRECTION('ref_axis',(1.,0.,0.));
#15527=DIRECTION('',(0.,-1.,0.));
#15528=DIRECTION('',(1.,0.,0.));
#15529=DIRECTION('',(0.,1.,0.));
#15530=DIRECTION('',(-1.,0.,0.));
#15531=DIRECTION('center_axis',(0.,-1.,0.));
#15532=DIRECTION('ref_axis',(1.,0.,0.));
#15533=DIRECTION('',(0.,0.,1.));
#15534=DIRECTION('',(1.,0.,0.));
#15535=DIRECTION('',(0.,0.,1.));
#15536=DIRECTION('center_axis',(-1.,0.,0.));
#15537=DIRECTION('ref_axis',(0.,-1.,0.));
#15538=DIRECTION('',(0.,0.,1.));
#15539=DIRECTION('',(0.,-1.,0.));
#15540=DIRECTION('center_axis',(0.,1.,0.));
#15541=DIRECTION('ref_axis',(-1.,0.,0.));
#15542=DIRECTION('',(0.,0.,1.));
#15543=DIRECTION('',(-1.,0.,0.));
#15544=DIRECTION('center_axis',(1.,0.,0.));
#15545=DIRECTION('ref_axis',(0.,1.,0.));
#15546=DIRECTION('',(0.,1.,0.));
#15547=DIRECTION('center_axis',(0.,0.,1.));
#15548=DIRECTION('ref_axis',(1.,0.,0.));
#15549=DIRECTION('',(0.,-1.,0.));
#15550=DIRECTION('',(1.,0.,0.));
#15551=DIRECTION('',(0.,1.,0.));
#15552=DIRECTION('',(-1.,0.,0.));
#15553=DIRECTION('center_axis',(0.,-1.,0.));
#15554=DIRECTION('ref_axis',(1.,0.,0.));
#15555=DIRECTION('',(0.,0.,1.));
#15556=DIRECTION('',(1.,0.,0.));
#15557=DIRECTION('',(0.,0.,1.));
#15558=DIRECTION('center_axis',(-1.,0.,0.));
#15559=DIRECTION('ref_axis',(0.,-1.,0.));
#15560=DIRECTION('',(0.,0.,1.));
#15561=DIRECTION('',(0.,-1.,0.));
#15562=DIRECTION('center_axis',(0.,1.,0.));
#15563=DIRECTION('ref_axis',(-1.,0.,0.));
#15564=DIRECTION('',(0.,0.,1.));
#15565=DIRECTION('',(-1.,0.,0.));
#15566=DIRECTION('center_axis',(1.,0.,0.));
#15567=DIRECTION('ref_axis',(0.,1.,0.));
#15568=DIRECTION('',(0.,1.,0.));
#15569=DIRECTION('center_axis',(0.,0.,1.));
#15570=DIRECTION('ref_axis',(1.,0.,0.));
#15571=DIRECTION('',(0.,1.,0.));
#15572=DIRECTION('',(-1.,0.,0.));
#15573=DIRECTION('',(0.,-1.,0.));
#15574=DIRECTION('',(1.,0.,0.));
#15575=DIRECTION('center_axis',(0.,-1.,0.));
#15576=DIRECTION('ref_axis',(1.,0.,0.));
#15577=DIRECTION('',(0.,0.,1.));
#15578=DIRECTION('',(1.,0.,0.));
#15579=DIRECTION('',(0.,0.,1.));
#15580=DIRECTION('center_axis',(-1.,0.,0.));
#15581=DIRECTION('ref_axis',(0.,-1.,0.));
#15582=DIRECTION('',(0.,0.,1.));
#15583=DIRECTION('',(0.,-1.,0.));
#15584=DIRECTION('center_axis',(0.,1.,0.));
#15585=DIRECTION('ref_axis',(-1.,0.,0.));
#15586=DIRECTION('',(0.,0.,1.));
#15587=DIRECTION('',(-1.,0.,0.));
#15588=DIRECTION('center_axis',(1.,0.,0.));
#15589=DIRECTION('ref_axis',(0.,1.,0.));
#15590=DIRECTION('',(0.,1.,0.));
#15591=DIRECTION('center_axis',(0.,0.,1.));
#15592=DIRECTION('ref_axis',(1.,0.,0.));
#15593=DIRECTION('',(1.,0.,0.));
#15594=DIRECTION('',(0.,1.,0.));
#15595=DIRECTION('',(-1.,-3.52451753849255E-16,0.));
#15596=DIRECTION('',(0.,-1.,0.));
#15597=DIRECTION('center_axis',(0.,-1.,0.));
#15598=DIRECTION('ref_axis',(1.,0.,0.));
#15599=DIRECTION('',(0.,0.,1.));
#15600=DIRECTION('',(1.,0.,0.));
#15601=DIRECTION('',(0.,0.,1.));
#15602=DIRECTION('center_axis',(-1.,0.,0.));
#15603=DIRECTION('ref_axis',(0.,-1.,0.));
#15604=DIRECTION('',(0.,0.,1.));
#15605=DIRECTION('',(0.,-1.,0.));
#15606=DIRECTION('center_axis',(0.,1.,0.));
#15607=DIRECTION('ref_axis',(-1.,0.,0.));
#15608=DIRECTION('',(0.,0.,1.));
#15609=DIRECTION('',(-1.,0.,0.));
#15610=DIRECTION('center_axis',(1.,0.,0.));
#15611=DIRECTION('ref_axis',(0.,1.,0.));
#15612=DIRECTION('',(0.,1.,0.));
#15613=DIRECTION('center_axis',(0.,0.,1.));
#15614=DIRECTION('ref_axis',(1.,0.,0.));
#15615=DIRECTION('',(0.,-1.,0.));
#15616=DIRECTION('',(1.,0.,0.));
#15617=DIRECTION('',(0.,1.,0.));
#15618=DIRECTION('',(-1.,0.,0.));
#15619=DIRECTION('center_axis',(0.,-1.,0.));
#15620=DIRECTION('ref_axis',(1.,0.,0.));
#15621=DIRECTION('',(0.,0.,1.));
#15622=DIRECTION('',(1.,0.,0.));
#15623=DIRECTION('',(0.,0.,1.));
#15624=DIRECTION('center_axis',(-1.,0.,0.));
#15625=DIRECTION('ref_axis',(0.,-1.,0.));
#15626=DIRECTION('',(0.,0.,1.));
#15627=DIRECTION('',(0.,-1.,0.));
#15628=DIRECTION('center_axis',(0.,1.,0.));
#15629=DIRECTION('ref_axis',(-1.,0.,0.));
#15630=DIRECTION('',(0.,0.,1.));
#15631=DIRECTION('',(-1.,0.,0.));
#15632=DIRECTION('center_axis',(1.,0.,0.));
#15633=DIRECTION('ref_axis',(0.,1.,0.));
#15634=DIRECTION('',(0.,1.,0.));
#15635=DIRECTION('center_axis',(0.,0.,1.));
#15636=DIRECTION('ref_axis',(1.,0.,0.));
#15637=DIRECTION('',(3.52451753849256E-16,1.,0.));
#15638=DIRECTION('',(-1.,0.,0.));
#15639=DIRECTION('',(0.,-1.,0.));
#15640=DIRECTION('',(1.,0.,0.));
#15641=DIRECTION('center_axis',(0.,-1.,0.));
#15642=DIRECTION('ref_axis',(1.,0.,0.));
#15643=DIRECTION('',(0.,0.,1.));
#15644=DIRECTION('',(1.,0.,0.));
#15645=DIRECTION('',(0.,0.,1.));
#15646=DIRECTION('center_axis',(-1.,0.,0.));
#15647=DIRECTION('ref_axis',(0.,-1.,0.));
#15648=DIRECTION('',(0.,0.,1.));
#15649=DIRECTION('',(0.,-1.,0.));
#15650=DIRECTION('center_axis',(0.,1.,0.));
#15651=DIRECTION('ref_axis',(-1.,0.,0.));
#15652=DIRECTION('',(0.,0.,1.));
#15653=DIRECTION('',(-1.,0.,0.));
#15654=DIRECTION('center_axis',(1.,0.,0.));
#15655=DIRECTION('ref_axis',(0.,1.,0.));
#15656=DIRECTION('',(0.,1.,0.));
#15657=DIRECTION('center_axis',(0.,0.,1.));
#15658=DIRECTION('ref_axis',(1.,0.,0.));
#15659=DIRECTION('',(0.,-1.,0.));
#15660=DIRECTION('',(1.,0.,0.));
#15661=DIRECTION('',(0.,1.,0.));
#15662=DIRECTION('',(-1.,0.,0.));
#15663=DIRECTION('center_axis',(-1.,0.,0.));
#15664=DIRECTION('ref_axis',(0.,-1.,0.));
#15665=DIRECTION('',(0.,0.,1.));
#15666=DIRECTION('',(0.,-1.,0.));
#15667=DIRECTION('',(0.,0.,1.));
#15668=DIRECTION('center_axis',(0.,1.,0.));
#15669=DIRECTION('ref_axis',(-1.,0.,0.));
#15670=DIRECTION('',(0.,0.,1.));
#15671=DIRECTION('',(-1.,0.,0.));
#15672=DIRECTION('center_axis',(1.,0.,0.));
#15673=DIRECTION('ref_axis',(0.,1.,0.));
#15674=DIRECTION('',(0.,0.,1.));
#15675=DIRECTION('',(0.,1.,0.));
#15676=DIRECTION('center_axis',(0.,-1.,0.));
#15677=DIRECTION('ref_axis',(1.,0.,0.));
#15678=DIRECTION('',(1.,0.,0.));
#15679=DIRECTION('center_axis',(0.,0.,1.));
#15680=DIRECTION('ref_axis',(1.,0.,0.));
#15681=DIRECTION('',(0.,-1.,0.));
#15682=DIRECTION('',(1.,0.,0.));
#15683=DIRECTION('',(0.,1.,0.));
#15684=DIRECTION('',(-1.,0.,0.));
#15685=DIRECTION('center_axis',(0.,-1.,0.));
#15686=DIRECTION('ref_axis',(1.,0.,0.));
#15687=DIRECTION('',(0.,0.,1.));
#15688=DIRECTION('',(1.,0.,0.));
#15689=DIRECTION('',(0.,0.,1.));
#15690=DIRECTION('center_axis',(-1.,0.,0.));
#15691=DIRECTION('ref_axis',(0.,-1.,0.));
#15692=DIRECTION('',(0.,0.,1.));
#15693=DIRECTION('',(0.,-1.,0.));
#15694=DIRECTION('center_axis',(0.,1.,0.));
#15695=DIRECTION('ref_axis',(-1.,0.,0.));
#15696=DIRECTION('',(0.,0.,1.));
#15697=DIRECTION('',(-1.,0.,0.));
#15698=DIRECTION('center_axis',(1.,0.,0.));
#15699=DIRECTION('ref_axis',(0.,1.,0.));
#15700=DIRECTION('',(0.,1.,0.));
#15701=DIRECTION('center_axis',(0.,0.,1.));
#15702=DIRECTION('ref_axis',(1.,0.,0.));
#15703=DIRECTION('',(0.,-1.,0.));
#15704=DIRECTION('',(1.,0.,0.));
#15705=DIRECTION('',(0.,1.,0.));
#15706=DIRECTION('',(-1.,0.,0.));
#15707=DIRECTION('center_axis',(0.,-1.,0.));
#15708=DIRECTION('ref_axis',(1.,0.,0.));
#15709=DIRECTION('',(0.,0.,1.));
#15710=DIRECTION('',(1.,0.,0.));
#15711=DIRECTION('',(0.,0.,1.));
#15712=DIRECTION('center_axis',(-1.,0.,0.));
#15713=DIRECTION('ref_axis',(0.,-1.,0.));
#15714=DIRECTION('',(0.,0.,1.));
#15715=DIRECTION('',(0.,-1.,0.));
#15716=DIRECTION('center_axis',(0.,1.,0.));
#15717=DIRECTION('ref_axis',(-1.,0.,0.));
#15718=DIRECTION('',(0.,0.,1.));
#15719=DIRECTION('',(-1.,0.,0.));
#15720=DIRECTION('center_axis',(1.,0.,0.));
#15721=DIRECTION('ref_axis',(0.,1.,0.));
#15722=DIRECTION('',(0.,1.,0.));
#15723=DIRECTION('center_axis',(0.,0.,1.));
#15724=DIRECTION('ref_axis',(1.,0.,0.));
#15725=DIRECTION('',(0.,1.,0.));
#15726=DIRECTION('',(-1.,0.,0.));
#15727=DIRECTION('',(0.,-1.,0.));
#15728=DIRECTION('',(1.,0.,0.));
#15729=DIRECTION('center_axis',(0.,-1.,0.));
#15730=DIRECTION('ref_axis',(1.,0.,0.));
#15731=DIRECTION('',(0.,0.,1.));
#15732=DIRECTION('',(1.,0.,0.));
#15733=DIRECTION('',(0.,0.,1.));
#15734=DIRECTION('center_axis',(-1.,0.,0.));
#15735=DIRECTION('ref_axis',(0.,-1.,0.));
#15736=DIRECTION('',(0.,0.,1.));
#15737=DIRECTION('',(0.,-1.,0.));
#15738=DIRECTION('center_axis',(0.,1.,0.));
#15739=DIRECTION('ref_axis',(-1.,0.,0.));
#15740=DIRECTION('',(0.,0.,1.));
#15741=DIRECTION('',(-1.,0.,0.));
#15742=DIRECTION('center_axis',(1.,0.,0.));
#15743=DIRECTION('ref_axis',(0.,1.,0.));
#15744=DIRECTION('',(0.,1.,0.));
#15745=DIRECTION('center_axis',(0.,0.,1.));
#15746=DIRECTION('ref_axis',(1.,0.,0.));
#15747=DIRECTION('',(0.,-1.,0.));
#15748=DIRECTION('',(1.,0.,0.));
#15749=DIRECTION('',(0.,1.,0.));
#15750=DIRECTION('',(-1.,0.,0.));
#15751=DIRECTION('center_axis',(0.,-1.,0.));
#15752=DIRECTION('ref_axis',(1.,0.,0.));
#15753=DIRECTION('',(0.,0.,1.));
#15754=DIRECTION('',(1.,0.,0.));
#15755=DIRECTION('',(0.,0.,1.));
#15756=DIRECTION('center_axis',(-1.,0.,0.));
#15757=DIRECTION('ref_axis',(0.,-1.,0.));
#15758=DIRECTION('',(0.,0.,1.));
#15759=DIRECTION('',(0.,-1.,0.));
#15760=DIRECTION('center_axis',(0.,1.,0.));
#15761=DIRECTION('ref_axis',(-1.,0.,0.));
#15762=DIRECTION('',(0.,0.,1.));
#15763=DIRECTION('',(-1.,0.,0.));
#15764=DIRECTION('center_axis',(1.,0.,0.));
#15765=DIRECTION('ref_axis',(0.,1.,0.));
#15766=DIRECTION('',(0.,1.,0.));
#15767=DIRECTION('center_axis',(0.,0.,1.));
#15768=DIRECTION('ref_axis',(1.,0.,0.));
#15769=DIRECTION('',(0.,-1.,0.));
#15770=DIRECTION('',(1.,0.,0.));
#15771=DIRECTION('',(0.,1.,0.));
#15772=DIRECTION('',(-1.,0.,0.));
#15773=DIRECTION('center_axis',(0.,-1.,0.));
#15774=DIRECTION('ref_axis',(1.,0.,0.));
#15775=DIRECTION('',(0.,0.,1.));
#15776=DIRECTION('',(1.,0.,0.));
#15777=DIRECTION('',(0.,0.,1.));
#15778=DIRECTION('center_axis',(-1.,0.,0.));
#15779=DIRECTION('ref_axis',(0.,-1.,0.));
#15780=DIRECTION('',(0.,0.,1.));
#15781=DIRECTION('',(0.,-1.,0.));
#15782=DIRECTION('center_axis',(0.,1.,0.));
#15783=DIRECTION('ref_axis',(-1.,0.,0.));
#15784=DIRECTION('',(0.,0.,1.));
#15785=DIRECTION('',(-1.,0.,0.));
#15786=DIRECTION('center_axis',(1.,0.,0.));
#15787=DIRECTION('ref_axis',(0.,1.,0.));
#15788=DIRECTION('',(0.,1.,0.));
#15789=DIRECTION('center_axis',(0.,0.,1.));
#15790=DIRECTION('ref_axis',(1.,0.,0.));
#15791=DIRECTION('',(3.52451753849256E-16,1.,0.));
#15792=DIRECTION('',(-1.,0.,0.));
#15793=DIRECTION('',(0.,-1.,0.));
#15794=DIRECTION('',(1.,0.,0.));
#15795=DIRECTION('center_axis',(0.,-1.,0.));
#15796=DIRECTION('ref_axis',(1.,0.,0.));
#15797=DIRECTION('',(0.,0.,1.));
#15798=DIRECTION('',(1.,0.,0.));
#15799=DIRECTION('',(0.,0.,1.));
#15800=DIRECTION('center_axis',(-1.,0.,0.));
#15801=DIRECTION('ref_axis',(0.,-1.,0.));
#15802=DIRECTION('',(0.,0.,1.));
#15803=DIRECTION('',(0.,-1.,0.));
#15804=DIRECTION('center_axis',(0.,-1.,0.));
#15805=DIRECTION('ref_axis',(1.,0.,0.));
#15806=DIRECTION('',(0.,0.,1.));
#15807=DIRECTION('',(1.,0.,0.));
#15808=DIRECTION('',(0.,0.,1.));
#15809=DIRECTION('center_axis',(-1.,0.,0.));
#15810=DIRECTION('ref_axis',(0.,-1.,0.));
#15811=DIRECTION('',(0.,0.,1.));
#15812=DIRECTION('',(0.,-1.,0.));
#15813=DIRECTION('center_axis',(0.,-1.,0.));
#15814=DIRECTION('ref_axis',(1.,0.,0.));
#15815=DIRECTION('',(0.,0.,1.));
#15816=DIRECTION('',(1.,0.,0.));
#15817=DIRECTION('',(0.,0.,1.));
#15818=DIRECTION('center_axis',(-1.,0.,0.));
#15819=DIRECTION('ref_axis',(0.,-1.,0.));
#15820=DIRECTION('',(0.,0.,1.));
#15821=DIRECTION('',(0.,-1.,0.));
#15822=DIRECTION('center_axis',(0.,1.,0.));
#15823=DIRECTION('ref_axis',(-1.,0.,0.));
#15824=DIRECTION('',(0.,0.,1.));
#15825=DIRECTION('',(-1.,0.,0.));
#15826=DIRECTION('',(0.,0.,1.));
#15827=DIRECTION('center_axis',(1.,0.,0.));
#15828=DIRECTION('ref_axis',(0.,1.,0.));
#15829=DIRECTION('',(0.,0.,1.));
#15830=DIRECTION('',(0.,1.,0.));
#15831=DIRECTION('center_axis',(1.,0.,0.));
#15832=DIRECTION('ref_axis',(0.,1.,0.));
#15833=DIRECTION('',(0.,0.,1.));
#15834=DIRECTION('',(0.,1.,0.));
#15835=DIRECTION('',(0.,0.,1.));
#15836=DIRECTION('center_axis',(0.,-1.,0.));
#15837=DIRECTION('ref_axis',(1.,0.,0.));
#15838=DIRECTION('',(0.,0.,1.));
#15839=DIRECTION('',(1.,0.,0.));
#15840=DIRECTION('center_axis',(0.,-1.,0.));
#15841=DIRECTION('ref_axis',(1.,0.,0.));
#15842=DIRECTION('',(0.,0.,1.));
#15843=DIRECTION('',(1.,0.,0.));
#15844=DIRECTION('',(0.,0.,1.));
#15845=DIRECTION('center_axis',(-1.,0.,0.));
#15846=DIRECTION('ref_axis',(0.,-1.,0.));
#15847=DIRECTION('',(0.,0.,1.));
#15848=DIRECTION('',(0.,-1.,0.));
#15849=DIRECTION('center_axis',(0.,1.,0.));
#15850=DIRECTION('ref_axis',(-1.,0.,0.));
#15851=DIRECTION('',(0.,0.,1.));
#15852=DIRECTION('',(-1.,0.,0.));
#15853=DIRECTION('',(0.,0.,1.));
#15854=DIRECTION('center_axis',(1.,-3.52451753849256E-16,0.));
#15855=DIRECTION('ref_axis',(3.52451753849256E-16,1.,0.));
#15856=DIRECTION('',(0.,0.,1.));
#15857=DIRECTION('',(3.52451753849256E-16,1.,0.));
#15858=DIRECTION('center_axis',(0.,-1.,0.));
#15859=DIRECTION('ref_axis',(1.,0.,0.));
#15860=DIRECTION('',(0.,0.,1.));
#15861=DIRECTION('',(1.,0.,0.));
#15862=DIRECTION('',(0.,0.,1.));
#15863=DIRECTION('center_axis',(-1.,0.,0.));
#15864=DIRECTION('ref_axis',(0.,-1.,0.));
#15865=DIRECTION('',(0.,0.,1.));
#15866=DIRECTION('',(0.,-1.,0.));
#15867=DIRECTION('center_axis',(0.,-1.,0.));
#15868=DIRECTION('ref_axis',(1.,0.,0.));
#15869=DIRECTION('',(0.,0.,1.));
#15870=DIRECTION('',(1.,0.,0.));
#15871=DIRECTION('',(0.,0.,1.));
#15872=DIRECTION('center_axis',(-1.,0.,0.));
#15873=DIRECTION('ref_axis',(0.,-1.,0.));
#15874=DIRECTION('',(0.,0.,1.));
#15875=DIRECTION('',(0.,-1.,0.));
#15876=DIRECTION('center_axis',(0.,-1.,0.));
#15877=DIRECTION('ref_axis',(1.,0.,0.));
#15878=DIRECTION('',(0.,0.,1.));
#15879=DIRECTION('',(1.,0.,0.));
#15880=DIRECTION('',(0.,0.,1.));
#15881=DIRECTION('center_axis',(-1.,0.,0.));
#15882=DIRECTION('ref_axis',(0.,-1.,0.));
#15883=DIRECTION('',(0.,0.,1.));
#15884=DIRECTION('',(0.,-1.,0.));
#15885=DIRECTION('center_axis',(0.,1.,0.));
#15886=DIRECTION('ref_axis',(-1.,0.,0.));
#15887=DIRECTION('',(0.,0.,1.));
#15888=DIRECTION('',(-1.,0.,0.));
#15889=DIRECTION('',(0.,0.,1.));
#15890=DIRECTION('center_axis',(1.,0.,0.));
#15891=DIRECTION('ref_axis',(0.,1.,0.));
#15892=DIRECTION('',(0.,0.,1.));
#15893=DIRECTION('',(0.,1.,0.));
#15894=DIRECTION('center_axis',(0.,-1.,0.));
#15895=DIRECTION('ref_axis',(1.,0.,0.));
#15896=DIRECTION('',(0.,0.,1.));
#15897=DIRECTION('',(1.,0.,0.));
#15898=DIRECTION('',(0.,0.,1.));
#15899=DIRECTION('center_axis',(-1.,0.,0.));
#15900=DIRECTION('ref_axis',(0.,-1.,0.));
#15901=DIRECTION('',(0.,0.,1.));
#15902=DIRECTION('',(0.,-1.,0.));
#15903=DIRECTION('center_axis',(0.,-1.,0.));
#15904=DIRECTION('ref_axis',(1.,0.,0.));
#15905=DIRECTION('',(0.,0.,1.));
#15906=DIRECTION('',(1.,0.,0.));
#15907=DIRECTION('',(0.,0.,1.));
#15908=DIRECTION('center_axis',(-1.,0.,0.));
#15909=DIRECTION('ref_axis',(0.,-1.,0.));
#15910=DIRECTION('',(0.,0.,1.));
#15911=DIRECTION('',(0.,-1.,0.));
#15912=DIRECTION('center_axis',(0.,1.,0.));
#15913=DIRECTION('ref_axis',(-1.,0.,0.));
#15914=DIRECTION('',(0.,0.,1.));
#15915=DIRECTION('',(-1.,0.,0.));
#15916=DIRECTION('',(0.,0.,1.));
#15917=DIRECTION('center_axis',(1.,-3.52451753849256E-16,0.));
#15918=DIRECTION('ref_axis',(3.52451753849256E-16,1.,0.));
#15919=DIRECTION('',(0.,0.,1.));
#15920=DIRECTION('',(3.52451753849256E-16,1.,0.));
#15921=DIRECTION('center_axis',(-0.707106781186547,0.,-0.707106781186548));
#15922=DIRECTION('ref_axis',(-0.707106781186548,0.,0.707106781186547));
#15923=DIRECTION('',(0.614365251291368,-0.495086533861898,-0.614365251291368));
#15924=DIRECTION('',(0.,-1.,0.));
#15925=DIRECTION('',(0.,-1.,0.));
#15926=DIRECTION('',(-0.706881401424969,0.0252461608753402,0.706881401424969));
#15927=DIRECTION('',(0.0711578584292848,0.994923674644199,-0.0711578584292847));
#15928=DIRECTION('',(0.20792035543657,0.955791949950543,-0.20792035543657));
#15929=DIRECTION('',(0.329899793133673,0.884495479344423,-0.329899793133673));
#15930=DIRECTION('',(0.432180278469667,0.791479888439222,-0.432180278469666));
#15931=DIRECTION('',(0.514041101093251,0.686675682381193,-0.51404110109325));
#15932=DIRECTION('center_axis',(-0.705305178724606,0.0504440766022324,-0.707106781186548));
#15933=DIRECTION('ref_axis',(-0.708008155460286,0.,0.706204256431327));
#15934=DIRECTION('',(-0.0713386972722584,-0.997452149364318,0.));
#15935=DIRECTION('',(-0.700801675543449,0.100760089291631,0.706204231056029));
#15936=DIRECTION('center_axis',(-0.690947093533134,0.150306732843594,-0.707106781186547));
#15937=DIRECTION('ref_axis',(-0.715232240317881,0.,0.698886859520098));
#15938=DIRECTION('',(-0.212565820103409,-0.977146750556827,0.));
#15939=DIRECTION('',(-0.679328798399999,0.199469146006361,0.706204250522401));
#15940=DIRECTION('center_axis',(-0.662523495433782,0.247108514621015,-0.707106781186547));
#15941=DIRECTION('ref_axis',(-0.7297375380808,0.,0.683727376602526));
#15942=DIRECTION('',(-0.34946421275491,-0.936949712633283,0.));
#15943=DIRECTION('',(-0.644026934553079,0.294117093918066,0.706204249941442));
#15944=DIRECTION('center_axis',(-0.620612909690203,0.338879943823563,-0.707106781186547));
#15945=DIRECTION('ref_axis',(-0.751577928924354,0.,0.659644310787093));
#15946=DIRECTION('',(-0.479248612571516,-0.877679193867712,0.));
#15947=DIRECTION('',(-0.595614100183096,0.382778594424557,0.706204213604989));
#15948=DIRECTION('center_axis',(-0.566067300060345,0.423754423932532,-0.707106781186547));
#15949=DIRECTION('ref_axis',(-0.780663108871604,0.,0.624952086520977));
#15950=DIRECTION('',(-0.599279253440982,-0.800540052961262,0.));
#15951=DIRECTION('',(-0.535076392960474,0.463647262336189,0.706204269191687));
#15952=DIRECTION('center_axis',(-0.500000000000013,0.499999999999986,-0.707106781186548));
#15953=DIRECTION('ref_axis',(-0.816496580927719,0.,0.577350269189636));
#15954=DIRECTION('',(-0.707106781186528,-0.707106781186567,0.));
#15955=DIRECTION('',(-0.463647262336193,0.535076392960473,0.706204269191686));
#15956=DIRECTION('center_axis',(-0.423754423932514,0.566067300060359,-0.707106781186547));
#15957=DIRECTION('ref_axis',(-0.857765554441794,0.,0.51404110109325));
#15958=DIRECTION('',(-0.800540052961277,-0.599279253440961,0.));
#15959=DIRECTION('',(-0.382778594424535,0.595614100183111,0.706204213604988));
#15960=DIRECTION('center_axis',(-0.338879943823571,0.620612909690197,-0.707106781186548));
#15961=DIRECTION('ref_axis',(-0.901787229285207,0.,0.432180278469656));
#15962=DIRECTION('',(-0.877679193867707,-0.479248612571525,0.));
#15963=DIRECTION('',(-0.294117093918082,0.644026934553075,0.70620424994144));
#15964=DIRECTION('center_axis',(-0.247108514621013,0.662523495433782,-0.707106781186548));
#15965=DIRECTION('ref_axis',(-0.944015956692662,0.,0.329899793133671));
#15966=DIRECTION('',(-0.936949712633283,-0.34946421275491,0.));
#15967=DIRECTION('',(-0.199469146006372,0.679328798399996,0.706204250522401));
#15968=DIRECTION('center_axis',(-0.15030673284358,0.690947093533137,-0.707106781186547));
#15969=DIRECTION('ref_axis',(-0.978145758972117,0.,0.207920355436551));
#15970=DIRECTION('',(-0.977146750556833,-0.212565820103382,0.));
#15971=DIRECTION('',(-0.100760089291628,0.700801675543448,0.70620423105603));
#15972=DIRECTION('center_axis',(-0.050444076602243,0.705305178724605,-0.707106781186548));
#15973=DIRECTION('ref_axis',(-0.997465066648329,0.,0.071157858429299));
#15974=DIRECTION('',(-0.997452149364316,-0.0713386972722783,0.));
#15975=DIRECTION('',(-0.0252461608753378,0.706881401424969,0.706881401424969));
#15976=DIRECTION('center_axis',(0.,0.707106781186547,-0.707106781186548));
#15977=DIRECTION('ref_axis',(-1.,0.,0.));
#15978=DIRECTION('',(-1.,0.,0.));
#15979=DIRECTION('',(0.0252461608753316,0.706881401424969,0.706881401424969));
#15980=DIRECTION('center_axis',(0.0504440766022438,0.705305178724605,-0.707106781186547));
#15981=DIRECTION('ref_axis',(-0.997465066648329,0.,-0.0711578584293003));
#15982=DIRECTION('',(-0.997452149364316,0.071338697272282,0.));
#15983=DIRECTION('',(0.100760089291638,0.700801675543447,0.70620423105603));
#15984=DIRECTION('center_axis',(0.150306732843577,0.690947093533137,-0.707106781186548));
#15985=DIRECTION('ref_axis',(-0.978145758972117,0.,-0.207920355436548));
#15986=DIRECTION('',(-0.977146750556834,0.212565820103376,0.));
#15987=DIRECTION('',(0.199469146006369,0.679328798399998,0.7062042505224));
#15988=DIRECTION('center_axis',(0.247108514621016,0.66252349543378,-0.707106781186548));
#15989=DIRECTION('ref_axis',(-0.94401595669266,0.,-0.329899793133675));
#15990=DIRECTION('',(-0.936949712633282,0.349464212754911,0.));
#15991=DIRECTION('',(0.294117093918071,0.644026934553078,0.706204249941441));
#15992=DIRECTION('center_axis',(0.338879943823566,0.6206129096902,-0.707106781186548));
#15993=DIRECTION('ref_axis',(-0.901787229285209,0.,-0.432180278469651));
#15994=DIRECTION('',(-0.877679193867708,0.479248612571524,0.));
#15995=DIRECTION('',(0.382778594424554,0.5956141001831,0.706204213604988));
#15996=DIRECTION('center_axis',(0.423754423932524,0.56606730006035,-0.707106781186548));
#15997=DIRECTION('ref_axis',(-0.857765554441789,0.,-0.514041101093258));
#15998=DIRECTION('',(-0.800540052961269,0.599279253440972,0.));
#15999=DIRECTION('',(0.463647262336185,0.535076392960479,0.706204269191686));
#16000=DIRECTION('center_axis',(0.500000000000002,0.499999999999997,-0.707106781186548));
#16001=DIRECTION('ref_axis',(-0.816496580927725,0.,-0.577350269189627));
#16002=DIRECTION('',(-0.707106781186544,0.707106781186551,0.));
#16003=DIRECTION('',(0.535076392960481,0.463647262336182,0.706204269191686));
#16004=DIRECTION('center_axis',(0.566067300060349,0.423754423932524,-0.707106781186548));
#16005=DIRECTION('ref_axis',(-0.780663108871602,0.,-0.624952086520979));
#16006=DIRECTION('',(-0.599279253440972,0.800540052961269,0.));
#16007=DIRECTION('',(0.595614100183093,0.382778594424564,0.706204213604988));
#16008=DIRECTION('center_axis',(0.620612909690198,0.338879943823571,-0.707106781186548));
#16009=DIRECTION('ref_axis',(-0.751577928924357,0.,-0.65964431078709));
#16010=DIRECTION('',(-0.479248612571526,0.877679193867707,0.));
#16011=DIRECTION('',(0.644026934553082,0.294117093918063,0.706204249941441));
#16012=DIRECTION('center_axis',(0.662523495433781,0.247108514621015,-0.707106781186548));
#16013=DIRECTION('ref_axis',(-0.729737538080801,0.,-0.683727376602525));
#16014=DIRECTION('',(-0.349464212754914,0.936949712633281,0.));
#16015=DIRECTION('',(0.679328798399997,0.199469146006373,0.7062042505224));
#16016=DIRECTION('center_axis',(0.690947093533138,0.150306732843573,-0.707106781186547));
#16017=DIRECTION('ref_axis',(-0.715232240317878,0.,-0.6988868595201));
#16018=DIRECTION('',(-0.212565820103367,0.977146750556836,0.));
#16019=DIRECTION('',(0.700801675543447,0.100760089291632,0.70620423105603));
#16020=DIRECTION('center_axis',(0.705305178724604,0.0504440766022543,-0.707106781186548));
#16021=DIRECTION('ref_axis',(-0.708008155460286,0.,-0.706204256431327));
#16022=DIRECTION('',(-0.0713386972722985,0.997452149364315,0.));
#16023=DIRECTION('',(0.706881401424969,0.025246160875348,0.706881401424969));
#16024=DIRECTION('center_axis',(0.707106781186547,0.,-0.707106781186548));
#16025=DIRECTION('ref_axis',(-0.707106781186548,0.,-0.707106781186547));
#16026=DIRECTION('',(0.0711578584293,-0.994923674644197,0.0711578584292999));
#16027=DIRECTION('',(0.,1.,0.));
#16028=DIRECTION('',(0.,1.,0.));
#16029=DIRECTION('',(0.652045427795868,0.386876621393703,0.652045427795868));
#16030=DIRECTION('',(0.432180278469658,-0.791479888439231,0.432180278469657));
#16031=DIRECTION('',(0.329899793133673,-0.884495479344423,0.329899793133673));
#16032=DIRECTION('',(0.207920355436542,-0.955791949950555,0.207920355436542));
#16033=DIRECTION('center_axis',(0.877679193867705,0.479248612571528,0.));
#16034=DIRECTION('ref_axis',(0.479248612571528,-0.877679193867705,0.));
#16035=DIRECTION('',(0.42158031413583,-0.772067483462989,-0.475585785860198));
#16036=DIRECTION('',(0.,0.,-1.));
#16037=DIRECTION('',(0.,0.,-1.));
#16038=DIRECTION('center_axis',(0.338879943823574,0.620612909690196,-0.707106781186547));
#16039=DIRECTION('ref_axis',(-0.901787229285205,0.,-0.43218027846966));
#16040=DIRECTION('',(-0.877679193867704,0.479248612571531,0.));
#16041=DIRECTION('',(0.294117093918064,0.644026934553082,0.706204249941441));
#16042=DIRECTION('',(0.792554017391302,-0.593300957393672,-0.140897492783441));
#16043=DIRECTION('',(0.680611266183063,-0.680611266183051,-0.271176342422032));
#16044=DIRECTION('',(0.553426740343426,-0.739288519468744,-0.383629154333404));
#16045=DIRECTION('center_axis',(0.,0.,-1.));
#16046=DIRECTION('ref_axis',(-1.,0.,0.));
#16047=DIRECTION('',(-0.977146750556833,-0.212565820103381,0.));
#16048=DIRECTION('',(-0.997452149364316,-0.0713386972722803,0.));
#16049=DIRECTION('',(-0.0713386972722361,-0.997452149364319,0.));
#16050=DIRECTION('center_axis',(0.,0.,-1.));
#16051=DIRECTION('ref_axis',(-1.,0.,0.));
#16052=DIRECTION('',(-0.0713386972722686,0.997452149364317,0.));
#16053=DIRECTION('',(-0.997452149364316,0.0713386972722865,0.));
#16054=DIRECTION('',(-0.936949712633282,0.349464212754912,0.));
#16055=DIRECTION('center_axis',(-0.150306732843581,0.690947093533136,-0.707106781186548));
#16056=DIRECTION('ref_axis',(-0.978145758972116,0.,0.207920355436552));
#16057=DIRECTION('',(0.50134585752721,0.669716892470881,0.547842691910236));
#16058=DIRECTION('',(0.622020466069135,0.622020466069138,0.475584986708231));
#16059=DIRECTION('',(0.739287805832675,0.553426206119949,0.383631300243852));
#16060=DIRECTION('',(0.844792571804935,0.461291176522156,0.271175148356202));
#16061=DIRECTION('',(0.927603253688709,0.345978163425822,0.140894691804257));
#16062=DIRECTION('',(-0.100760089291641,0.700801675543447,0.70620423105603));
#16063=DIRECTION('center_axis',(-0.800540052961277,0.599279253440961,0.));
#16064=DIRECTION('ref_axis',(0.599279253440961,0.800540052961277,0.));
#16065=DIRECTION('',(0.,0.,-1.));
#16066=DIRECTION('',(0.,0.,-1.));
#16067=DIRECTION('center_axis',(-0.877679193867699,0.47924861257154,0.));
#16068=DIRECTION('ref_axis',(0.47924861257154,0.877679193867699,0.));
#16069=DIRECTION('',(0.,0.,-1.));
#16070=DIRECTION('center_axis',(0.0504440766022443,0.705305178724605,-0.707106781186548));
#16071=DIRECTION('ref_axis',(-0.997465066648329,0.,-0.0711578584293008));
#16072=DIRECTION('',(-0.997452149364316,0.0713386972722811,0.));
#16073=DIRECTION('',(0.100760089291634,0.700801675543448,0.70620423105603));
#16074=DIRECTION('center_axis',(0.150306732843579,0.690947093533136,-0.707106781186548));
#16075=DIRECTION('ref_axis',(-0.978145758972117,0.,-0.20792035543655));
#16076=DIRECTION('',(-0.977146750556833,0.212565820103379,0.));
#16077=DIRECTION('',(0.199469146006359,0.6793287984,0.7062042505224));
#16078=DIRECTION('center_axis',(0.247108514621015,0.662523495433782,-0.707106781186547));
#16079=DIRECTION('ref_axis',(-0.944015956692661,0.,-0.329899793133674));
#16080=DIRECTION('',(-0.936949712633283,0.349464212754909,0.));
#16081=DIRECTION('',(0.294117093918079,0.644026934553075,0.706204249941441));
#16082=DIRECTION('center_axis',(0.338879943823575,0.620612909690195,-0.707106781186548));
#16083=DIRECTION('ref_axis',(-0.901787229285205,0.,-0.432180278469661));
#16084=DIRECTION('',(-0.877679193867703,0.479248612571532,0.));
#16085=DIRECTION('',(0.382778594424554,0.595614100183099,0.706204213604989));
#16086=DIRECTION('center_axis',(0.42375442393252,0.566067300060354,-0.707106781186547));
#16087=DIRECTION('ref_axis',(-0.857765554441791,0.,-0.514041101093255));
#16088=DIRECTION('',(-0.800540052961272,0.599279253440968,0.));
#16089=DIRECTION('',(0.463647262336175,0.535076392960487,0.706204269191687));
#16090=DIRECTION('center_axis',(0.5,0.5,-0.707106781186547));
#16091=DIRECTION('ref_axis',(-0.816496580927726,0.,-0.577350269189626));
#16092=DIRECTION('',(-0.707106781186548,0.707106781186548,0.));
#16093=DIRECTION('',(0.535076392960485,0.463647262336178,0.706204269191687));
#16094=DIRECTION('center_axis',(0.566067300060354,0.42375442393252,-0.707106781186547));
#16095=DIRECTION('ref_axis',(-0.7806631088716,0.,-0.624952086520982));
#16096=DIRECTION('',(-0.599279253440968,0.800540052961272,0.));
#16097=DIRECTION('',(0.5956141001831,0.382778594424552,0.706204213604989));
#16098=DIRECTION('center_axis',(0.620612909690195,0.338879943823575,-0.707106781186548));
#16099=DIRECTION('ref_axis',(-0.751577928924358,0.,-0.659644310787088));
#16100=DIRECTION('',(-0.479248612571533,0.877679193867703,0.));
#16101=DIRECTION('',(0.644026934553081,0.294117093918067,0.706204249941441));
#16102=DIRECTION('center_axis',(0.662523495433781,0.247108514621014,-0.707106781186548));
#16103=DIRECTION('ref_axis',(-0.729737538080802,0.,-0.683727376602525));
#16104=DIRECTION('',(-0.349464212754909,0.936949712633283,0.));
#16105=DIRECTION('',(0.679328798400001,0.199469146006361,0.7062042505224));
#16106=DIRECTION('center_axis',(0.690947093533136,0.150306732843579,-0.707106781186548));
#16107=DIRECTION('ref_axis',(-0.71523224031788,0.,-0.698886859520099));
#16108=DIRECTION('',(-0.21256582010338,0.977146750556833,0.));
#16109=DIRECTION('',(0.700801675543445,0.100760089291655,0.70620423105603));
#16110=DIRECTION('center_axis',(0.705305178724606,0.050444076602244,-0.707106781186547));
#16111=DIRECTION('ref_axis',(-0.708008155460286,0.,-0.706204256431328));
#16112=DIRECTION('',(-0.0713386972722805,0.997452149364316,0.));
#16113=DIRECTION('',(0.70688140142497,0.0252461608753237,0.706881401424969));
#16114=DIRECTION('center_axis',(0.707106781186547,0.,-0.707106781186548));
#16115=DIRECTION('ref_axis',(-0.707106781186548,0.,-0.707106781186547));
#16116=DIRECTION('',(-8.63506736649696E-18,1.,0.));
#16117=DIRECTION('',(0.706881401424969,-0.0252461608753316,0.706881401424969));
#16118=DIRECTION('center_axis',(0.705305178724605,-0.0504440766022444,-0.707106781186547));
#16119=DIRECTION('ref_axis',(-0.708008155460286,0.,-0.706204256431327));
#16120=DIRECTION('',(0.0713386972722819,0.997452149364316,0.));
#16121=DIRECTION('',(0.700801675543446,-0.100760089291642,0.70620423105603));
#16122=DIRECTION('center_axis',(0.690947093533136,-0.150306732843578,-0.707106781186548));
#16123=DIRECTION('ref_axis',(-0.71523224031788,0.,-0.698886859520099));
#16124=DIRECTION('',(0.212565820103378,0.977146750556833,0.));
#16125=DIRECTION('',(0.679328798399997,-0.199469146006372,0.7062042505224));
#16126=DIRECTION('center_axis',(0.66252349543378,-0.247108514621017,-0.707106781186549));
#16127=DIRECTION('ref_axis',(-0.729737538080802,0.,-0.683727376602524));
#16128=DIRECTION('',(0.349464212754912,0.936949712633282,0.));
#16129=DIRECTION('',(0.644026934553082,-0.294117093918063,0.706204249941441));
#16130=DIRECTION('center_axis',(0.620612909690196,-0.338879943823574,-0.707106781186547));
#16131=DIRECTION('ref_axis',(-0.751577928924357,0.,-0.659644310787089));
#16132=DIRECTION('',(0.47924861257153,0.877679193867704,0.));
#16133=DIRECTION('',(0.595614100183093,-0.382778594424563,0.706204213604988));
#16134=DIRECTION('center_axis',(0.566067300060355,-0.423754423932517,-0.707106781186548));
#16135=DIRECTION('ref_axis',(-0.780663108871599,0.,-0.624952086520982));
#16136=DIRECTION('',(0.599279253440965,0.800540052961275,0.));
#16137=DIRECTION('',(0.535076392960497,-0.463647262336165,0.706204269191686));
#16138=DIRECTION('center_axis',(0.499999999999999,-0.500000000000001,-0.707106781186547));
#16139=DIRECTION('ref_axis',(-0.816496580927726,0.,-0.577350269189625));
#16140=DIRECTION('',(0.707106781186549,0.707106781186546,0.));
#16141=DIRECTION('',(0.463647262336161,-0.5350763929605,0.706204269191686));
#16142=DIRECTION('center_axis',(0.423754423932514,-0.566067300060356,-0.707106781186549));
#16143=DIRECTION('ref_axis',(-0.857765554441795,0.,-0.514041101093249));
#16144=DIRECTION('',(0.800540052961276,0.599279253440962,0.));
#16145=DIRECTION('',(0.382778594424564,-0.595614100183093,0.706204213604988));
#16146=DIRECTION('center_axis',(0.338879943823572,-0.620612909690197,-0.707106781186548));
#16147=DIRECTION('ref_axis',(-0.901787229285206,0.,-0.432180278469658));
#16148=DIRECTION('',(0.877679193867705,0.479248612571528,0.));
#16149=DIRECTION('',(0.294117093918071,-0.644026934553078,0.706204249941441));
#16150=DIRECTION('center_axis',(0.247108514621015,-0.662523495433782,-0.707106781186547));
#16151=DIRECTION('ref_axis',(-0.944015956692661,0.,-0.329899793133673));
#16152=DIRECTION('',(0.936949712633282,0.349464212754912,0.));
#16153=DIRECTION('',(0.199469146006352,-0.679328798400003,0.7062042505224));
#16154=DIRECTION('center_axis',(0.150306732843594,-0.690947093533132,-0.707106781186549));
#16155=DIRECTION('ref_axis',(-0.978145758972113,0.,-0.207920355436569));
#16156=DIRECTION('',(0.977146750556829,0.212565820103398,0.));
#16157=DIRECTION('',(0.100760089291652,-0.700801675543446,0.706204231056029));
#16158=DIRECTION('center_axis',(0.050444076602234,-0.705305178724606,-0.707106781186548));
#16159=DIRECTION('ref_axis',(-0.99746506664833,0.,-0.0711578584292864));
#16160=DIRECTION('',(0.997452149364317,0.0713386972722647,0.));
#16161=DIRECTION('center_axis',(-0.050444076602232,-0.705305178724606,-0.707106781186548));
#16162=DIRECTION('ref_axis',(-0.99746506664833,0.,0.0711578584292837));
#16163=DIRECTION('',(0.997452149364317,-0.0713386972722644,0.));
#16164=DIRECTION('',(-0.100760089291625,-0.700801675543449,0.706204231056029));
#16165=DIRECTION('center_axis',(-0.150306732843596,-0.690947093533134,-0.707106781186547));
#16166=DIRECTION('ref_axis',(-0.978145758972112,0.,0.207920355436572));
#16167=DIRECTION('',(0.977146750556828,-0.212565820103401,0.));
#16168=DIRECTION('',(-0.199469146006388,-0.679328798399991,0.706204250522401));
#16169=DIRECTION('center_axis',(-0.247108514621013,-0.662523495433782,-0.707106781186548));
#16170=DIRECTION('ref_axis',(-0.944015956692662,0.,0.329899793133671));
#16171=DIRECTION('',(0.936949712633284,-0.349464212754908,0.));
#16172=DIRECTION('',(-0.294117093918057,-0.644026934553084,0.706204249941441));
#16173=DIRECTION('center_axis',(-0.338879943823581,-0.620612909690193,-0.707106781186547));
#16174=DIRECTION('ref_axis',(-0.901787229285201,0.,0.432180278469667));
#16175=DIRECTION('',(0.877679193867697,-0.479248612571543,0.));
#16176=DIRECTION('',(-0.382778594424576,-0.595614100183084,0.706204213604989));
#16177=DIRECTION('center_axis',(-0.423754423932517,-0.566067300060355,-0.707106781186548));
#16178=DIRECTION('ref_axis',(-0.857765554441793,0.,0.514041101093252));
#16179=DIRECTION('',(0.800540052961278,-0.599279253440961,0.));
#16180=DIRECTION('',(-0.463647262336129,-0.535076392960525,0.706204269191688));
#16181=DIRECTION('center_axis',(-0.499999999999991,-0.500000000000013,-0.707106781186545));
#16182=DIRECTION('ref_axis',(-0.81649658092773,0.,0.57735026918962));
#16183=DIRECTION('',(0.707106781186559,-0.707106781186536,0.));
#16184=DIRECTION('',(-0.535076392960533,-0.463647262336123,0.706204269191686));
#16185=DIRECTION('center_axis',(-0.566067300060358,-0.423754423932511,-0.70710678118655));
#16186=DIRECTION('ref_axis',(-0.780663108871599,0.,0.624952086520983));
#16187=DIRECTION('',(0.599279253440953,-0.800540052961283,0.));
#16188=DIRECTION('',(-0.595614100183089,-0.382778594424574,0.706204213604987));
#16189=DIRECTION('center_axis',(-0.620612909690193,-0.33887994382358,-0.707106781186547));
#16190=DIRECTION('ref_axis',(-0.751577928924359,0.,0.659644310787088));
#16191=DIRECTION('',(0.479248612571538,-0.8776791938677,0.));
#16192=DIRECTION('',(-0.644026934553077,-0.294117093918079,0.70620424994144));
#16193=DIRECTION('center_axis',(-0.662523495433779,-0.247108514621016,-0.707106781186549));
#16194=DIRECTION('ref_axis',(-0.729737538080803,0.,0.683727376602524));
#16195=DIRECTION('',(0.349464212754928,-0.936949712633276,0.));
#16196=DIRECTION('',(-0.679328798400006,-0.199469146006345,0.706204250522399));
#16197=DIRECTION('center_axis',(-0.690947093533143,-0.150306732843551,-0.707106781186547));
#16198=DIRECTION('ref_axis',(-0.715232240317876,0.,0.698886859520103));
#16199=DIRECTION('',(0.212565820103324,-0.977146750556845,0.));
#16200=DIRECTION('',(-0.700801675543445,-0.100760089291646,0.706204231056031));
#16201=DIRECTION('center_axis',(-0.705305178724603,-0.0504440766022547,
-0.707106781186548));
#16202=DIRECTION('ref_axis',(-0.708008155460287,0.,0.706204256431326));
#16203=DIRECTION('',(0.0713386972722991,-0.997452149364315,0.));
#16204=DIRECTION('',(-0.706881401424967,-0.025246160875374,0.70688140142497));
#16205=DIRECTION('center_axis',(-0.707106781186549,0.,-0.707106781186546));
#16206=DIRECTION('ref_axis',(-0.707106781186546,0.,0.707106781186549));
#16207=DIRECTION('',(0.,-1.,0.));
#16208=DIRECTION('',(-0.706881401424967,0.02524616087539,0.706881401424969));
#16209=DIRECTION('center_axis',(-0.705305178724603,0.0504440766022545,-0.707106781186548));
#16210=DIRECTION('ref_axis',(-0.708008155460287,0.,0.706204256431326));
#16211=DIRECTION('',(-0.0713386972722981,-0.997452149364315,0.));
#16212=DIRECTION('',(-0.700801675543445,0.100760089291647,0.706204231056031));
#16213=DIRECTION('center_axis',(-0.69094709353314,0.150306732843551,-0.70710678118655));
#16214=DIRECTION('ref_axis',(-0.715232240317879,0.,0.6988868595201));
#16215=DIRECTION('',(-0.212565820103331,-0.977146750556843,0.));
#16216=DIRECTION('',(-0.679328798400007,0.19946914600634,0.706204250522399));
#16217=DIRECTION('center_axis',(-0.662523495433781,0.247108514621014,-0.707106781186549));
#16218=DIRECTION('ref_axis',(-0.729737538080802,0.,0.683727376602525));
#16219=DIRECTION('',(-0.349464212754912,-0.936949712633282,0.));
#16220=DIRECTION('',(-0.64402693455309,0.294117093918045,0.706204249941441));
#16221=DIRECTION('center_axis',(-0.620612909690193,0.338879943823581,-0.707106781186547));
#16222=DIRECTION('ref_axis',(-0.751577928924359,0.,0.659644310787087));
#16223=DIRECTION('',(-0.479248612571543,-0.877679193867697,0.));
#16224=DIRECTION('',(-0.595614100183085,0.382778594424572,0.70620421360499));
#16225=DIRECTION('center_axis',(-0.566067300060357,0.423754423932515,-0.707106781186547));
#16226=DIRECTION('ref_axis',(-0.780663108871597,0.,0.624952086520985));
#16227=DIRECTION('',(-0.599279253440963,-0.800540052961276,0.));
#16228=DIRECTION('',(-0.535076392960457,0.463647262336212,0.706204269191685));
#16229=DIRECTION('center_axis',(-0.499999999999989,0.500000000000009,-0.70710678118655));
#16230=DIRECTION('ref_axis',(-0.816496580927733,0.,0.577350269189616));
#16231=DIRECTION('',(-0.70710678118656,-0.707106781186535,0.));
#16232=DIRECTION('',(-0.463647262336183,0.535076392960483,0.706204269191685));
#16233=DIRECTION('center_axis',(-0.423754423932521,0.56606730006035,-0.707106781186549));
#16234=DIRECTION('ref_axis',(-0.857765554441791,0.,0.514041101093255));
#16235=DIRECTION('',(-0.800540052961271,-0.599279253440969,0.));
#16236=DIRECTION('',(-0.382778594424569,0.59561410018309,0.706204213604987));
#16237=DIRECTION('center_axis',(-0.338879943823583,0.62061290969019,-0.707106781186549));
#16238=DIRECTION('ref_axis',(-0.901787229285201,0.,0.432180278469668));
#16239=DIRECTION('',(-0.877679193867696,-0.479248612571546,0.));
#16240=DIRECTION('',(-0.294117093918088,0.644026934553071,0.70620424994144));
#16241=DIRECTION('center_axis',(-0.247108514621013,0.662523495433782,-0.707106781186548));
#16242=DIRECTION('ref_axis',(-0.944015956692662,0.,0.329899793133671));
#16243=DIRECTION('',(-0.936949712633284,-0.349464212754907,0.));
#16244=DIRECTION('',(-0.199469146006375,0.679328798399996,0.7062042505224));
#16245=DIRECTION('center_axis',(-0.150306732843581,0.690947093533136,-0.707106781186547));
#16246=DIRECTION('ref_axis',(-0.978145758972116,0.,0.207920355436552));
#16247=DIRECTION('',(-0.977146750556833,-0.212565820103381,0.));
#16248=DIRECTION('',(-0.100760089291638,0.700801675543447,0.70620423105603));
#16249=DIRECTION('center_axis',(-0.0504440766022437,0.705305178724606,-0.707106781186547));
#16250=DIRECTION('ref_axis',(-0.997465066648329,0.,0.0711578584293001));
#16251=DIRECTION('',(-0.997452149364316,-0.0713386972722797,0.));
#16252=DIRECTION('center_axis',(-0.0504440766022436,0.705305178724605,-0.707106781186547));
#16253=DIRECTION('ref_axis',(-0.997465066648329,0.,0.0711578584293));
#16254=DIRECTION('',(-0.997452149364316,-0.0713386972722806,0.));
#16255=DIRECTION('center_axis',(-0.936949712633283,0.349464212754909,0.));
#16256=DIRECTION('ref_axis',(0.349464212754909,0.936949712633283,0.));
#16257=DIRECTION('',(0.,0.,-1.));
#16258=DIRECTION('center_axis',(-0.977146750556829,0.2125658201034,0.));
#16259=DIRECTION('ref_axis',(0.2125658201034,0.977146750556829,0.));
#16260=DIRECTION('',(0.,0.,-1.));
#16261=DIRECTION('center_axis',(-0.997452149364317,0.0713386972722649,0.));
#16262=DIRECTION('ref_axis',(0.0713386972722649,0.997452149364317,0.));
#16263=DIRECTION('center_axis',(0.247108514621017,0.66252349543378,-0.707106781186548));
#16264=DIRECTION('ref_axis',(-0.94401595669266,0.,-0.329899793133675));
#16265=DIRECTION('',(0.96739930961762,-0.210445388575594,0.140894691804265));
#16266=DIRECTION('center_axis',(0.212565820103378,0.977146750556833,0.));
#16267=DIRECTION('ref_axis',(0.977146750556833,-0.212565820103378,0.));
#16268=DIRECTION('',(0.,0.,-1.));
#16269=DIRECTION('center_axis',(0.0713386972722814,0.997452149364316,0.));
#16270=DIRECTION('ref_axis',(0.997452149364316,-0.0713386972722814,0.));
#16271=DIRECTION('center_axis',(-0.349464212754907,0.936949712633284,0.));
#16272=DIRECTION('ref_axis',(0.936949712633284,0.349464212754907,0.));
#16273=DIRECTION('',(0.,0.,-1.));
#16274=DIRECTION('center_axis',(-0.479248612571531,0.877679193867704,0.));
#16275=DIRECTION('ref_axis',(0.877679193867704,0.479248612571531,0.));
#16276=DIRECTION('',(0.,0.,-1.));
#16277=DIRECTION('center_axis',(-0.599279253440971,0.80054005296127,0.));
#16278=DIRECTION('ref_axis',(0.80054005296127,0.599279253440971,0.));
#16279=DIRECTION('',(0.,0.,-1.));
#16280=DIRECTION('center_axis',(-0.707106781186549,0.707106781186546,0.));
#16281=DIRECTION('ref_axis',(0.707106781186546,0.707106781186549,0.));
#16282=DIRECTION('center_axis',(0.997452149364316,0.0713386972722802,0.));
#16283=DIRECTION('ref_axis',(0.0713386972722802,-0.997452149364316,0.));
#16284=DIRECTION('',(0.,0.,-1.));
#16285=DIRECTION('center_axis',(0.977146750556835,0.21256582010337,0.));
#16286=DIRECTION('ref_axis',(0.21256582010337,-0.977146750556835,0.));
#16287=DIRECTION('',(0.,0.,-1.));
#16288=DIRECTION('center_axis',(0.936949712633283,0.349464212754909,0.));
#16289=DIRECTION('ref_axis',(0.349464212754909,-0.936949712633283,0.));
#16290=DIRECTION('center_axis',(0.80054005296127,0.599279253440971,0.));
#16291=DIRECTION('ref_axis',(0.599279253440971,-0.80054005296127,0.));
#16292=DIRECTION('',(0.,0.,-1.));
#16293=DIRECTION('center_axis',(0.707106781186541,0.707106781186554,0.));
#16294=DIRECTION('ref_axis',(0.707106781186554,-0.707106781186541,0.));
#16295=DIRECTION('',(0.,0.,-1.));
#16296=DIRECTION('center_axis',(0.599279253440971,0.80054005296127,0.));
#16297=DIRECTION('ref_axis',(0.80054005296127,-0.599279253440971,0.));
#16298=DIRECTION('center_axis',(1.,0.,0.));
#16299=DIRECTION('ref_axis',(0.,1.,0.));
#16300=DIRECTION('',(0.,1.,0.));
#16301=DIRECTION('',(0.,0.,1.));
#16302=DIRECTION('center_axis',(0.,1.,0.));
#16303=DIRECTION('ref_axis',(-1.,0.,0.));
#16304=DIRECTION('',(-1.,0.,0.));
#16305=DIRECTION('center_axis',(0.,1.,0.));
#16306=DIRECTION('ref_axis',(-1.,0.,0.));
#16307=DIRECTION('',(-1.,0.,0.));
#16308=DIRECTION('',(0.,0.,1.));
#16309=DIRECTION('center_axis',(-1.,0.,0.));
#16310=DIRECTION('ref_axis',(0.,-1.,0.));
#16311=DIRECTION('',(0.,-1.,0.));
#16312=DIRECTION('center_axis',(-1.,0.,0.));
#16313=DIRECTION('ref_axis',(0.,-1.,0.));
#16314=DIRECTION('',(0.,-1.,0.));
#16315=DIRECTION('',(0.,0.,1.));
#16316=DIRECTION('center_axis',(0.,-1.,0.));
#16317=DIRECTION('ref_axis',(1.,0.,0.));
#16318=DIRECTION('',(1.,0.,0.));
#16319=DIRECTION('center_axis',(-3.52451753849255E-16,1.,0.));
#16320=DIRECTION('ref_axis',(-1.,-3.52451753849255E-16,0.));
#16321=DIRECTION('',(-1.,-3.52451753849255E-16,0.));
#16322=DIRECTION('',(0.,0.,1.));
#16323=DIRECTION('center_axis',(-1.,0.,0.));
#16324=DIRECTION('ref_axis',(0.,-1.,0.));
#16325=DIRECTION('',(0.,-1.,0.));
#16326=DIRECTION('center_axis',(0.,-1.,0.));
#16327=DIRECTION('ref_axis',(1.,0.,0.));
#16328=DIRECTION('',(1.,0.,0.));
#16329=DIRECTION('',(0.,0.,1.));
#16330=DIRECTION('center_axis',(1.,0.,0.));
#16331=DIRECTION('ref_axis',(0.,1.,0.));
#16332=DIRECTION('',(0.,1.,0.));
#16333=DIRECTION('center_axis',(1.,0.,0.));
#16334=DIRECTION('ref_axis',(0.,1.,0.));
#16335=DIRECTION('',(0.,1.,0.));
#16336=DIRECTION('',(0.,0.,1.));
#16337=DIRECTION('center_axis',(1.48029736616687E-15,1.,0.));
#16338=DIRECTION('ref_axis',(-1.,1.48029736616687E-15,0.));
#16339=DIRECTION('',(-1.,1.48029736616687E-15,0.));
#16340=DIRECTION('center_axis',(1.,0.,0.));
#16341=DIRECTION('ref_axis',(0.,1.,0.));
#16342=DIRECTION('',(0.,1.,0.));
#16343=DIRECTION('',(0.,0.,1.));
#16344=DIRECTION('center_axis',(0.,1.,0.));
#16345=DIRECTION('ref_axis',(-1.,0.,0.));
#16346=DIRECTION('',(-1.,0.,0.));
#16347=DIRECTION('center_axis',(1.,0.,0.));
#16348=DIRECTION('ref_axis',(0.,1.,0.));
#16349=DIRECTION('',(0.,1.,0.));
#16350=DIRECTION('',(0.,0.,1.));
#16351=DIRECTION('center_axis',(0.,1.,0.));
#16352=DIRECTION('ref_axis',(-1.,0.,0.));
#16353=DIRECTION('',(-1.,0.,0.));
#16354=DIRECTION('center_axis',(1.,0.,0.));
#16355=DIRECTION('ref_axis',(0.,1.,0.));
#16356=DIRECTION('',(0.,1.,0.));
#16357=DIRECTION('',(0.,0.,1.));
#16358=DIRECTION('center_axis',(0.,1.,0.));
#16359=DIRECTION('ref_axis',(-1.,0.,0.));
#16360=DIRECTION('',(-1.,0.,0.));
#16361=DIRECTION('center_axis',(1.,0.,0.));
#16362=DIRECTION('ref_axis',(0.,1.,0.));
#16363=DIRECTION('',(0.,1.,0.));
#16364=DIRECTION('',(0.,0.,1.));
#16365=DIRECTION('center_axis',(0.,1.,0.));
#16366=DIRECTION('ref_axis',(-1.,0.,0.));
#16367=DIRECTION('',(-1.,0.,0.));
#16368=DIRECTION('center_axis',(2.96059473233374E-15,-1.,0.));
#16369=DIRECTION('ref_axis',(1.,2.96059473233374E-15,0.));
#16370=DIRECTION('',(1.,2.96059473233374E-15,0.));
#16371=DIRECTION('',(0.,0.,1.));
#16372=DIRECTION('center_axis',(1.,0.,0.));
#16373=DIRECTION('ref_axis',(0.,1.,0.));
#16374=DIRECTION('',(0.,1.,0.));
#16375=DIRECTION('center_axis',(1.,0.,0.));
#16376=DIRECTION('ref_axis',(0.,1.,0.));
#16377=DIRECTION('',(0.,1.,0.));
#16378=DIRECTION('',(0.,0.,1.));
#16379=DIRECTION('center_axis',(0.,1.,0.));
#16380=DIRECTION('ref_axis',(-1.,0.,0.));
#16381=DIRECTION('',(-1.,0.,0.));
#16382=DIRECTION('center_axis',(1.,0.,0.));
#16383=DIRECTION('ref_axis',(0.,1.,0.));
#16384=DIRECTION('',(0.,1.,0.));
#16385=DIRECTION('',(0.,0.,1.));
#16386=DIRECTION('center_axis',(0.,1.,0.));
#16387=DIRECTION('ref_axis',(-1.,0.,0.));
#16388=DIRECTION('',(-1.,0.,0.));
#16389=DIRECTION('center_axis',(-1.,0.,0.));
#16390=DIRECTION('ref_axis',(0.,-1.,0.));
#16391=DIRECTION('',(0.,-1.,0.));
#16392=DIRECTION('',(0.,0.,1.));
#16393=DIRECTION('center_axis',(0.,-1.,0.));
#16394=DIRECTION('ref_axis',(1.,0.,0.));
#16395=DIRECTION('',(1.,0.,0.));
#16396=DIRECTION('center_axis',(-1.,0.,0.));
#16397=DIRECTION('ref_axis',(0.,-1.,0.));
#16398=DIRECTION('',(0.,-1.,0.));
#16399=DIRECTION('',(0.,0.,1.));
#16400=DIRECTION('center_axis',(0.,-1.,0.));
#16401=DIRECTION('ref_axis',(1.,0.,0.));
#16402=DIRECTION('',(1.,0.,0.));
#16403=DIRECTION('center_axis',(-1.,0.,0.));
#16404=DIRECTION('ref_axis',(0.,-1.,0.));
#16405=DIRECTION('',(0.,-1.,0.));
#16406=DIRECTION('',(0.,0.,1.));
#16407=DIRECTION('center_axis',(0.,-1.,0.));
#16408=DIRECTION('ref_axis',(1.,0.,0.));
#16409=DIRECTION('',(1.,0.,0.));
#16410=DIRECTION('center_axis',(1.,0.,0.));
#16411=DIRECTION('ref_axis',(0.,1.,0.));
#16412=DIRECTION('',(0.,1.,0.));
#16413=DIRECTION('',(0.,0.,1.));
#16414=DIRECTION('center_axis',(0.,1.,0.));
#16415=DIRECTION('ref_axis',(-1.,0.,0.));
#16416=DIRECTION('',(-1.,0.,0.));
#16417=DIRECTION('center_axis',(0.,0.,1.));
#16418=DIRECTION('ref_axis',(-1.,0.,0.));
#16419=DIRECTION('center_axis',(0.,0.,-1.));
#16420=DIRECTION('ref_axis',(-1.,0.,0.));
#16421=DIRECTION('',(0.,0.,-1.));
#16422=DIRECTION('center_axis',(-1.,0.,0.));
#16423=DIRECTION('ref_axis',(0.,-1.,0.));
#16424=DIRECTION('',(0.,-1.,0.));
#16425=DIRECTION('',(0.,0.,1.));
#16426=DIRECTION('center_axis',(0.,-1.,0.));
#16427=DIRECTION('ref_axis',(1.,0.,0.));
#16428=DIRECTION('',(1.,0.,0.));
#16429=DIRECTION('center_axis',(1.,0.,0.));
#16430=DIRECTION('ref_axis',(0.,1.,0.));
#16431=DIRECTION('',(0.,1.,0.));
#16432=DIRECTION('',(0.,0.,1.));
#16433=DIRECTION('center_axis',(0.,1.,0.));
#16434=DIRECTION('ref_axis',(-1.,0.,0.));
#16435=DIRECTION('',(-1.,0.,0.));
#16436=DIRECTION('center_axis',(-0.0713386972722811,-0.997452149364316,
0.));
#16437=DIRECTION('ref_axis',(0.997452149364316,-0.0713386972722811,0.));
#16438=DIRECTION('',(0.997452149364316,-0.0713386972722811,0.));
#16439=DIRECTION('',(0.,0.,1.));
#16440=DIRECTION('center_axis',(-0.212565820103379,-0.977146750556833,0.));
#16441=DIRECTION('ref_axis',(0.977146750556833,-0.212565820103379,0.));
#16442=DIRECTION('',(0.977146750556833,-0.212565820103379,0.));
#16443=DIRECTION('',(0.,0.,1.));
#16444=DIRECTION('center_axis',(-0.349464212754909,-0.936949712633283,0.));
#16445=DIRECTION('ref_axis',(0.936949712633283,-0.349464212754909,0.));
#16446=DIRECTION('',(0.936949712633283,-0.349464212754909,0.));
#16447=DIRECTION('',(0.,0.,1.));
#16448=DIRECTION('center_axis',(-0.479248612571532,-0.877679193867703,0.));
#16449=DIRECTION('ref_axis',(0.877679193867703,-0.479248612571532,0.));
#16450=DIRECTION('',(0.877679193867703,-0.479248612571532,0.));
#16451=DIRECTION('',(0.,0.,1.));
#16452=DIRECTION('center_axis',(-0.599279253440968,-0.800540052961272,0.));
#16453=DIRECTION('ref_axis',(0.800540052961272,-0.599279253440968,0.));
#16454=DIRECTION('',(0.800540052961272,-0.599279253440968,0.));
#16455=DIRECTION('',(0.,0.,1.));
#16456=DIRECTION('center_axis',(-0.707106781186548,-0.707106781186548,0.));
#16457=DIRECTION('ref_axis',(0.707106781186548,-0.707106781186548,0.));
#16458=DIRECTION('',(0.707106781186548,-0.707106781186548,0.));
#16459=DIRECTION('',(0.,0.,1.));
#16460=DIRECTION('center_axis',(-0.800540052961272,-0.599279253440968,0.));
#16461=DIRECTION('ref_axis',(0.599279253440968,-0.800540052961272,0.));
#16462=DIRECTION('',(0.599279253440968,-0.800540052961272,0.));
#16463=DIRECTION('',(0.,0.,1.));
#16464=DIRECTION('center_axis',(-0.877679193867703,-0.479248612571533,0.));
#16465=DIRECTION('ref_axis',(0.479248612571533,-0.877679193867703,0.));
#16466=DIRECTION('',(0.479248612571533,-0.877679193867703,0.));
#16467=DIRECTION('',(0.,0.,1.));
#16468=DIRECTION('center_axis',(-0.936949712633283,-0.349464212754909,0.));
#16469=DIRECTION('ref_axis',(0.349464212754909,-0.936949712633283,0.));
#16470=DIRECTION('',(0.349464212754909,-0.936949712633283,0.));
#16471=DIRECTION('',(0.,0.,1.));
#16472=DIRECTION('center_axis',(-0.977146750556833,-0.21256582010338,0.));
#16473=DIRECTION('ref_axis',(0.21256582010338,-0.977146750556833,0.));
#16474=DIRECTION('',(0.21256582010338,-0.977146750556833,0.));
#16475=DIRECTION('',(0.,0.,1.));
#16476=DIRECTION('center_axis',(-0.997452149364316,-0.0713386972722805,
0.));
#16477=DIRECTION('ref_axis',(0.0713386972722805,-0.997452149364316,0.));
#16478=DIRECTION('',(0.0713386972722805,-0.997452149364316,0.));
#16479=DIRECTION('',(0.,0.,1.));
#16480=DIRECTION('center_axis',(-1.,-8.63506736649696E-18,0.));
#16481=DIRECTION('ref_axis',(8.63506736649696E-18,-1.,0.));
#16482=DIRECTION('',(8.63506736649696E-18,-1.,0.));
#16483=DIRECTION('',(0.,0.,1.));
#16484=DIRECTION('center_axis',(-0.997452149364316,0.0713386972722819,0.));
#16485=DIRECTION('ref_axis',(-0.0713386972722819,-0.997452149364316,0.));
#16486=DIRECTION('',(-0.0713386972722819,-0.997452149364316,0.));
#16487=DIRECTION('',(0.,0.,1.));
#16488=DIRECTION('center_axis',(-0.977146750556833,0.212565820103378,0.));
#16489=DIRECTION('ref_axis',(-0.212565820103378,-0.977146750556833,0.));
#16490=DIRECTION('',(-0.212565820103378,-0.977146750556833,0.));
#16491=DIRECTION('',(0.,0.,1.));
#16492=DIRECTION('center_axis',(-0.936949712633282,0.349464212754912,0.));
#16493=DIRECTION('ref_axis',(-0.349464212754912,-0.936949712633282,0.));
#16494=DIRECTION('',(-0.349464212754912,-0.936949712633282,0.));
#16495=DIRECTION('',(0.,0.,1.));
#16496=DIRECTION('center_axis',(-0.877679193867704,0.47924861257153,0.));
#16497=DIRECTION('ref_axis',(-0.47924861257153,-0.877679193867704,0.));
#16498=DIRECTION('',(-0.47924861257153,-0.877679193867704,0.));
#16499=DIRECTION('',(0.,0.,1.));
#16500=DIRECTION('center_axis',(-0.800540052961274,0.599279253440965,0.));
#16501=DIRECTION('ref_axis',(-0.599279253440965,-0.800540052961275,0.));
#16502=DIRECTION('',(-0.599279253440965,-0.800540052961275,0.));
#16503=DIRECTION('',(0.,0.,1.));
#16504=DIRECTION('center_axis',(-0.707106781186546,0.707106781186549,0.));
#16505=DIRECTION('ref_axis',(-0.707106781186549,-0.707106781186546,0.));
#16506=DIRECTION('',(-0.707106781186549,-0.707106781186546,0.));
#16507=DIRECTION('',(0.,0.,1.));
#16508=DIRECTION('center_axis',(-0.599279253440962,0.800540052961276,0.));
#16509=DIRECTION('ref_axis',(-0.800540052961276,-0.599279253440962,0.));
#16510=DIRECTION('',(-0.800540052961276,-0.599279253440962,0.));
#16511=DIRECTION('',(0.,0.,1.));
#16512=DIRECTION('center_axis',(-0.479248612571529,0.877679193867705,0.));
#16513=DIRECTION('ref_axis',(-0.877679193867705,-0.479248612571528,0.));
#16514=DIRECTION('',(-0.877679193867705,-0.479248612571528,0.));
#16515=DIRECTION('',(0.,0.,1.));
#16516=DIRECTION('center_axis',(-0.349464212754912,0.936949712633282,0.));
#16517=DIRECTION('ref_axis',(-0.936949712633282,-0.349464212754912,0.));
#16518=DIRECTION('',(-0.936949712633282,-0.349464212754912,0.));
#16519=DIRECTION('',(0.,0.,1.));
#16520=DIRECTION('center_axis',(-0.212565820103398,0.977146750556829,0.));
#16521=DIRECTION('ref_axis',(-0.977146750556829,-0.212565820103398,0.));
#16522=DIRECTION('',(-0.977146750556829,-0.212565820103398,0.));
#16523=DIRECTION('',(0.,0.,1.));
#16524=DIRECTION('center_axis',(-0.0713386972722647,0.997452149364317,0.));
#16525=DIRECTION('ref_axis',(-0.997452149364317,-0.0713386972722647,0.));
#16526=DIRECTION('',(-0.997452149364317,-0.0713386972722647,0.));
#16527=DIRECTION('center_axis',(0.0713386972722644,0.997452149364317,0.));
#16528=DIRECTION('ref_axis',(-0.997452149364317,0.0713386972722644,0.));
#16529=DIRECTION('',(-0.997452149364317,0.0713386972722644,0.));
#16530=DIRECTION('',(0.,0.,1.));
#16531=DIRECTION('center_axis',(0.212565820103401,0.977146750556828,0.));
#16532=DIRECTION('ref_axis',(-0.977146750556828,0.212565820103401,0.));
#16533=DIRECTION('',(-0.977146750556828,0.212565820103401,0.));
#16534=DIRECTION('',(0.,0.,1.));
#16535=DIRECTION('center_axis',(0.349464212754908,0.936949712633283,0.));
#16536=DIRECTION('ref_axis',(-0.936949712633284,0.349464212754908,0.));
#16537=DIRECTION('',(-0.936949712633284,0.349464212754908,0.));
#16538=DIRECTION('',(0.,0.,1.));
#16539=DIRECTION('center_axis',(0.479248612571543,0.877679193867697,0.));
#16540=DIRECTION('ref_axis',(-0.877679193867697,0.479248612571543,0.));
#16541=DIRECTION('',(-0.877679193867697,0.479248612571543,0.));
#16542=DIRECTION('',(0.,0.,1.));
#16543=DIRECTION('center_axis',(0.599279253440961,0.800540052961277,0.));
#16544=DIRECTION('ref_axis',(-0.800540052961278,0.599279253440961,0.));
#16545=DIRECTION('',(-0.800540052961278,0.599279253440961,0.));
#16546=DIRECTION('',(0.,0.,1.));
#16547=DIRECTION('center_axis',(0.707106781186536,0.707106781186559,0.));
#16548=DIRECTION('ref_axis',(-0.707106781186559,0.707106781186536,0.));
#16549=DIRECTION('',(-0.707106781186559,0.707106781186536,0.));
#16550=DIRECTION('',(0.,0.,1.));
#16551=DIRECTION('center_axis',(0.800540052961283,0.599279253440953,0.));
#16552=DIRECTION('ref_axis',(-0.599279253440953,0.800540052961283,0.));
#16553=DIRECTION('',(-0.599279253440953,0.800540052961283,0.));
#16554=DIRECTION('',(0.,0.,1.));
#16555=DIRECTION('center_axis',(0.8776791938677,0.479248612571538,0.));
#16556=DIRECTION('ref_axis',(-0.479248612571538,0.8776791938677,0.));
#16557=DIRECTION('',(-0.479248612571538,0.8776791938677,0.));
#16558=DIRECTION('',(0.,0.,1.));
#16559=DIRECTION('center_axis',(0.936949712633276,0.349464212754928,0.));
#16560=DIRECTION('ref_axis',(-0.349464212754928,0.936949712633276,0.));
#16561=DIRECTION('',(-0.349464212754928,0.936949712633276,0.));
#16562=DIRECTION('',(0.,0.,1.));
#16563=DIRECTION('center_axis',(0.977146750556845,0.212565820103324,0.));
#16564=DIRECTION('ref_axis',(-0.212565820103324,0.977146750556845,0.));
#16565=DIRECTION('',(-0.212565820103324,0.977146750556845,0.));
#16566=DIRECTION('',(0.,0.,1.));
#16567=DIRECTION('center_axis',(0.997452149364315,0.0713386972722991,0.));
#16568=DIRECTION('ref_axis',(-0.0713386972722991,0.997452149364315,0.));
#16569=DIRECTION('',(-0.0713386972722991,0.997452149364315,0.));
#16570=DIRECTION('',(0.,0.,1.));
#16571=DIRECTION('center_axis',(1.,0.,0.));
#16572=DIRECTION('ref_axis',(0.,1.,0.));
#16573=DIRECTION('',(0.,1.,0.));
#16574=DIRECTION('',(0.,0.,1.));
#16575=DIRECTION('center_axis',(0.997452149364315,-0.0713386972722981,0.));
#16576=DIRECTION('ref_axis',(0.0713386972722981,0.997452149364315,0.));
#16577=DIRECTION('',(0.0713386972722981,0.997452149364315,0.));
#16578=DIRECTION('',(0.,0.,1.));
#16579=DIRECTION('center_axis',(0.977146750556844,-0.212565820103331,0.));
#16580=DIRECTION('ref_axis',(0.212565820103331,0.977146750556843,0.));
#16581=DIRECTION('',(0.212565820103331,0.977146750556843,0.));
#16582=DIRECTION('',(0.,0.,1.));
#16583=DIRECTION('center_axis',(0.936949712633282,-0.349464212754912,0.));
#16584=DIRECTION('ref_axis',(0.349464212754912,0.936949712633282,0.));
#16585=DIRECTION('',(0.349464212754912,0.936949712633282,0.));
#16586=DIRECTION('',(0.,0.,1.));
#16587=DIRECTION('center_axis',(0.877679193867697,-0.479248612571543,0.));
#16588=DIRECTION('ref_axis',(0.479248612571543,0.877679193867697,0.));
#16589=DIRECTION('',(0.479248612571543,0.877679193867697,0.));
#16590=DIRECTION('',(0.,0.,1.));
#16591=DIRECTION('center_axis',(0.800540052961276,-0.599279253440963,0.));
#16592=DIRECTION('ref_axis',(0.599279253440963,0.800540052961276,0.));
#16593=DIRECTION('',(0.599279253440963,0.800540052961276,0.));
#16594=DIRECTION('',(0.,0.,1.));
#16595=DIRECTION('center_axis',(0.707106781186535,-0.70710678118656,0.));
#16596=DIRECTION('ref_axis',(0.70710678118656,0.707106781186535,0.));
#16597=DIRECTION('',(0.70710678118656,0.707106781186535,0.));
#16598=DIRECTION('',(0.,0.,1.));
#16599=DIRECTION('center_axis',(0.599279253440969,-0.800540052961271,0.));
#16600=DIRECTION('ref_axis',(0.800540052961271,0.599279253440969,0.));
#16601=DIRECTION('',(0.800540052961271,0.599279253440969,0.));
#16602=DIRECTION('',(0.,0.,1.));
#16603=DIRECTION('center_axis',(0.479248612571546,-0.877679193867696,0.));
#16604=DIRECTION('ref_axis',(0.877679193867696,0.479248612571546,0.));
#16605=DIRECTION('',(0.877679193867696,0.479248612571546,0.));
#16606=DIRECTION('',(0.,0.,1.));
#16607=DIRECTION('center_axis',(0.349464212754907,-0.936949712633284,0.));
#16608=DIRECTION('ref_axis',(0.936949712633284,0.349464212754907,0.));
#16609=DIRECTION('',(0.936949712633284,0.349464212754907,0.));
#16610=DIRECTION('',(0.,0.,1.));
#16611=DIRECTION('center_axis',(0.212565820103381,-0.977146750556833,0.));
#16612=DIRECTION('ref_axis',(0.977146750556833,0.212565820103381,0.));
#16613=DIRECTION('',(0.977146750556833,0.212565820103381,0.));
#16614=DIRECTION('',(0.,0.,1.));
#16615=DIRECTION('center_axis',(0.0713386972722797,-0.997452149364316,0.));
#16616=DIRECTION('ref_axis',(0.997452149364316,0.0713386972722797,0.));
#16617=DIRECTION('',(0.997452149364316,0.0713386972722797,0.));
#16618=DIRECTION('center_axis',(0.0713386972722806,-0.997452149364316,0.));
#16619=DIRECTION('ref_axis',(0.997452149364316,0.0713386972722806,0.));
#16620=DIRECTION('',(0.997452149364316,0.0713386972722806,0.));
#16621=DIRECTION('',(0.,0.,1.));
#16622=DIRECTION('center_axis',(0.997452149364319,-0.0713386972722361,0.));
#16623=DIRECTION('ref_axis',(0.0713386972722361,0.997452149364319,0.));
#16624=DIRECTION('',(0.0713386972722361,0.997452149364319,0.));
#16625=DIRECTION('',(0.,0.,1.));
#16626=DIRECTION('center_axis',(1.,0.,0.));
#16627=DIRECTION('ref_axis',(0.,1.,0.));
#16628=DIRECTION('',(0.,1.,0.));
#16629=DIRECTION('',(0.,0.,1.));
#16630=DIRECTION('center_axis',(0.997452149364318,-0.0713386972722584,0.));
#16631=DIRECTION('ref_axis',(0.0713386972722584,0.997452149364318,0.));
#16632=DIRECTION('',(0.0713386972722584,0.997452149364318,0.));
#16633=DIRECTION('',(0.,0.,1.));
#16634=DIRECTION('center_axis',(0.977146750556827,-0.212565820103409,0.));
#16635=DIRECTION('ref_axis',(0.212565820103409,0.977146750556827,0.));
#16636=DIRECTION('',(0.212565820103409,0.977146750556827,0.));
#16637=DIRECTION('',(0.,0.,1.));
#16638=DIRECTION('center_axis',(0.936949712633283,-0.34946421275491,0.));
#16639=DIRECTION('ref_axis',(0.34946421275491,0.936949712633283,0.));
#16640=DIRECTION('',(0.34946421275491,0.936949712633283,0.));
#16641=DIRECTION('',(0.,0.,1.));
#16642=DIRECTION('center_axis',(0.877679193867712,-0.479248612571516,0.));
#16643=DIRECTION('ref_axis',(0.479248612571516,0.877679193867712,0.));
#16644=DIRECTION('',(0.479248612571516,0.877679193867712,0.));
#16645=DIRECTION('',(0.,0.,1.));
#16646=DIRECTION('center_axis',(0.800540052961261,-0.599279253440982,0.));
#16647=DIRECTION('ref_axis',(0.599279253440982,0.800540052961262,0.));
#16648=DIRECTION('',(0.599279253440982,0.800540052961262,0.));
#16649=DIRECTION('',(0.,0.,1.));
#16650=DIRECTION('center_axis',(0.707106781186567,-0.707106781186528,0.));
#16651=DIRECTION('ref_axis',(0.707106781186528,0.707106781186567,0.));
#16652=DIRECTION('',(0.707106781186528,0.707106781186567,0.));
#16653=DIRECTION('',(0.,0.,1.));
#16654=DIRECTION('center_axis',(0.599279253440961,-0.800540052961277,0.));
#16655=DIRECTION('ref_axis',(0.800540052961277,0.599279253440961,0.));
#16656=DIRECTION('',(0.800540052961277,0.599279253440961,0.));
#16657=DIRECTION('',(0.,0.,1.));
#16658=DIRECTION('center_axis',(0.479248612571525,-0.877679193867707,0.));
#16659=DIRECTION('ref_axis',(0.877679193867707,0.479248612571525,0.));
#16660=DIRECTION('',(0.877679193867707,0.479248612571525,0.));
#16661=DIRECTION('',(0.,0.,1.));
#16662=DIRECTION('center_axis',(0.34946421275491,-0.936949712633283,0.));
#16663=DIRECTION('ref_axis',(0.936949712633283,0.34946421275491,0.));
#16664=DIRECTION('',(0.936949712633283,0.34946421275491,0.));
#16665=DIRECTION('',(0.,0.,1.));
#16666=DIRECTION('center_axis',(0.212565820103382,-0.977146750556833,0.));
#16667=DIRECTION('ref_axis',(0.977146750556833,0.212565820103382,0.));
#16668=DIRECTION('',(0.977146750556833,0.212565820103382,0.));
#16669=DIRECTION('',(0.,0.,1.));
#16670=DIRECTION('center_axis',(0.0713386972722783,-0.997452149364316,0.));
#16671=DIRECTION('ref_axis',(0.997452149364316,0.0713386972722783,0.));
#16672=DIRECTION('',(0.997452149364316,0.0713386972722783,0.));
#16673=DIRECTION('',(0.,0.,1.));
#16674=DIRECTION('center_axis',(0.,-1.,0.));
#16675=DIRECTION('ref_axis',(1.,0.,0.));
#16676=DIRECTION('',(1.,0.,0.));
#16677=DIRECTION('',(0.,0.,1.));
#16678=DIRECTION('center_axis',(-0.071338697272282,-0.997452149364316,0.));
#16679=DIRECTION('ref_axis',(0.997452149364316,-0.071338697272282,0.));
#16680=DIRECTION('',(0.997452149364316,-0.071338697272282,0.));
#16681=DIRECTION('',(0.,0.,1.));
#16682=DIRECTION('center_axis',(-0.212565820103376,-0.977146750556834,0.));
#16683=DIRECTION('ref_axis',(0.977146750556834,-0.212565820103376,0.));
#16684=DIRECTION('',(0.977146750556834,-0.212565820103376,0.));
#16685=DIRECTION('',(0.,0.,1.));
#16686=DIRECTION('center_axis',(-0.349464212754911,-0.936949712633283,0.));
#16687=DIRECTION('ref_axis',(0.936949712633282,-0.349464212754911,0.));
#16688=DIRECTION('',(0.936949712633282,-0.349464212754911,0.));
#16689=DIRECTION('',(0.,0.,1.));
#16690=DIRECTION('center_axis',(-0.479248612571524,-0.877679193867708,0.));
#16691=DIRECTION('ref_axis',(0.877679193867708,-0.479248612571524,0.));
#16692=DIRECTION('',(0.877679193867708,-0.479248612571524,0.));
#16693=DIRECTION('',(0.,0.,1.));
#16694=DIRECTION('center_axis',(-0.599279253440972,-0.800540052961269,0.));
#16695=DIRECTION('ref_axis',(0.800540052961269,-0.599279253440972,0.));
#16696=DIRECTION('',(0.800540052961269,-0.599279253440972,0.));
#16697=DIRECTION('',(0.,0.,1.));
#16698=DIRECTION('center_axis',(-0.707106781186551,-0.707106781186544,0.));
#16699=DIRECTION('ref_axis',(0.707106781186544,-0.707106781186551,0.));
#16700=DIRECTION('',(0.707106781186544,-0.707106781186551,0.));
#16701=DIRECTION('',(0.,0.,1.));
#16702=DIRECTION('center_axis',(-0.800540052961269,-0.599279253440972,0.));
#16703=DIRECTION('ref_axis',(0.599279253440972,-0.800540052961269,0.));
#16704=DIRECTION('',(0.599279253440972,-0.800540052961269,0.));
#16705=DIRECTION('',(0.,0.,1.));
#16706=DIRECTION('center_axis',(-0.877679193867707,-0.479248612571526,0.));
#16707=DIRECTION('ref_axis',(0.479248612571526,-0.877679193867707,0.));
#16708=DIRECTION('',(0.479248612571526,-0.877679193867707,0.));
#16709=DIRECTION('',(0.,0.,1.));
#16710=DIRECTION('center_axis',(-0.936949712633281,-0.349464212754914,0.));
#16711=DIRECTION('ref_axis',(0.349464212754914,-0.936949712633281,0.));
#16712=DIRECTION('',(0.349464212754914,-0.936949712633281,0.));
#16713=DIRECTION('',(0.,0.,1.));
#16714=DIRECTION('center_axis',(-0.977146750556836,-0.212565820103367,0.));
#16715=DIRECTION('ref_axis',(0.212565820103367,-0.977146750556836,0.));
#16716=DIRECTION('',(0.212565820103367,-0.977146750556836,0.));
#16717=DIRECTION('',(0.,0.,1.));
#16718=DIRECTION('center_axis',(-0.997452149364315,-0.0713386972722985,
0.));
#16719=DIRECTION('ref_axis',(0.0713386972722985,-0.997452149364315,0.));
#16720=DIRECTION('',(0.0713386972722985,-0.997452149364315,0.));
#16721=DIRECTION('',(0.,0.,1.));
#16722=DIRECTION('center_axis',(-1.,0.,0.));
#16723=DIRECTION('ref_axis',(0.,-1.,0.));
#16724=DIRECTION('',(0.,-1.,0.));
#16725=DIRECTION('',(0.,0.,1.));
#16726=DIRECTION('center_axis',(-0.997452149364317,-0.0713386972722686,
0.));
#16727=DIRECTION('ref_axis',(0.0713386972722686,-0.997452149364317,0.));
#16728=DIRECTION('',(0.0713386972722686,-0.997452149364317,0.));
#16729=DIRECTION('',(0.,0.,1.));
#16730=DIRECTION('center_axis',(-0.0713386972722865,-0.997452149364316,
0.));
#16731=DIRECTION('ref_axis',(0.997452149364316,-0.0713386972722865,0.));
#16732=DIRECTION('',(0.997452149364316,-0.0713386972722865,0.));
#16733=DIRECTION('center_axis',(0.,0.,1.));
#16734=DIRECTION('ref_axis',(-1.,0.,0.));
#16735=DIRECTION('axis',(0.,0.,1.));
#16736=DIRECTION('refdir',(1.,0.,0.));
#16737=DIRECTION('center_axis',(-1.5016298467813E-13,-1.,0.));
#16738=DIRECTION('ref_axis',(0.,0.,-1.));
#16739=DIRECTION('',(-1.,1.5016298467813E-13,0.));
#16740=DIRECTION('center_axis',(-1.5016298467813E-13,-1.,0.));
#16741=DIRECTION('ref_axis',(-1.,3.93604026702859E-15,0.));
#16742=DIRECTION('center_axis',(-5.92118946466749E-15,-1.,0.));
#16743=DIRECTION('ref_axis',(-1.,3.93604026702859E-15,0.));
#16744=DIRECTION('center_axis',(-1.07114315410428E-13,-0.707106781186549,
0.707106781186546));
#16745=DIRECTION('ref_axis',(-1.02598488395507E-13,0.707106781186546,0.707106781186549));
#16746=DIRECTION('center_axis',(1.5016298467813E-13,1.,0.));
#16747=DIRECTION('ref_axis',(-1.,3.93604026702859E-15,0.));
#16748=DIRECTION('center_axis',(-1.07114315410428E-13,-0.707106781186549,
0.707106781186546));
#16749=DIRECTION('ref_axis',(-1.02598488395507E-13,0.707106781186546,0.707106781186549));
#16750=DIRECTION('center_axis',(-1.5016298467813E-13,-1.,0.));
#16751=DIRECTION('ref_axis',(0.,0.,-1.));
#16752=DIRECTION('',(-1.,1.5016298467813E-13,0.));
#16753=DIRECTION('center_axis',(-1.5016298467813E-13,-1.,0.));
#16754=DIRECTION('ref_axis',(-1.,3.93604026702859E-15,0.));
#16755=DIRECTION('center_axis',(0.,-1.,0.));
#16756=DIRECTION('ref_axis',(-1.,3.93604026702859E-15,0.));
#16757=DIRECTION('center_axis',(-1.07114315410428E-13,-0.707106781186549,
0.707106781186546));
#16758=DIRECTION('ref_axis',(-1.11925623704169E-13,0.707106781186546,0.707106781186549));
#16759=DIRECTION('center_axis',(1.5016298467813E-13,1.,0.));
#16760=DIRECTION('ref_axis',(-1.,3.93604026702859E-15,0.));
#16761=DIRECTION('center_axis',(-1.07114315410428E-13,-0.707106781186549,
0.707106781186546));
#16762=DIRECTION('ref_axis',(-1.11925623704169E-13,0.707106781186546,0.707106781186549));
#16763=DIRECTION('center_axis',(0.,0.,1.));
#16764=DIRECTION('ref_axis',(-1.,0.,0.));
#16765=DIRECTION('',(-1.,1.51482517577736E-13,0.));
#16766=DIRECTION('center_axis',(0.,0.,-1.));
#16767=DIRECTION('ref_axis',(-0.999999999999962,2.7469072988021E-7,0.));
#16768=DIRECTION('',(2.91397119324188E-15,1.,0.));
#16769=DIRECTION('center_axis',(0.,0.,-1.));
#16770=DIRECTION('ref_axis',(2.74692987792223E-7,0.999999999999962,0.));
#16771=DIRECTION('',(1.,-2.90297507553153E-15,0.));
#16772=DIRECTION('',(1.,-3.95860240803503E-15,0.));
#16773=DIRECTION('',(1.,-2.90297507553153E-15,0.));
#16774=DIRECTION('',(1.,-3.95860240803503E-15,0.));
#16775=DIRECTION('',(1.,-2.90297507553153E-15,0.));
#16776=DIRECTION('center_axis',(0.,0.,-1.));
#16777=DIRECTION('ref_axis',(0.999999999999962,-2.74692979799623E-7,0.));
#16778=DIRECTION('',(0.,-1.,0.));
#16779=DIRECTION('center_axis',(0.,0.,-1.));
#16780=DIRECTION('ref_axis',(-2.74692987791604E-7,-0.999999999999962,0.));
#16781=DIRECTION('',(-1.,1.51482517577736E-13,0.));
#16782=DIRECTION('',(-1.,1.51482517577736E-13,0.));
#16783=DIRECTION('center_axis',(0.,0.,-1.));
#16784=DIRECTION('ref_axis',(-1.,0.,0.));
#16785=DIRECTION('center_axis',(0.,0.,-1.));
#16786=DIRECTION('ref_axis',(-1.,0.,0.));
#16787=DIRECTION('center_axis',(0.,0.,-1.));
#16788=DIRECTION('ref_axis',(-1.,0.,0.));
#16789=DIRECTION('center_axis',(0.,0.,-1.));
#16790=DIRECTION('ref_axis',(-1.,0.,0.));
#16791=DIRECTION('',(-1.26882631385732E-15,-1.,0.));
#16792=DIRECTION('',(1.,0.,0.));
#16793=DIRECTION('',(-2.53765262771464E-15,1.,0.));
#16794=DIRECTION('',(-1.,0.,0.));
#16795=DIRECTION('',(0.,-1.,0.));
#16796=DIRECTION('',(1.,7.105427357601E-15,0.));
#16797=DIRECTION('',(4.80096443081149E-16,1.,0.));
#16798=DIRECTION('',(-1.,0.,0.));
#16799=DIRECTION('',(4.80096443081149E-16,-1.,0.));
#16800=DIRECTION('',(1.,0.,0.));
#16801=DIRECTION('',(0.,1.,0.));
#16802=DIRECTION('',(-1.,0.,0.));
#16803=DIRECTION('',(0.,-1.,0.));
#16804=DIRECTION('',(1.,0.,0.));
#16805=DIRECTION('',(-2.88838510471585E-15,1.,0.));
#16806=DIRECTION('',(-1.,0.,0.));
#16807=DIRECTION('',(2.88838510471585E-15,-1.,0.));
#16808=DIRECTION('',(1.,0.,0.));
#16809=DIRECTION('',(-2.88838510471585E-15,1.,0.));
#16810=DIRECTION('',(-1.,1.64477485129653E-15,0.));
#16811=DIRECTION('',(0.,-1.,0.));
#16812=DIRECTION('',(1.,0.,0.));
#16813=DIRECTION('',(-5.77677020943171E-15,1.,0.));
#16814=DIRECTION('',(-1.,0.,0.));
#16815=DIRECTION('',(0.,-1.,0.));
#16816=DIRECTION('',(1.,-2.88838510471586E-15,0.));
#16817=DIRECTION('',(-4.28037792626565E-15,1.,0.));
#16818=DIRECTION('',(-1.,-2.88838510471588E-15,0.));
#16819=DIRECTION('',(0.,-1.,0.));
#16820=DIRECTION('',(1.,2.88838510471586E-15,0.));
#16821=DIRECTION('',(0.,1.,0.));
#16822=DIRECTION('',(-1.,0.,0.));
#16823=DIRECTION('',(0.,-1.,0.));
#16824=DIRECTION('',(1.,0.,0.));
#16825=DIRECTION('',(0.,1.,0.));
#16826=DIRECTION('',(-1.,-1.64477485129653E-15,0.));
#16827=DIRECTION('',(0.,-1.,0.));
#16828=DIRECTION('',(1.,2.14018896313283E-15,0.));
#16829=DIRECTION('',(0.,1.,0.));
#16830=DIRECTION('',(-1.,-2.14018896313283E-15,0.));
#16831=DIRECTION('',(0.,-1.,0.));
#16832=DIRECTION('',(1.,0.,0.));
#16833=DIRECTION('',(0.,1.,0.));
#16834=DIRECTION('',(-1.,0.,0.));
#16835=DIRECTION('',(0.,-1.,0.));
#16836=DIRECTION('',(1.,0.,0.));
#16837=DIRECTION('',(0.,1.,0.));
#16838=DIRECTION('',(-1.,1.64477485129653E-15,0.));
#16839=DIRECTION('',(0.,-1.,0.));
#16840=DIRECTION('',(1.,0.,0.));
#16841=DIRECTION('',(2.6712132923312E-15,1.,0.));
#16842=DIRECTION('',(-1.,2.88838510471585E-15,0.));
#16843=DIRECTION('',(0.,-1.,0.));
#16844=DIRECTION('',(1.,0.,0.));
#16845=DIRECTION('',(0.,1.,0.));
#16846=DIRECTION('',(-1.,0.,0.));
#16847=DIRECTION('',(-2.6712132923312E-15,-1.,0.));
#16848=DIRECTION('',(1.,0.,0.));
#16849=DIRECTION('',(0.,1.,0.));
#16850=DIRECTION('',(-1.,0.,0.));
#16851=DIRECTION('',(0.,-1.,0.));
#16852=DIRECTION('',(1.,0.,0.));
#16853=DIRECTION('',(0.,1.,0.));
#16854=DIRECTION('',(-1.,0.,0.));
#16855=DIRECTION('',(0.,-1.,0.));
#16856=DIRECTION('',(1.,0.,0.));
#16857=DIRECTION('',(0.,1.,0.));
#16858=DIRECTION('',(-1.,1.64477485129653E-15,0.));
#16859=DIRECTION('',(0.,-1.,0.));
#16860=DIRECTION('',(1.,0.,0.));
#16861=DIRECTION('',(0.,1.,0.));
#16862=DIRECTION('',(-1.,0.,0.));
#16863=DIRECTION('',(1.61486985400023E-15,-1.,0.));
#16864=DIRECTION('',(1.,0.,0.));
#16865=DIRECTION('',(1.61486985400023E-15,1.,0.));
#16866=DIRECTION('',(-1.,0.,0.));
#16867=DIRECTION('',(2.22044604925031E-15,-1.,0.));
#16868=DIRECTION('',(1.,0.,0.));
#16869=DIRECTION('',(2.22044604925031E-15,1.,0.));
#16870=DIRECTION('',(-1.,0.,0.));
#16871=DIRECTION('',(1.,1.61486985400023E-15,0.));
#16872=DIRECTION('',(0.,1.,0.));
#16873=DIRECTION('',(-1.,0.,0.));
#16874=DIRECTION('',(0.,-1.,0.));
#16875=DIRECTION('',(0.,-1.,0.));
#16876=DIRECTION('',(1.,0.,0.));
#16877=DIRECTION('',(-7.10542735760095E-15,-1.,0.));
#16878=DIRECTION('',(1.,0.,0.));
#16879=DIRECTION('',(7.105427357601E-15,1.,0.));
#16880=DIRECTION('',(1.,0.,0.));
#16881=DIRECTION('',(0.,1.,0.));
#16882=DIRECTION('',(-1.,0.,0.));
#16883=DIRECTION('',(7.105427357601E-15,1.,0.));
#16884=DIRECTION('',(-1.,2.86509167645202E-15,0.));
#16885=DIRECTION('',(-7.10542735760095E-15,-1.,0.));
#16886=DIRECTION('',(-1.,0.,0.));
#16887=DIRECTION('',(0.,-1.,0.));
#16888=DIRECTION('',(1.,0.,0.));
#16889=DIRECTION('',(7.105427357601E-15,-1.,0.));
#16890=DIRECTION('',(1.,0.,0.));
#16891=DIRECTION('',(0.,1.,0.));
#16892=DIRECTION('',(1.,0.,0.));
#16893=DIRECTION('',(0.,1.,0.));
#16894=DIRECTION('',(-1.,0.,0.));
#16895=DIRECTION('',(0.,1.,0.));
#16896=DIRECTION('',(-1.,0.,0.));
#16897=DIRECTION('',(7.105427357601E-15,-1.,0.));
#16898=DIRECTION('',(-1.,0.,0.));
#16899=DIRECTION('',(0.,-1.,0.));
#16900=DIRECTION('',(1.,-2.10968745772003E-15,0.));
#16901=DIRECTION('',(7.105427357601E-15,-1.,0.));
#16902=DIRECTION('',(1.,0.,0.));
#16903=DIRECTION('',(0.,1.,0.));
#16904=DIRECTION('',(1.,-2.10968745772003E-15,0.));
#16905=DIRECTION('',(0.,1.,0.));
#16906=DIRECTION('',(-1.,0.,0.));
#16907=DIRECTION('',(0.,1.,0.));
#16908=DIRECTION('',(-1.,-2.86509167645201E-15,0.));
#16909=DIRECTION('',(7.105427357601E-15,-1.,0.));
#16910=DIRECTION('',(-1.,0.,0.));
#16911=DIRECTION('center_axis',(0.,0.,1.));
#16912=DIRECTION('ref_axis',(-1.,0.,0.));
#16913=DIRECTION('center_axis',(1.07114315410428E-13,0.707106781186549,
-0.707106781186546));
#16914=DIRECTION('ref_axis',(-1.,0.,-1.51482517577737E-13));
#16915=DIRECTION('',(-1.00485917355762E-13,-0.707106781186546,-0.707106781186549));
#16916=DIRECTION('',(-1.,1.5016298467813E-13,0.));
#16917=DIRECTION('center_axis',(1.07114315410428E-13,0.707106781186549,
-0.707106781186546));
#16918=DIRECTION('ref_axis',(-1.,0.,-1.51482517577737E-13));
#16919=DIRECTION('',(-1.,1.5016298467813E-13,0.));
#16920=DIRECTION('',(1.94237274810702E-7,-0.707106781186549,-0.70710678118652));
#16921=DIRECTION('center_axis',(5.9211894646675E-15,1.,0.));
#16922=DIRECTION('ref_axis',(-1.,3.95860240803503E-15,0.));
#16923=DIRECTION('center_axis',(3.95860240803503E-15,1.,0.));
#16924=DIRECTION('ref_axis',(-1.,3.95860240803503E-15,0.));
#16925=DIRECTION('center_axis',(2.05271336152389E-15,0.707106781186552,
0.707106781186543));
#16926=DIRECTION('ref_axis',(4.66356765434082E-15,0.707106781186543,-0.707106781186552));
#16927=DIRECTION('center_axis',(-3.95860240803503E-15,-1.,0.));
#16928=DIRECTION('ref_axis',(-1.,3.95860240803503E-15,0.));
#16929=DIRECTION('center_axis',(2.05271336152389E-15,0.707106781186552,
0.707106781186543));
#16930=DIRECTION('ref_axis',(4.66356765434082E-15,0.707106781186543,-0.707106781186552));
#16931=DIRECTION('center_axis',(3.95860240803503E-15,1.,0.));
#16932=DIRECTION('ref_axis',(-1.,3.95860240803503E-15,0.));
#16933=DIRECTION('center_axis',(0.,1.,0.));
#16934=DIRECTION('ref_axis',(-1.,3.95860240803503E-15,0.));
#16935=DIRECTION('center_axis',(3.95860240803503E-15,1.,0.));
#16936=DIRECTION('ref_axis',(-1.,3.95860240803503E-15,0.));
#16937=DIRECTION('center_axis',(2.05271336152389E-15,0.707106781186552,
0.707106781186543));
#16938=DIRECTION('ref_axis',(1.55452255144694E-15,0.707106781186543,-0.707106781186552));
#16939=DIRECTION('center_axis',(-3.95860240803503E-15,-1.,0.));
#16940=DIRECTION('ref_axis',(-1.,3.95860240803503E-15,0.));
#16941=DIRECTION('center_axis',(2.05271336152389E-15,0.707106781186552,
0.707106781186543));
#16942=DIRECTION('ref_axis',(1.55452255144694E-15,0.707106781186543,-0.707106781186552));
#16943=DIRECTION('center_axis',(3.95860240803503E-15,1.,0.));
#16944=DIRECTION('ref_axis',(-1.,3.95860240803503E-15,0.));
#16945=DIRECTION('center_axis',(3.95860240803503E-15,1.,0.));
#16946=DIRECTION('ref_axis',(-1.,3.95860240803503E-15,0.));
#16947=DIRECTION('',(1.,-3.95860240803503E-15,0.));
#16948=DIRECTION('',(0.,0.,-1.));
#16949=DIRECTION('',(-1.,3.95860240803503E-15,0.));
#16950=DIRECTION('',(0.,0.,1.));
#16951=DIRECTION('',(1.,-3.95860240803503E-15,0.));
#16952=DIRECTION('',(1.,-3.95860240803503E-15,0.));
#16953=DIRECTION('center_axis',(-2.05271336152389E-15,-0.707106781186552,
-0.707106781186543));
#16954=DIRECTION('ref_axis',(-1.,0.,2.90297507553157E-15));
#16955=DIRECTION('',(-1.9423726853034E-7,0.707106781186522,-0.707106781186546));
#16956=DIRECTION('center_axis',(-2.05271336152389E-15,-0.707106781186552,
-0.707106781186543));
#16957=DIRECTION('ref_axis',(-1.,0.,2.90297507553157E-15));
#16958=DIRECTION('',(0.,0.707106781186548,-0.707106781186547));
#16959=DIRECTION('center_axis',(-2.05271336152389E-15,-0.707106781186552,
-0.707106781186543));
#16960=DIRECTION('ref_axis',(-1.,0.,2.90297507553157E-15));
#16961=DIRECTION('center_axis',(0.,0.,1.));
#16962=DIRECTION('ref_axis',(-1.,0.,0.));
#16963=DIRECTION('',(0.,0.,1.));
#16964=DIRECTION('center_axis',(0.,0.,1.));
#16965=DIRECTION('ref_axis',(-1.,0.,0.));
#16966=DIRECTION('center_axis',(0.,0.,1.));
#16967=DIRECTION('ref_axis',(-1.,0.,0.));
#16968=DIRECTION('center_axis',(-1.,0.,0.));
#16969=DIRECTION('ref_axis',(0.,-1.,0.));
#16970=DIRECTION('',(0.,0.,1.));
#16971=DIRECTION('',(0.,-1.,0.));
#16972=DIRECTION('',(0.,0.,1.));
#16973=DIRECTION('center_axis',(0.,1.,0.));
#16974=DIRECTION('ref_axis',(-1.,0.,0.));
#16975=DIRECTION('',(0.,0.,1.));
#16976=DIRECTION('',(-1.,0.,0.));
#16977=DIRECTION('center_axis',(-1.,-7.105427357601E-15,0.));
#16978=DIRECTION('ref_axis',(7.105427357601E-15,-1.,0.));
#16979=DIRECTION('',(0.,0.,1.));
#16980=DIRECTION('',(7.105427357601E-15,-1.,0.));
#16981=DIRECTION('center_axis',(-2.86509167645201E-15,1.,0.));
#16982=DIRECTION('ref_axis',(-1.,-2.86509167645201E-15,0.));
#16983=DIRECTION('',(0.,0.,1.));
#16984=DIRECTION('',(-1.,-2.86509167645201E-15,0.));
#16985=DIRECTION('center_axis',(1.,0.,0.));
#16986=DIRECTION('ref_axis',(0.,1.,0.));
#16987=DIRECTION('',(0.,0.,1.));
#16988=DIRECTION('',(0.,1.,0.));
#16989=DIRECTION('center_axis',(0.,1.,0.));
#16990=DIRECTION('ref_axis',(-1.,0.,0.));
#16991=DIRECTION('',(0.,0.,1.));
#16992=DIRECTION('',(-1.,0.,0.));
#16993=DIRECTION('center_axis',(1.,0.,0.));
#16994=DIRECTION('ref_axis',(0.,1.,0.));
#16995=DIRECTION('',(0.,0.,1.));
#16996=DIRECTION('',(0.,1.,0.));
#16997=DIRECTION('center_axis',(-2.10968745772003E-15,-1.,0.));
#16998=DIRECTION('ref_axis',(1.,-2.10968745772003E-15,0.));
#16999=DIRECTION('',(0.,0.,1.));
#17000=DIRECTION('',(1.,-2.10968745772003E-15,0.));
#17001=DIRECTION('center_axis',(1.,0.,0.));
#17002=DIRECTION('ref_axis',(0.,1.,0.));
#17003=DIRECTION('',(0.,0.,1.));
#17004=DIRECTION('',(0.,1.,0.));
#17005=DIRECTION('center_axis',(0.,-1.,0.));
#17006=DIRECTION('ref_axis',(1.,0.,0.));
#17007=DIRECTION('',(0.,0.,1.));
#17008=DIRECTION('',(1.,0.,0.));
#17009=DIRECTION('center_axis',(-1.,-7.105427357601E-15,0.));
#17010=DIRECTION('ref_axis',(7.105427357601E-15,-1.,0.));
#17011=DIRECTION('',(0.,0.,1.));
#17012=DIRECTION('',(7.105427357601E-15,-1.,0.));
#17013=DIRECTION('center_axis',(-2.10968745772003E-15,-1.,0.));
#17014=DIRECTION('ref_axis',(1.,-2.10968745772003E-15,0.));
#17015=DIRECTION('',(1.,-2.10968745772003E-15,0.));
#17016=DIRECTION('center_axis',(0.,0.,1.));
#17017=DIRECTION('ref_axis',(1.,0.,0.));
#17018=DIRECTION('center_axis',(-1.,0.,0.));
#17019=DIRECTION('ref_axis',(0.,-1.,0.));
#17020=DIRECTION('',(0.,0.,1.));
#17021=DIRECTION('',(0.,-1.,0.));
#17022=DIRECTION('',(0.,0.,1.));
#17023=DIRECTION('center_axis',(0.,1.,0.));
#17024=DIRECTION('ref_axis',(-1.,0.,0.));
#17025=DIRECTION('',(0.,0.,1.));
#17026=DIRECTION('',(-1.,0.,0.));
#17027=DIRECTION('center_axis',(-1.,-7.105427357601E-15,0.));
#17028=DIRECTION('ref_axis',(7.105427357601E-15,-1.,0.));
#17029=DIRECTION('',(0.,0.,1.));
#17030=DIRECTION('',(7.105427357601E-15,-1.,0.));
#17031=DIRECTION('center_axis',(0.,1.,0.));
#17032=DIRECTION('ref_axis',(-1.,0.,0.));
#17033=DIRECTION('',(0.,0.,1.));
#17034=DIRECTION('',(-1.,0.,0.));
#17035=DIRECTION('center_axis',(1.,0.,0.));
#17036=DIRECTION('ref_axis',(0.,1.,0.));
#17037=DIRECTION('',(0.,0.,1.));
#17038=DIRECTION('',(0.,1.,0.));
#17039=DIRECTION('center_axis',(0.,1.,0.));
#17040=DIRECTION('ref_axis',(-1.,0.,0.));
#17041=DIRECTION('',(0.,0.,1.));
#17042=DIRECTION('',(-1.,0.,0.));
#17043=DIRECTION('center_axis',(1.,0.,0.));
#17044=DIRECTION('ref_axis',(0.,1.,0.));
#17045=DIRECTION('',(0.,0.,1.));
#17046=DIRECTION('',(0.,1.,0.));
#17047=DIRECTION('center_axis',(0.,-1.,0.));
#17048=DIRECTION('ref_axis',(1.,0.,0.));
#17049=DIRECTION('',(0.,0.,1.));
#17050=DIRECTION('',(1.,0.,0.));
#17051=DIRECTION('center_axis',(1.,0.,0.));
#17052=DIRECTION('ref_axis',(0.,1.,0.));
#17053=DIRECTION('',(0.,0.,1.));
#17054=DIRECTION('',(0.,1.,0.));
#17055=DIRECTION('center_axis',(0.,-1.,0.));
#17056=DIRECTION('ref_axis',(1.,0.,0.));
#17057=DIRECTION('',(0.,0.,1.));
#17058=DIRECTION('',(1.,0.,0.));
#17059=DIRECTION('center_axis',(-1.,-7.105427357601E-15,0.));
#17060=DIRECTION('ref_axis',(7.105427357601E-15,-1.,0.));
#17061=DIRECTION('',(0.,0.,1.));
#17062=DIRECTION('',(7.105427357601E-15,-1.,0.));
#17063=DIRECTION('center_axis',(0.,-1.,0.));
#17064=DIRECTION('ref_axis',(1.,0.,0.));
#17065=DIRECTION('',(1.,0.,0.));
#17066=DIRECTION('center_axis',(0.,0.,1.));
#17067=DIRECTION('ref_axis',(1.,0.,0.));
#17068=DIRECTION('center_axis',(-1.,0.,0.));
#17069=DIRECTION('ref_axis',(0.,-1.,0.));
#17070=DIRECTION('',(0.,0.,1.));
#17071=DIRECTION('',(0.,-1.,0.));
#17072=DIRECTION('',(0.,0.,1.));
#17073=DIRECTION('center_axis',(0.,1.,0.));
#17074=DIRECTION('ref_axis',(-1.,0.,0.));
#17075=DIRECTION('',(0.,0.,1.));
#17076=DIRECTION('',(-1.,0.,0.));
#17077=DIRECTION('center_axis',(-1.,7.10542735760095E-15,0.));
#17078=DIRECTION('ref_axis',(-7.10542735760095E-15,-1.,0.));
#17079=DIRECTION('',(0.,0.,1.));
#17080=DIRECTION('',(-7.10542735760095E-15,-1.,0.));
#17081=DIRECTION('center_axis',(2.86509167645202E-15,1.,0.));
#17082=DIRECTION('ref_axis',(-1.,2.86509167645202E-15,0.));
#17083=DIRECTION('',(0.,0.,1.));
#17084=DIRECTION('',(-1.,2.86509167645202E-15,0.));
#17085=DIRECTION('center_axis',(1.,-7.105427357601E-15,0.));
#17086=DIRECTION('ref_axis',(7.105427357601E-15,1.,0.));
#17087=DIRECTION('',(0.,0.,1.));
#17088=DIRECTION('',(7.105427357601E-15,1.,0.));
#17089=DIRECTION('center_axis',(0.,1.,0.));
#17090=DIRECTION('ref_axis',(-1.,0.,0.));
#17091=DIRECTION('',(0.,0.,1.));
#17092=DIRECTION('',(-1.,0.,0.));
#17093=DIRECTION('center_axis',(1.,0.,0.));
#17094=DIRECTION('ref_axis',(0.,1.,0.));
#17095=DIRECTION('',(0.,0.,1.));
#17096=DIRECTION('',(0.,1.,0.));
#17097=DIRECTION('center_axis',(0.,-1.,0.));
#17098=DIRECTION('ref_axis',(1.,0.,0.));
#17099=DIRECTION('',(0.,0.,1.));
#17100=DIRECTION('',(1.,0.,0.));
#17101=DIRECTION('center_axis',(1.,-7.105427357601E-15,0.));
#17102=DIRECTION('ref_axis',(7.105427357601E-15,1.,0.));
#17103=DIRECTION('',(0.,0.,1.));
#17104=DIRECTION('',(7.105427357601E-15,1.,0.));
#17105=DIRECTION('center_axis',(0.,-1.,0.));
#17106=DIRECTION('ref_axis',(1.,0.,0.));
#17107=DIRECTION('',(0.,0.,1.));
#17108=DIRECTION('',(1.,0.,0.));
#17109=DIRECTION('center_axis',(-1.,7.10542735760095E-15,0.));
#17110=DIRECTION('ref_axis',(-7.10542735760095E-15,-1.,0.));
#17111=DIRECTION('',(0.,0.,1.));
#17112=DIRECTION('',(-7.10542735760095E-15,-1.,0.));
#17113=DIRECTION('center_axis',(0.,-1.,0.));
#17114=DIRECTION('ref_axis',(1.,0.,0.));
#17115=DIRECTION('',(1.,0.,0.));
#17116=DIRECTION('center_axis',(0.,0.,1.));
#17117=DIRECTION('ref_axis',(1.,0.,0.));
#17118=DIRECTION('center_axis',(1.61486985400023E-15,-1.,0.));
#17119=DIRECTION('ref_axis',(1.,1.61486985400023E-15,0.));
#17120=DIRECTION('',(0.,0.,1.));
#17121=DIRECTION('',(1.,1.61486985400023E-15,0.));
#17122=DIRECTION('',(0.,0.,1.));
#17123=DIRECTION('center_axis',(-1.,0.,0.));
#17124=DIRECTION('ref_axis',(0.,-1.,0.));
#17125=DIRECTION('',(0.,0.,1.));
#17126=DIRECTION('',(0.,-1.,0.));
#17127=DIRECTION('center_axis',(0.,1.,0.));
#17128=DIRECTION('ref_axis',(-1.,0.,0.));
#17129=DIRECTION('',(0.,0.,1.));
#17130=DIRECTION('',(-1.,0.,0.));
#17131=DIRECTION('center_axis',(1.,0.,0.));
#17132=DIRECTION('ref_axis',(0.,1.,0.));
#17133=DIRECTION('',(0.,1.,0.));
#17134=DIRECTION('center_axis',(0.,0.,1.));
#17135=DIRECTION('ref_axis',(1.,0.,0.));
#17136=DIRECTION('',(-1.,-2.22044604925032E-15,0.));
#17137=DIRECTION('',(0.,-1.,0.));
#17138=DIRECTION('',(1.,0.,0.));
#17139=DIRECTION('',(0.,1.,0.));
#17140=DIRECTION('center_axis',(-1.,-2.22044604925031E-15,0.));
#17141=DIRECTION('ref_axis',(2.22044604925031E-15,-1.,0.));
#17142=DIRECTION('',(0.,0.,1.));
#17143=DIRECTION('',(2.22044604925031E-15,-1.,0.));
#17144=DIRECTION('',(0.,0.,1.));
#17145=DIRECTION('center_axis',(0.,1.,0.));
#17146=DIRECTION('ref_axis',(-1.,0.,0.));
#17147=DIRECTION('',(0.,0.,1.));
#17148=DIRECTION('',(-1.,0.,0.));
#17149=DIRECTION('center_axis',(1.,-2.22044604925031E-15,0.));
#17150=DIRECTION('ref_axis',(2.22044604925031E-15,1.,0.));
#17151=DIRECTION('',(0.,0.,1.));
#17152=DIRECTION('',(2.22044604925031E-15,1.,0.));
#17153=DIRECTION('center_axis',(0.,-1.,0.));
#17154=DIRECTION('ref_axis',(1.,0.,0.));
#17155=DIRECTION('',(1.,0.,0.));
#17156=DIRECTION('center_axis',(0.,0.,1.));
#17157=DIRECTION('ref_axis',(1.,0.,0.));
#17158=DIRECTION('',(-3.5527136788005E-15,1.,0.));
#17159=DIRECTION('',(-1.,0.,0.));
#17160=DIRECTION('',(-3.5527136788005E-15,-1.,0.));
#17161=DIRECTION('',(1.,0.,0.));
#17162=DIRECTION('center_axis',(-1.,-1.61486985400023E-15,0.));
#17163=DIRECTION('ref_axis',(1.61486985400023E-15,-1.,0.));
#17164=DIRECTION('',(0.,0.,1.));
#17165=DIRECTION('',(1.61486985400023E-15,-1.,0.));
#17166=DIRECTION('',(0.,0.,1.));
#17167=DIRECTION('center_axis',(0.,1.,0.));
#17168=DIRECTION('ref_axis',(-1.,0.,0.));
#17169=DIRECTION('',(0.,0.,1.));
#17170=DIRECTION('',(-1.,0.,0.));
#17171=DIRECTION('center_axis',(1.,-1.61486985400023E-15,0.));
#17172=DIRECTION('ref_axis',(1.61486985400023E-15,1.,0.));
#17173=DIRECTION('',(0.,0.,1.));
#17174=DIRECTION('',(1.61486985400023E-15,1.,0.));
#17175=DIRECTION('center_axis',(0.,-1.,0.));
#17176=DIRECTION('ref_axis',(1.,0.,0.));
#17177=DIRECTION('',(1.,0.,0.));
#17178=DIRECTION('center_axis',(0.,0.,1.));
#17179=DIRECTION('ref_axis',(1.,0.,0.));
#17180=DIRECTION('',(-1.,0.,0.));
#17181=DIRECTION('',(-2.22044604925032E-15,-1.,0.));
#17182=DIRECTION('',(1.,0.,0.));
#17183=DIRECTION('',(-2.22044604925032E-15,1.,0.));
#17184=DIRECTION('center_axis',(0.,-1.,0.));
#17185=DIRECTION('ref_axis',(1.,0.,0.));
#17186=DIRECTION('',(0.,0.,1.));
#17187=DIRECTION('',(1.,0.,0.));
#17188=DIRECTION('',(0.,0.,1.));
#17189=DIRECTION('center_axis',(-1.,0.,0.));
#17190=DIRECTION('ref_axis',(0.,-1.,0.));
#17191=DIRECTION('',(0.,0.,1.));
#17192=DIRECTION('',(0.,-1.,0.));
#17193=DIRECTION('center_axis',(-1.,3.5527136788005E-15,0.));
#17194=DIRECTION('ref_axis',(-3.5527136788005E-15,-1.,0.));
#17195=DIRECTION('',(0.,0.,1.));
#17196=DIRECTION('',(-3.5527136788005E-15,-1.,0.));
#17197=DIRECTION('',(0.,0.,1.));
#17198=DIRECTION('center_axis',(0.,1.,0.));
#17199=DIRECTION('ref_axis',(-1.,0.,0.));
#17200=DIRECTION('',(0.,0.,1.));
#17201=DIRECTION('',(-1.,0.,0.));
#17202=DIRECTION('center_axis',(0.,-1.,0.));
#17203=DIRECTION('ref_axis',(1.,0.,0.));
#17204=DIRECTION('',(0.,0.,1.));
#17205=DIRECTION('',(1.,0.,0.));
#17206=DIRECTION('',(0.,0.,1.));
#17207=DIRECTION('center_axis',(-1.,2.22044604925032E-15,0.));
#17208=DIRECTION('ref_axis',(-2.22044604925032E-15,-1.,0.));
#17209=DIRECTION('',(0.,0.,1.));
#17210=DIRECTION('',(-2.22044604925032E-15,-1.,0.));
#17211=DIRECTION('center_axis',(-1.,0.,0.));
#17212=DIRECTION('ref_axis',(0.,-1.,0.));
#17213=DIRECTION('',(0.,0.,1.));
#17214=DIRECTION('',(0.,-1.,0.));
#17215=DIRECTION('',(0.,0.,1.));
#17216=DIRECTION('center_axis',(0.,1.,0.));
#17217=DIRECTION('ref_axis',(-1.,0.,0.));
#17218=DIRECTION('',(0.,0.,1.));
#17219=DIRECTION('',(-1.,0.,0.));
#17220=DIRECTION('center_axis',(1.,0.,0.));
#17221=DIRECTION('ref_axis',(0.,1.,0.));
#17222=DIRECTION('',(0.,0.,1.));
#17223=DIRECTION('',(0.,1.,0.));
#17224=DIRECTION('center_axis',(0.,-1.,0.));
#17225=DIRECTION('ref_axis',(1.,0.,0.));
#17226=DIRECTION('',(1.,0.,0.));
#17227=DIRECTION('center_axis',(0.,0.,1.));
#17228=DIRECTION('ref_axis',(1.,0.,0.));
#17229=DIRECTION('',(-1.,0.,0.));
#17230=DIRECTION('',(0.,-1.,0.));
#17231=DIRECTION('',(1.,0.,0.));
#17232=DIRECTION('',(0.,1.,0.));
#17233=DIRECTION('center_axis',(0.,-1.,0.));
#17234=DIRECTION('ref_axis',(1.,0.,0.));
#17235=DIRECTION('',(0.,0.,1.));
#17236=DIRECTION('',(1.,0.,0.));
#17237=DIRECTION('',(0.,0.,1.));
#17238=DIRECTION('center_axis',(-1.,0.,0.));
#17239=DIRECTION('ref_axis',(0.,-1.,0.));
#17240=DIRECTION('',(0.,0.,1.));
#17241=DIRECTION('',(0.,-1.,0.));
#17242=DIRECTION('center_axis',(-1.,0.,0.));
#17243=DIRECTION('ref_axis',(0.,-1.,0.));
#17244=DIRECTION('',(0.,0.,1.));
#17245=DIRECTION('',(0.,-1.,0.));
#17246=DIRECTION('',(0.,0.,1.));
#17247=DIRECTION('center_axis',(1.64477485129653E-15,1.,0.));
#17248=DIRECTION('ref_axis',(-1.,1.64477485129653E-15,0.));
#17249=DIRECTION('',(0.,0.,1.));
#17250=DIRECTION('',(-1.,1.64477485129653E-15,0.));
#17251=DIRECTION('center_axis',(1.,0.,0.));
#17252=DIRECTION('ref_axis',(0.,1.,0.));
#17253=DIRECTION('',(0.,0.,1.));
#17254=DIRECTION('',(0.,1.,0.));
#17255=DIRECTION('center_axis',(0.,-1.,0.));
#17256=DIRECTION('ref_axis',(1.,0.,0.));
#17257=DIRECTION('',(1.,0.,0.));
#17258=DIRECTION('center_axis',(0.,0.,1.));
#17259=DIRECTION('ref_axis',(1.,0.,0.));
#17260=DIRECTION('',(-1.,0.,0.));
#17261=DIRECTION('',(0.,-1.,0.));
#17262=DIRECTION('',(1.,-2.27738056333366E-15,0.));
#17263=DIRECTION('',(0.,1.,0.));
#17264=DIRECTION('center_axis',(-1.,0.,0.));
#17265=DIRECTION('ref_axis',(0.,-1.,0.));
#17266=DIRECTION('',(0.,0.,1.));
#17267=DIRECTION('',(0.,-1.,0.));
#17268=DIRECTION('',(0.,0.,1.));
#17269=DIRECTION('center_axis',(0.,1.,0.));
#17270=DIRECTION('ref_axis',(-1.,0.,0.));
#17271=DIRECTION('',(0.,0.,1.));
#17272=DIRECTION('',(-1.,0.,0.));
#17273=DIRECTION('center_axis',(1.,0.,0.));
#17274=DIRECTION('ref_axis',(0.,1.,0.));
#17275=DIRECTION('',(0.,0.,1.));
#17276=DIRECTION('',(0.,1.,0.));
#17277=DIRECTION('center_axis',(0.,-1.,0.));
#17278=DIRECTION('ref_axis',(1.,0.,0.));
#17279=DIRECTION('',(1.,0.,0.));
#17280=DIRECTION('center_axis',(0.,0.,1.));
#17281=DIRECTION('ref_axis',(1.,0.,0.));
#17282=DIRECTION('',(-1.,0.,0.));
#17283=DIRECTION('',(0.,-1.,0.));
#17284=DIRECTION('',(1.,0.,0.));
#17285=DIRECTION('',(0.,1.,0.));
#17286=DIRECTION('center_axis',(-1.,2.6712132923312E-15,0.));
#17287=DIRECTION('ref_axis',(-2.6712132923312E-15,-1.,0.));
#17288=DIRECTION('',(0.,0.,1.));
#17289=DIRECTION('',(-2.6712132923312E-15,-1.,0.));
#17290=DIRECTION('',(0.,0.,1.));
#17291=DIRECTION('center_axis',(0.,1.,0.));
#17292=DIRECTION('ref_axis',(-1.,0.,0.));
#17293=DIRECTION('',(0.,0.,1.));
#17294=DIRECTION('',(-1.,0.,0.));
#17295=DIRECTION('center_axis',(1.,0.,0.));
#17296=DIRECTION('ref_axis',(0.,1.,0.));
#17297=DIRECTION('',(0.,0.,1.));
#17298=DIRECTION('',(0.,1.,0.));
#17299=DIRECTION('center_axis',(0.,-1.,0.));
#17300=DIRECTION('ref_axis',(1.,0.,0.));
#17301=DIRECTION('',(1.,0.,0.));
#17302=DIRECTION('center_axis',(0.,0.,1.));
#17303=DIRECTION('ref_axis',(1.,0.,0.));
#17304=DIRECTION('',(1.,0.,0.));
#17305=DIRECTION('',(3.44923658135971E-15,1.,0.));
#17306=DIRECTION('',(-1.,0.,0.));
#17307=DIRECTION('',(0.,-1.,0.));
#17308=DIRECTION('center_axis',(-1.,0.,0.));
#17309=DIRECTION('ref_axis',(0.,-1.,0.));
#17310=DIRECTION('',(0.,0.,1.));
#17311=DIRECTION('',(0.,-1.,0.));
#17312=DIRECTION('',(0.,0.,1.));
#17313=DIRECTION('center_axis',(0.,1.,0.));
#17314=DIRECTION('ref_axis',(-1.,0.,0.));
#17315=DIRECTION('',(0.,0.,1.));
#17316=DIRECTION('',(-1.,0.,0.));
#17317=DIRECTION('center_axis',(1.,0.,0.));
#17318=DIRECTION('ref_axis',(0.,1.,0.));
#17319=DIRECTION('',(0.,0.,1.));
#17320=DIRECTION('',(0.,1.,0.));
#17321=DIRECTION('center_axis',(0.,-1.,0.));
#17322=DIRECTION('ref_axis',(1.,0.,0.));
#17323=DIRECTION('',(1.,0.,0.));
#17324=DIRECTION('center_axis',(0.,0.,1.));
#17325=DIRECTION('ref_axis',(1.,0.,0.));
#17326=DIRECTION('',(1.,0.,0.));
#17327=DIRECTION('',(0.,1.,0.));
#17328=DIRECTION('',(-1.,0.,0.));
#17329=DIRECTION('',(0.,-1.,0.));
#17330=DIRECTION('center_axis',(-1.,0.,0.));
#17331=DIRECTION('ref_axis',(0.,-1.,0.));
#17332=DIRECTION('',(0.,0.,1.));
#17333=DIRECTION('',(0.,-1.,0.));
#17334=DIRECTION('',(0.,0.,1.));
#17335=DIRECTION('center_axis',(2.88838510471585E-15,1.,0.));
#17336=DIRECTION('ref_axis',(-1.,2.88838510471585E-15,0.));
#17337=DIRECTION('',(0.,0.,1.));
#17338=DIRECTION('',(-1.,2.88838510471585E-15,0.));
#17339=DIRECTION('center_axis',(1.,-2.6712132923312E-15,0.));
#17340=DIRECTION('ref_axis',(2.6712132923312E-15,1.,0.));
#17341=DIRECTION('',(0.,0.,1.));
#17342=DIRECTION('',(2.6712132923312E-15,1.,0.));
#17343=DIRECTION('center_axis',(0.,-1.,0.));
#17344=DIRECTION('ref_axis',(1.,0.,0.));
#17345=DIRECTION('',(1.,0.,0.));
#17346=DIRECTION('center_axis',(0.,0.,1.));
#17347=DIRECTION('ref_axis',(1.,0.,0.));
#17348=DIRECTION('',(-1.,0.,0.));
#17349=DIRECTION('',(-3.44923658135971E-15,-1.,0.));
#17350=DIRECTION('',(1.,-5.63922806158811E-15,0.));
#17351=DIRECTION('',(0.,1.,0.));
#17352=DIRECTION('center_axis',(-1.,0.,0.));
#17353=DIRECTION('ref_axis',(0.,-1.,0.));
#17354=DIRECTION('',(0.,0.,1.));
#17355=DIRECTION('',(0.,-1.,0.));
#17356=DIRECTION('',(0.,0.,1.));
#17357=DIRECTION('center_axis',(1.64477485129653E-15,1.,0.));
#17358=DIRECTION('ref_axis',(-1.,1.64477485129653E-15,0.));
#17359=DIRECTION('',(0.,0.,1.));
#17360=DIRECTION('',(-1.,1.64477485129653E-15,0.));
#17361=DIRECTION('center_axis',(1.,0.,0.));
#17362=DIRECTION('ref_axis',(0.,1.,0.));
#17363=DIRECTION('',(0.,0.,1.));
#17364=DIRECTION('',(0.,1.,0.));
#17365=DIRECTION('center_axis',(0.,-1.,0.));
#17366=DIRECTION('ref_axis',(1.,0.,0.));
#17367=DIRECTION('',(1.,0.,0.));
#17368=DIRECTION('center_axis',(0.,0.,1.));
#17369=DIRECTION('ref_axis',(1.,0.,0.));
#17370=DIRECTION('',(-1.,0.,0.));
#17371=DIRECTION('',(0.,-1.,0.));
#17372=DIRECTION('',(1.,-2.27738056333366E-15,0.));
#17373=DIRECTION('',(0.,1.,0.));
#17374=DIRECTION('center_axis',(-1.,0.,0.));
#17375=DIRECTION('ref_axis',(0.,-1.,0.));
#17376=DIRECTION('',(0.,0.,1.));
#17377=DIRECTION('',(0.,-1.,0.));
#17378=DIRECTION('',(0.,0.,1.));
#17379=DIRECTION('center_axis',(0.,1.,0.));
#17380=DIRECTION('ref_axis',(-1.,0.,0.));
#17381=DIRECTION('',(0.,0.,1.));
#17382=DIRECTION('',(-1.,0.,0.));
#17383=DIRECTION('center_axis',(1.,0.,0.));
#17384=DIRECTION('ref_axis',(0.,1.,0.));
#17385=DIRECTION('',(0.,0.,1.));
#17386=DIRECTION('',(0.,1.,0.));
#17387=DIRECTION('center_axis',(0.,-1.,0.));
#17388=DIRECTION('ref_axis',(1.,0.,0.));
#17389=DIRECTION('',(1.,0.,0.));
#17390=DIRECTION('center_axis',(0.,0.,1.));
#17391=DIRECTION('ref_axis',(1.,0.,0.));
#17392=DIRECTION('',(-1.,0.,0.));
#17393=DIRECTION('',(0.,-1.,0.));
#17394=DIRECTION('',(1.,0.,0.));
#17395=DIRECTION('',(0.,1.,0.));
#17396=DIRECTION('center_axis',(-1.,0.,0.));
#17397=DIRECTION('ref_axis',(0.,-1.,0.));
#17398=DIRECTION('',(0.,0.,1.));
#17399=DIRECTION('',(0.,-1.,0.));
#17400=DIRECTION('',(0.,0.,1.));
#17401=DIRECTION('center_axis',(-2.14018896313283E-15,1.,0.));
#17402=DIRECTION('ref_axis',(-1.,-2.14018896313283E-15,0.));
#17403=DIRECTION('',(0.,0.,1.));
#17404=DIRECTION('',(-1.,-2.14018896313283E-15,0.));
#17405=DIRECTION('center_axis',(1.,0.,0.));
#17406=DIRECTION('ref_axis',(0.,1.,0.));
#17407=DIRECTION('',(0.,0.,1.));
#17408=DIRECTION('',(0.,1.,0.));
#17409=DIRECTION('center_axis',(2.14018896313283E-15,-1.,0.));
#17410=DIRECTION('ref_axis',(1.,2.14018896313283E-15,0.));
#17411=DIRECTION('',(1.,2.14018896313283E-15,0.));
#17412=DIRECTION('center_axis',(0.,0.,1.));
#17413=DIRECTION('ref_axis',(1.,0.,0.));
#17414=DIRECTION('',(-1.,-3.35161667811368E-15,0.));
#17415=DIRECTION('',(0.,-1.,0.));
#17416=DIRECTION('',(1.,3.35161667811368E-15,0.));
#17417=DIRECTION('',(0.,1.,0.));
#17418=DIRECTION('center_axis',(-1.,0.,0.));
#17419=DIRECTION('ref_axis',(0.,-1.,0.));
#17420=DIRECTION('',(0.,0.,1.));
#17421=DIRECTION('',(0.,-1.,0.));
#17422=DIRECTION('',(0.,0.,1.));
#17423=DIRECTION('center_axis',(-1.64477485129653E-15,1.,0.));
#17424=DIRECTION('ref_axis',(-1.,-1.64477485129653E-15,0.));
#17425=DIRECTION('',(0.,0.,1.));
#17426=DIRECTION('',(-1.,-1.64477485129653E-15,0.));
#17427=DIRECTION('center_axis',(1.,0.,0.));
#17428=DIRECTION('ref_axis',(0.,1.,0.));
#17429=DIRECTION('',(0.,0.,1.));
#17430=DIRECTION('',(0.,1.,0.));
#17431=DIRECTION('center_axis',(0.,-1.,0.));
#17432=DIRECTION('ref_axis',(1.,0.,0.));
#17433=DIRECTION('',(1.,0.,0.));
#17434=DIRECTION('center_axis',(0.,0.,1.));
#17435=DIRECTION('ref_axis',(1.,0.,0.));
#17436=DIRECTION('',(-1.,0.,0.));
#17437=DIRECTION('',(0.,-1.,0.));
#17438=DIRECTION('',(1.,2.27738056333366E-15,0.));
#17439=DIRECTION('',(0.,1.,0.));
#17440=DIRECTION('center_axis',(-1.,0.,0.));
#17441=DIRECTION('ref_axis',(0.,-1.,0.));
#17442=DIRECTION('',(0.,0.,1.));
#17443=DIRECTION('',(0.,-1.,0.));
#17444=DIRECTION('',(0.,0.,1.));
#17445=DIRECTION('center_axis',(0.,1.,0.));
#17446=DIRECTION('ref_axis',(-1.,0.,0.));
#17447=DIRECTION('',(0.,0.,1.));
#17448=DIRECTION('',(-1.,0.,0.));
#17449=DIRECTION('center_axis',(1.,0.,0.));
#17450=DIRECTION('ref_axis',(0.,1.,0.));
#17451=DIRECTION('',(0.,0.,1.));
#17452=DIRECTION('',(0.,1.,0.));
#17453=DIRECTION('center_axis',(2.88838510471586E-15,-1.,0.));
#17454=DIRECTION('ref_axis',(1.,2.88838510471586E-15,0.));
#17455=DIRECTION('',(1.,2.88838510471586E-15,0.));
#17456=DIRECTION('center_axis',(0.,0.,1.));
#17457=DIRECTION('ref_axis',(1.,0.,0.));
#17458=DIRECTION('',(1.,0.,0.));
#17459=DIRECTION('',(0.,1.,0.));
#17460=DIRECTION('',(-1.,-5.63922806158807E-15,0.));
#17461=DIRECTION('',(0.,-1.,0.));
#17462=DIRECTION('center_axis',(-1.,0.,0.));
#17463=DIRECTION('ref_axis',(0.,-1.,0.));
#17464=DIRECTION('',(0.,0.,1.));
#17465=DIRECTION('',(0.,-1.,0.));
#17466=DIRECTION('',(0.,0.,1.));
#17467=DIRECTION('center_axis',(-2.88838510471588E-15,1.,0.));
#17468=DIRECTION('ref_axis',(-1.,-2.88838510471588E-15,0.));
#17469=DIRECTION('',(0.,0.,1.));
#17470=DIRECTION('',(-1.,-2.88838510471588E-15,0.));
#17471=DIRECTION('center_axis',(1.,4.28037792626565E-15,0.));
#17472=DIRECTION('ref_axis',(-4.28037792626565E-15,1.,0.));
#17473=DIRECTION('',(0.,0.,1.));
#17474=DIRECTION('',(-4.28037792626565E-15,1.,0.));
#17475=DIRECTION('center_axis',(-2.88838510471586E-15,-1.,0.));
#17476=DIRECTION('ref_axis',(1.,-2.88838510471586E-15,0.));
#17477=DIRECTION('',(1.,-2.88838510471586E-15,0.));
#17478=DIRECTION('center_axis',(0.,0.,1.));
#17479=DIRECTION('ref_axis',(1.,0.,0.));
#17480=DIRECTION('',(1.,5.63922806158814E-15,0.));
#17481=DIRECTION('',(0.,1.,0.));
#17482=DIRECTION('',(-1.,5.63922806158807E-15,0.));
#17483=DIRECTION('',(6.70323335622735E-15,-1.,0.));
#17484=DIRECTION('center_axis',(-1.,0.,0.));
#17485=DIRECTION('ref_axis',(0.,-1.,0.));
#17486=DIRECTION('',(0.,0.,1.));
#17487=DIRECTION('',(0.,-1.,0.));
#17488=DIRECTION('',(0.,0.,1.));
#17489=DIRECTION('center_axis',(0.,1.,0.));
#17490=DIRECTION('ref_axis',(-1.,0.,0.));
#17491=DIRECTION('',(0.,0.,1.));
#17492=DIRECTION('',(-1.,0.,0.));
#17493=DIRECTION('center_axis',(1.,5.77677020943171E-15,0.));
#17494=DIRECTION('ref_axis',(-5.77677020943171E-15,1.,0.));
#17495=DIRECTION('',(0.,0.,1.));
#17496=DIRECTION('',(-5.77677020943171E-15,1.,0.));
#17497=DIRECTION('center_axis',(0.,-1.,0.));
#17498=DIRECTION('ref_axis',(1.,0.,0.));
#17499=DIRECTION('',(1.,0.,0.));
#17500=DIRECTION('center_axis',(0.,0.,1.));
#17501=DIRECTION('ref_axis',(1.,0.,0.));
#17502=DIRECTION('',(-1.,0.,0.));
#17503=DIRECTION('',(1.12784561231762E-14,-1.,0.));
#17504=DIRECTION('',(1.,0.,0.));
#17505=DIRECTION('',(0.,1.,0.));
#17506=DIRECTION('center_axis',(-1.,-2.88838510471584E-15,0.));
#17507=DIRECTION('ref_axis',(2.88838510471585E-15,-1.,0.));
#17508=DIRECTION('',(0.,0.,1.));
#17509=DIRECTION('',(2.88838510471585E-15,-1.,0.));
#17510=DIRECTION('',(0.,0.,1.));
#17511=DIRECTION('center_axis',(1.64477485129653E-15,1.,0.));
#17512=DIRECTION('ref_axis',(-1.,1.64477485129653E-15,0.));
#17513=DIRECTION('',(0.,0.,1.));
#17514=DIRECTION('',(-1.,1.64477485129653E-15,0.));
#17515=DIRECTION('center_axis',(1.,2.88838510471585E-15,0.));
#17516=DIRECTION('ref_axis',(-2.88838510471585E-15,1.,0.));
#17517=DIRECTION('',(0.,0.,1.));
#17518=DIRECTION('',(-2.88838510471585E-15,1.,0.));
#17519=DIRECTION('center_axis',(0.,-1.,0.));
#17520=DIRECTION('ref_axis',(1.,0.,0.));
#17521=DIRECTION('',(1.,0.,0.));
#17522=DIRECTION('center_axis',(0.,0.,1.));
#17523=DIRECTION('ref_axis',(1.,0.,0.));
#17524=DIRECTION('',(-1.,0.,0.));
#17525=DIRECTION('',(5.63922806158811E-15,-1.,0.));
#17526=DIRECTION('',(1.,-2.27738056333366E-15,0.));
#17527=DIRECTION('',(-5.63922806158807E-15,1.,0.));
#17528=DIRECTION('center_axis',(-1.,0.,0.));
#17529=DIRECTION('ref_axis',(0.,-1.,0.));
#17530=DIRECTION('',(0.,0.,1.));
#17531=DIRECTION('',(0.,-1.,0.));
#17532=DIRECTION('',(0.,0.,1.));
#17533=DIRECTION('center_axis',(0.,1.,0.));
#17534=DIRECTION('ref_axis',(-1.,0.,0.));
#17535=DIRECTION('',(0.,0.,1.));
#17536=DIRECTION('',(-1.,0.,0.));
#17537=DIRECTION('center_axis',(1.,2.88838510471584E-15,0.));
#17538=DIRECTION('ref_axis',(-2.88838510471585E-15,1.,0.));
#17539=DIRECTION('',(0.,0.,1.));
#17540=DIRECTION('',(-2.88838510471585E-15,1.,0.));
#17541=DIRECTION('center_axis',(0.,-1.,0.));
#17542=DIRECTION('ref_axis',(1.,0.,0.));
#17543=DIRECTION('',(1.,0.,0.));
#17544=DIRECTION('center_axis',(0.,0.,1.));
#17545=DIRECTION('ref_axis',(1.,0.,0.));
#17546=DIRECTION('',(-1.,0.,0.));
#17547=DIRECTION('',(5.63922806158807E-15,-1.,0.));
#17548=DIRECTION('',(1.,0.,0.));
#17549=DIRECTION('',(0.,1.,0.));
#17550=DIRECTION('center_axis',(-2.27738056333366E-15,-1.,0.));
#17551=DIRECTION('ref_axis',(1.,-2.27738056333366E-15,0.));
#17552=DIRECTION('',(0.,0.,1.));
#17553=DIRECTION('',(1.,-2.27738056333366E-15,0.));
#17554=DIRECTION('',(0.,0.,1.));
#17555=DIRECTION('center_axis',(-1.,0.,0.));
#17556=DIRECTION('ref_axis',(0.,-1.,0.));
#17557=DIRECTION('',(0.,0.,1.));
#17558=DIRECTION('',(0.,-1.,0.));
#17559=DIRECTION('center_axis',(0.,-1.,0.));
#17560=DIRECTION('ref_axis',(1.,0.,0.));
#17561=DIRECTION('',(0.,0.,1.));
#17562=DIRECTION('',(1.,0.,0.));
#17563=DIRECTION('',(0.,0.,1.));
#17564=DIRECTION('center_axis',(-1.,0.,0.));
#17565=DIRECTION('ref_axis',(0.,-1.,0.));
#17566=DIRECTION('',(0.,0.,1.));
#17567=DIRECTION('',(0.,-1.,0.));
#17568=DIRECTION('center_axis',(0.,1.,0.));
#17569=DIRECTION('ref_axis',(-1.,0.,0.));
#17570=DIRECTION('',(0.,0.,1.));
#17571=DIRECTION('',(-1.,0.,0.));
#17572=DIRECTION('',(0.,0.,1.));
#17573=DIRECTION('center_axis',(1.,-3.44923658135971E-15,0.));
#17574=DIRECTION('ref_axis',(3.44923658135971E-15,1.,0.));
#17575=DIRECTION('',(0.,0.,1.));
#17576=DIRECTION('',(3.44923658135971E-15,1.,0.));
#17577=DIRECTION('center_axis',(0.,1.,0.));
#17578=DIRECTION('ref_axis',(-1.,0.,0.));
#17579=DIRECTION('',(0.,0.,1.));
#17580=DIRECTION('',(-1.,0.,0.));
#17581=DIRECTION('',(0.,0.,1.));
#17582=DIRECTION('center_axis',(1.,0.,0.));
#17583=DIRECTION('ref_axis',(0.,1.,0.));
#17584=DIRECTION('',(0.,0.,1.));
#17585=DIRECTION('',(0.,1.,0.));
#17586=DIRECTION('center_axis',(-5.63922806158811E-15,-1.,0.));
#17587=DIRECTION('ref_axis',(1.,-5.63922806158811E-15,0.));
#17588=DIRECTION('',(0.,0.,1.));
#17589=DIRECTION('',(1.,-5.63922806158811E-15,0.));
#17590=DIRECTION('',(0.,0.,1.));
#17591=DIRECTION('center_axis',(-1.,3.44923658135971E-15,0.));
#17592=DIRECTION('ref_axis',(-3.44923658135971E-15,-1.,0.));
#17593=DIRECTION('',(0.,0.,1.));
#17594=DIRECTION('',(-3.44923658135971E-15,-1.,0.));
#17595=DIRECTION('center_axis',(-2.27738056333366E-15,-1.,0.));
#17596=DIRECTION('ref_axis',(1.,-2.27738056333366E-15,0.));
#17597=DIRECTION('',(0.,0.,1.));
#17598=DIRECTION('',(1.,-2.27738056333366E-15,0.));
#17599=DIRECTION('',(0.,0.,1.));
#17600=DIRECTION('center_axis',(-1.,0.,0.));
#17601=DIRECTION('ref_axis',(0.,-1.,0.));
#17602=DIRECTION('',(0.,0.,1.));
#17603=DIRECTION('',(0.,-1.,0.));
#17604=DIRECTION('center_axis',(0.,-1.,0.));
#17605=DIRECTION('ref_axis',(1.,0.,0.));
#17606=DIRECTION('',(0.,0.,1.));
#17607=DIRECTION('',(1.,0.,0.));
#17608=DIRECTION('',(0.,0.,1.));
#17609=DIRECTION('center_axis',(-1.,0.,0.));
#17610=DIRECTION('ref_axis',(0.,-1.,0.));
#17611=DIRECTION('',(0.,0.,1.));
#17612=DIRECTION('',(0.,-1.,0.));
#17613=DIRECTION('center_axis',(3.35161667811368E-15,-1.,0.));
#17614=DIRECTION('ref_axis',(1.,3.35161667811368E-15,0.));
#17615=DIRECTION('',(0.,0.,1.));
#17616=DIRECTION('',(1.,3.35161667811368E-15,0.));
#17617=DIRECTION('',(0.,0.,1.));
#17618=DIRECTION('center_axis',(-1.,0.,0.));
#17619=DIRECTION('ref_axis',(0.,-1.,0.));
#17620=DIRECTION('',(0.,0.,1.));
#17621=DIRECTION('',(0.,-1.,0.));
#17622=DIRECTION('center_axis',(2.27738056333366E-15,-1.,0.));
#17623=DIRECTION('ref_axis',(1.,2.27738056333366E-15,0.));
#17624=DIRECTION('',(0.,0.,1.));
#17625=DIRECTION('',(1.,2.27738056333366E-15,0.));
#17626=DIRECTION('',(0.,0.,1.));
#17627=DIRECTION('center_axis',(-1.,0.,0.));
#17628=DIRECTION('ref_axis',(0.,-1.,0.));
#17629=DIRECTION('',(0.,0.,1.));
#17630=DIRECTION('',(0.,-1.,0.));
#17631=DIRECTION('center_axis',(-5.63922806158807E-15,1.,0.));
#17632=DIRECTION('ref_axis',(-1.,-5.63922806158807E-15,0.));
#17633=DIRECTION('',(0.,0.,1.));
#17634=DIRECTION('',(-1.,-5.63922806158807E-15,0.));
#17635=DIRECTION('',(0.,0.,1.));
#17636=DIRECTION('center_axis',(1.,0.,0.));
#17637=DIRECTION('ref_axis',(0.,1.,0.));
#17638=DIRECTION('',(0.,0.,1.));
#17639=DIRECTION('',(0.,1.,0.));
#17640=DIRECTION('center_axis',(5.63922806158807E-15,1.,0.));
#17641=DIRECTION('ref_axis',(-1.,5.63922806158807E-15,0.));
#17642=DIRECTION('',(0.,0.,1.));
#17643=DIRECTION('',(-1.,5.63922806158807E-15,0.));
#17644=DIRECTION('',(0.,0.,1.));
#17645=DIRECTION('center_axis',(1.,0.,0.));
#17646=DIRECTION('ref_axis',(0.,1.,0.));
#17647=DIRECTION('',(0.,0.,1.));
#17648=DIRECTION('',(0.,1.,0.));
#17649=DIRECTION('center_axis',(0.,-1.,0.));
#17650=DIRECTION('ref_axis',(1.,0.,0.));
#17651=DIRECTION('',(0.,0.,1.));
#17652=DIRECTION('',(1.,0.,0.));
#17653=DIRECTION('',(0.,0.,1.));
#17654=DIRECTION('center_axis',(-1.,-1.12784561231762E-14,0.));
#17655=DIRECTION('ref_axis',(1.12784561231762E-14,-1.,0.));
#17656=DIRECTION('',(0.,0.,1.));
#17657=DIRECTION('',(1.12784561231762E-14,-1.,0.));
#17658=DIRECTION('center_axis',(-2.27738056333366E-15,-1.,0.));
#17659=DIRECTION('ref_axis',(1.,-2.27738056333366E-15,0.));
#17660=DIRECTION('',(0.,0.,1.));
#17661=DIRECTION('',(1.,-2.27738056333366E-15,0.));
#17662=DIRECTION('',(0.,0.,1.));
#17663=DIRECTION('center_axis',(-1.,-5.63922806158811E-15,0.));
#17664=DIRECTION('ref_axis',(5.63922806158811E-15,-1.,0.));
#17665=DIRECTION('',(0.,0.,1.));
#17666=DIRECTION('',(5.63922806158811E-15,-1.,0.));
#17667=DIRECTION('center_axis',(0.,-1.,0.));
#17668=DIRECTION('ref_axis',(1.,0.,0.));
#17669=DIRECTION('',(0.,0.,1.));
#17670=DIRECTION('',(1.,0.,0.));
#17671=DIRECTION('',(0.,0.,1.));
#17672=DIRECTION('center_axis',(-1.,-5.63922806158807E-15,0.));
#17673=DIRECTION('ref_axis',(5.63922806158807E-15,-1.,0.));
#17674=DIRECTION('',(0.,0.,1.));
#17675=DIRECTION('',(5.63922806158807E-15,-1.,0.));
#17676=DIRECTION('center_axis',(-1.,-4.80096443081149E-16,0.));
#17677=DIRECTION('ref_axis',(4.80096443081149E-16,-1.,0.));
#17678=DIRECTION('',(0.,0.,1.));
#17679=DIRECTION('',(4.80096443081149E-16,-1.,0.));
#17680=DIRECTION('',(0.,0.,1.));
#17681=DIRECTION('center_axis',(0.,1.,0.));
#17682=DIRECTION('ref_axis',(-1.,0.,0.));
#17683=DIRECTION('',(0.,0.,1.));
#17684=DIRECTION('',(-1.,0.,0.));
#17685=DIRECTION('center_axis',(1.,0.,0.));
#17686=DIRECTION('ref_axis',(0.,1.,0.));
#17687=DIRECTION('',(0.,0.,1.));
#17688=DIRECTION('',(0.,1.,0.));
#17689=DIRECTION('center_axis',(0.,-1.,0.));
#17690=DIRECTION('ref_axis',(1.,0.,0.));
#17691=DIRECTION('',(1.,0.,0.));
#17692=DIRECTION('center_axis',(0.,0.,1.));
#17693=DIRECTION('ref_axis',(1.,0.,0.));
#17694=DIRECTION('',(1.,0.,0.));
#17695=DIRECTION('',(-4.93432455388958E-16,1.,0.));
#17696=DIRECTION('',(-1.,0.,0.));
#17697=DIRECTION('',(0.,-1.,0.));
#17698=DIRECTION('center_axis',(-1.,0.,0.));
#17699=DIRECTION('ref_axis',(0.,-1.,0.));
#17700=DIRECTION('',(0.,0.,1.));
#17701=DIRECTION('',(0.,-1.,0.));
#17702=DIRECTION('',(0.,0.,1.));
#17703=DIRECTION('center_axis',(0.,1.,0.));
#17704=DIRECTION('ref_axis',(-1.,0.,0.));
#17705=DIRECTION('',(0.,0.,1.));
#17706=DIRECTION('',(-1.,0.,0.));
#17707=DIRECTION('center_axis',(1.,-4.80096443081149E-16,0.));
#17708=DIRECTION('ref_axis',(4.80096443081149E-16,1.,0.));
#17709=DIRECTION('',(0.,0.,1.));
#17710=DIRECTION('',(4.80096443081149E-16,1.,0.));
#17711=DIRECTION('center_axis',(7.105427357601E-15,-1.,0.));
#17712=DIRECTION('ref_axis',(1.,7.105427357601E-15,0.));
#17713=DIRECTION('',(1.,7.105427357601E-15,0.));
#17714=DIRECTION('center_axis',(0.,0.,1.));
#17715=DIRECTION('ref_axis',(1.,0.,0.));
#17716=DIRECTION('',(-1.,-1.18423789293351E-14,0.));
#17717=DIRECTION('',(-4.93432455388958E-16,-1.,0.));
#17718=DIRECTION('',(1.,0.,0.));
#17719=DIRECTION('',(0.,1.,0.));
#17720=DIRECTION('center_axis',(-1.,1.26882631385732E-15,0.));
#17721=DIRECTION('ref_axis',(-1.26882631385732E-15,-1.,0.));
#17722=DIRECTION('',(0.,0.,1.));
#17723=DIRECTION('',(-1.26882631385732E-15,-1.,0.));
#17724=DIRECTION('',(0.,0.,1.));
#17725=DIRECTION('center_axis',(0.,1.,0.));
#17726=DIRECTION('ref_axis',(-1.,0.,0.));
#17727=DIRECTION('',(0.,0.,1.));
#17728=DIRECTION('',(-1.,0.,0.));
#17729=DIRECTION('center_axis',(1.,2.53765262771464E-15,0.));
#17730=DIRECTION('ref_axis',(-2.53765262771464E-15,1.,0.));
#17731=DIRECTION('',(0.,0.,1.));
#17732=DIRECTION('',(-2.53765262771464E-15,1.,0.));
#17733=DIRECTION('center_axis',(0.,-1.,0.));
#17734=DIRECTION('ref_axis',(1.,0.,0.));
#17735=DIRECTION('',(1.,0.,0.));
#17736=DIRECTION('center_axis',(0.,0.,1.));
#17737=DIRECTION('ref_axis',(1.,0.,0.));
#17738=DIRECTION('',(2.73285667600039E-15,-1.,0.));
#17739=DIRECTION('',(1.,0.,0.));
#17740=DIRECTION('',(1.36642833800019E-15,1.,0.));
#17741=DIRECTION('',(-1.,0.,0.));
#17742=DIRECTION('center_axis',(0.,1.,0.));
#17743=DIRECTION('ref_axis',(-1.,0.,0.));
#17744=DIRECTION('',(0.,0.,1.));
#17745=DIRECTION('',(-1.,0.,0.));
#17746=DIRECTION('',(0.,0.,1.));
#17747=DIRECTION('center_axis',(1.,4.93432455388958E-16,0.));
#17748=DIRECTION('ref_axis',(-4.93432455388958E-16,1.,0.));
#17749=DIRECTION('',(0.,0.,1.));
#17750=DIRECTION('',(-4.93432455388958E-16,1.,0.));
#17751=DIRECTION('center_axis',(0.,-1.,0.));
#17752=DIRECTION('ref_axis',(1.,0.,0.));
#17753=DIRECTION('',(0.,0.,1.));
#17754=DIRECTION('',(1.,0.,0.));
#17755=DIRECTION('',(0.,0.,1.));
#17756=DIRECTION('center_axis',(-1.,4.93432455388958E-16,0.));
#17757=DIRECTION('ref_axis',(-4.93432455388958E-16,-1.,0.));
#17758=DIRECTION('',(0.,0.,1.));
#17759=DIRECTION('',(-4.93432455388958E-16,-1.,0.));
#17760=DIRECTION('center_axis',(1.,-1.36642833800019E-15,0.));
#17761=DIRECTION('ref_axis',(1.36642833800019E-15,1.,0.));
#17762=DIRECTION('',(0.,0.,1.));
#17763=DIRECTION('',(1.36642833800019E-15,1.,0.));
#17764=DIRECTION('',(0.,0.,1.));
#17765=DIRECTION('center_axis',(0.,-1.,0.));
#17766=DIRECTION('ref_axis',(1.,0.,0.));
#17767=DIRECTION('',(0.,0.,1.));
#17768=DIRECTION('',(1.,0.,0.));
#17769=DIRECTION('center_axis',(-0.707106781186549,0.,-0.707106781186546));
#17770=DIRECTION('ref_axis',(-0.707106781186546,0.,0.707106781186549));
#17771=DIRECTION('',(0.707106781186546,0.,-0.707106781186549));
#17772=DIRECTION('',(1.65513565267774E-13,-1.,0.));
#17773=DIRECTION('',(-0.707106781188316,-1.94235679596279E-7,0.707106781184752));
#17774=DIRECTION('center_axis',(0.,0.,-1.));
#17775=DIRECTION('ref_axis',(0.999999999999962,-2.74692979799623E-7,0.));
#17776=DIRECTION('center_axis',(0.,0.,-1.));
#17777=DIRECTION('ref_axis',(0.999999999999982,-1.89450766660627E-7,0.));
#17778=DIRECTION('center_axis',(0.,0.,-1.));
#17779=DIRECTION('ref_axis',(2.74692987792223E-7,0.999999999999962,0.));
#17780=DIRECTION('',(-0.707106781186539,-1.94237274810705E-7,-0.707106781186529));
#17781=DIRECTION('center_axis',(0.,0.,-1.));
#17782=DIRECTION('ref_axis',(1.8945077217298E-7,0.999999999999982,0.));
#17783=DIRECTION('center_axis',(0.707106781186549,-2.06048879092359E-15,
-0.707106781186546));
#17784=DIRECTION('ref_axis',(-0.707106781186546,0.,-0.707106781186549));
#17785=DIRECTION('',(-0.707106781186546,0.,-0.707106781186549));
#17786=DIRECTION('',(1.45698560975164E-15,1.,0.));
#17787=DIRECTION('center_axis',(0.,0.,-1.));
#17788=DIRECTION('ref_axis',(-0.999999999999962,2.7469072988021E-7,0.));
#17789=DIRECTION('center_axis',(0.,0.,-1.));
#17790=DIRECTION('ref_axis',(-0.999999999999982,1.89449214932012E-7,0.));
#17791=DIRECTION('center_axis',(1.07114315410428E-13,0.707106781186549,
-0.707106781186546));
#17792=DIRECTION('ref_axis',(-1.,0.,-1.51482517577737E-13));
#17793=DIRECTION('',(-1.,1.5016298467813E-13,0.));
#17794=DIRECTION('center_axis',(0.,0.,-1.));
#17795=DIRECTION('ref_axis',(-2.74692987791604E-7,-0.999999999999962,0.));
#17796=DIRECTION('center_axis',(0.,0.,-1.));
#17797=DIRECTION('ref_axis',(-1.89450816271545E-7,-0.999999999999982,0.));
#17798=DIRECTION('center_axis',(-2.22044604925032E-15,1.,0.));
#17799=DIRECTION('ref_axis',(-1.,-2.22044604925032E-15,0.));
#17800=DIRECTION('',(0.,0.,1.));
#17801=DIRECTION('',(-1.,-2.22044604925032E-15,0.));
#17802=DIRECTION('center_axis',(1.,0.,0.));
#17803=DIRECTION('ref_axis',(0.,1.,0.));
#17804=DIRECTION('',(0.,1.,0.));
#17805=DIRECTION('center_axis',(0.,1.,0.));
#17806=DIRECTION('ref_axis',(-1.,0.,0.));
#17807=DIRECTION('',(0.,0.,1.));
#17808=DIRECTION('',(-1.,0.,0.));
#17809=DIRECTION('center_axis',(1.,5.63922806158807E-15,0.));
#17810=DIRECTION('ref_axis',(-5.63922806158807E-15,1.,0.));
#17811=DIRECTION('',(-5.63922806158807E-15,1.,0.));
#17812=DIRECTION('center_axis',(0.,0.,1.));
#17813=DIRECTION('ref_axis',(-1.,0.,0.));
#17814=DIRECTION('center_axis',(0.,0.,-1.));
#17815=DIRECTION('ref_axis',(-1.,0.,0.));
#17816=DIRECTION('',(0.,0.,-1.));
#17817=DIRECTION('center_axis',(1.,3.5527136788005E-15,0.));
#17818=DIRECTION('ref_axis',(-3.5527136788005E-15,1.,0.));
#17819=DIRECTION('',(0.,0.,1.));
#17820=DIRECTION('',(-3.5527136788005E-15,1.,0.));
#17821=DIRECTION('center_axis',(0.,-1.,0.));
#17822=DIRECTION('ref_axis',(1.,0.,0.));
#17823=DIRECTION('',(1.,0.,0.));
#17824=DIRECTION('center_axis',(0.,1.,0.));
#17825=DIRECTION('ref_axis',(-1.,0.,0.));
#17826=DIRECTION('',(0.,0.,1.));
#17827=DIRECTION('',(-1.,0.,0.));
#17828=DIRECTION('center_axis',(1.,0.,0.));
#17829=DIRECTION('ref_axis',(0.,1.,0.));
#17830=DIRECTION('',(0.,1.,0.));
#17831=DIRECTION('center_axis',(0.,1.,0.));
#17832=DIRECTION('ref_axis',(-1.,0.,0.));
#17833=DIRECTION('',(0.,0.,1.));
#17834=DIRECTION('',(-1.,0.,0.));
#17835=DIRECTION('center_axis',(1.,0.,0.));
#17836=DIRECTION('ref_axis',(0.,1.,0.));
#17837=DIRECTION('',(0.,1.,0.));
#17838=DIRECTION('center_axis',(0.,0.,1.));
#17839=DIRECTION('ref_axis',(-1.,0.,0.));
#17840=DIRECTION('center_axis',(0.,0.,-1.));
#17841=DIRECTION('ref_axis',(-1.,0.,0.));
#17842=DIRECTION('',(0.,0.,-1.));
#17843=DIRECTION('center_axis',(0.,0.,1.));
#17844=DIRECTION('ref_axis',(-1.,0.,0.));
#17845=DIRECTION('center_axis',(0.,0.,-1.));
#17846=DIRECTION('ref_axis',(-1.,0.,0.));
#17847=DIRECTION('',(0.,0.,-1.));
#17848=DIRECTION('center_axis',(0.,1.,0.));
#17849=DIRECTION('ref_axis',(-1.,0.,0.));
#17850=DIRECTION('',(0.,0.,1.));
#17851=DIRECTION('',(-1.,0.,0.));
#17852=DIRECTION('center_axis',(1.,0.,0.));
#17853=DIRECTION('ref_axis',(0.,1.,0.));
#17854=DIRECTION('',(0.,1.,0.));
#17855=DIRECTION('center_axis',(0.,-1.,0.));
#17856=DIRECTION('ref_axis',(1.,0.,0.));
#17857=DIRECTION('',(0.,0.,1.));
#17858=DIRECTION('',(1.,0.,0.));
#17859=DIRECTION('center_axis',(-1.,0.,0.));
#17860=DIRECTION('ref_axis',(0.,-1.,0.));
#17861=DIRECTION('',(0.,-1.,0.));
#17862=DIRECTION('center_axis',(0.,1.,0.));
#17863=DIRECTION('ref_axis',(-1.,0.,0.));
#17864=DIRECTION('',(0.,0.,1.));
#17865=DIRECTION('',(-1.,0.,0.));
#17866=DIRECTION('center_axis',(1.,0.,0.));
#17867=DIRECTION('ref_axis',(0.,1.,0.));
#17868=DIRECTION('',(0.,1.,0.));
#17869=DIRECTION('center_axis',(0.,1.,0.));
#17870=DIRECTION('ref_axis',(-1.,0.,0.));
#17871=DIRECTION('',(0.,0.,1.));
#17872=DIRECTION('',(-1.,0.,0.));
#17873=DIRECTION('center_axis',(1.,0.,0.));
#17874=DIRECTION('ref_axis',(0.,1.,0.));
#17875=DIRECTION('',(0.,1.,0.));
#17876=DIRECTION('center_axis',(0.,0.,1.));
#17877=DIRECTION('ref_axis',(-1.,0.,0.));
#17878=DIRECTION('center_axis',(0.,0.,-1.));
#17879=DIRECTION('ref_axis',(-1.,0.,0.));
#17880=DIRECTION('',(0.,0.,-1.));
#17881=DIRECTION('center_axis',(-1.18423789293351E-14,1.,0.));
#17882=DIRECTION('ref_axis',(-1.,-1.18423789293351E-14,0.));
#17883=DIRECTION('',(0.,0.,1.));
#17884=DIRECTION('',(-1.,-1.18423789293351E-14,0.));
#17885=DIRECTION('center_axis',(1.,0.,0.));
#17886=DIRECTION('ref_axis',(0.,1.,0.));
#17887=DIRECTION('',(0.,1.,0.));
#17888=DIRECTION('center_axis',(0.,1.,0.));
#17889=DIRECTION('ref_axis',(-1.,0.,0.));
#17890=DIRECTION('',(0.,0.,1.));
#17891=DIRECTION('',(-1.,0.,0.));
#17892=DIRECTION('center_axis',(1.,0.,0.));
#17893=DIRECTION('ref_axis',(0.,1.,0.));
#17894=DIRECTION('',(0.,1.,0.));
#17895=DIRECTION('center_axis',(5.63922806158814E-15,-1.,0.));
#17896=DIRECTION('ref_axis',(1.,5.63922806158814E-15,0.));
#17897=DIRECTION('',(0.,0.,1.));
#17898=DIRECTION('',(1.,5.63922806158814E-15,0.));
#17899=DIRECTION('center_axis',(-1.,-6.70323335622735E-15,0.));
#17900=DIRECTION('ref_axis',(6.70323335622735E-15,-1.,0.));
#17901=DIRECTION('',(6.70323335622735E-15,-1.,0.));
#17902=DIRECTION('center_axis',(0.,1.,0.));
#17903=DIRECTION('ref_axis',(-1.,0.,0.));
#17904=DIRECTION('',(0.,0.,1.));
#17905=DIRECTION('',(-1.,0.,0.));
#17906=DIRECTION('center_axis',(1.,0.,0.));
#17907=DIRECTION('ref_axis',(0.,1.,0.));
#17908=DIRECTION('',(0.,1.,0.));
#17909=DIRECTION('center_axis',(0.,1.,0.));
#17910=DIRECTION('ref_axis',(-1.,0.,0.));
#17911=DIRECTION('',(0.,0.,1.));
#17912=DIRECTION('',(-1.,0.,0.));
#17913=DIRECTION('center_axis',(1.,2.22044604925032E-15,0.));
#17914=DIRECTION('ref_axis',(-2.22044604925032E-15,1.,0.));
#17915=DIRECTION('',(-2.22044604925032E-15,1.,0.));
#17916=DIRECTION('center_axis',(0.,1.,0.));
#17917=DIRECTION('ref_axis',(-1.,0.,0.));
#17918=DIRECTION('',(0.,0.,1.));
#17919=DIRECTION('',(-1.,0.,0.));
#17920=DIRECTION('center_axis',(1.,0.,0.));
#17921=DIRECTION('ref_axis',(0.,1.,0.));
#17922=DIRECTION('',(0.,1.,0.));
#17923=DIRECTION('center_axis',(0.,-1.,0.));
#17924=DIRECTION('ref_axis',(1.,0.,0.));
#17925=DIRECTION('',(0.,0.,1.));
#17926=DIRECTION('',(1.,0.,0.));
#17927=DIRECTION('center_axis',(-1.,0.,0.));
#17928=DIRECTION('ref_axis',(0.,-1.,0.));
#17929=DIRECTION('',(0.,-1.,0.));
#17930=DIRECTION('center_axis',(-3.35161667811368E-15,1.,0.));
#17931=DIRECTION('ref_axis',(-1.,-3.35161667811368E-15,0.));
#17932=DIRECTION('',(0.,0.,1.));
#17933=DIRECTION('',(-1.,-3.35161667811368E-15,0.));
#17934=DIRECTION('center_axis',(1.,0.,0.));
#17935=DIRECTION('ref_axis',(0.,1.,0.));
#17936=DIRECTION('',(0.,1.,0.));
#17937=DIRECTION('center_axis',(0.,1.,0.));
#17938=DIRECTION('ref_axis',(-1.,0.,0.));
#17939=DIRECTION('',(0.,0.,1.));
#17940=DIRECTION('',(-1.,0.,0.));
#17941=DIRECTION('center_axis',(1.,0.,0.));
#17942=DIRECTION('ref_axis',(0.,1.,0.));
#17943=DIRECTION('',(0.,1.,0.));
#17944=DIRECTION('center_axis',(0.,-1.,0.));
#17945=DIRECTION('ref_axis',(1.,0.,0.));
#17946=DIRECTION('',(0.,0.,1.));
#17947=DIRECTION('',(1.,0.,0.));
#17948=DIRECTION('center_axis',(-1.,0.,0.));
#17949=DIRECTION('ref_axis',(0.,-1.,0.));
#17950=DIRECTION('',(0.,-1.,0.));
#17951=DIRECTION('center_axis',(0.,-1.,0.));
#17952=DIRECTION('ref_axis',(1.,0.,0.));
#17953=DIRECTION('',(0.,0.,1.));
#17954=DIRECTION('',(1.,0.,0.));
#17955=DIRECTION('center_axis',(-1.,0.,0.));
#17956=DIRECTION('ref_axis',(0.,-1.,0.));
#17957=DIRECTION('',(0.,-1.,0.));
#17958=DIRECTION('center_axis',(-1.,-2.73285667600039E-15,0.));
#17959=DIRECTION('ref_axis',(2.73285667600039E-15,-1.,0.));
#17960=DIRECTION('',(0.,0.,1.));
#17961=DIRECTION('',(2.73285667600039E-15,-1.,0.));
#17962=DIRECTION('center_axis',(0.,1.,0.));
#17963=DIRECTION('ref_axis',(-1.,0.,0.));
#17964=DIRECTION('',(-1.,0.,0.));
#17965=DIRECTION('center_axis',(0.,0.,1.));
#17966=DIRECTION('ref_axis',(0.999999999999982,-1.89450766660627E-7,0.));
#17967=DIRECTION('center_axis',(0.,0.,1.));
#17968=DIRECTION('ref_axis',(0.999999999999982,-1.89450766660627E-7,0.));
#17969=DIRECTION('',(0.,0.,1.));
#17970=DIRECTION('center_axis',(1.,1.65513565267774E-13,0.));
#17971=DIRECTION('ref_axis',(-1.65513565267774E-13,1.,0.));
#17972=DIRECTION('',(-1.65513565267774E-13,1.,0.));
#17973=DIRECTION('',(0.,0.,1.));
#17974=DIRECTION('center_axis',(0.,0.,1.));
#17975=DIRECTION('ref_axis',(-1.89450816271545E-7,-0.999999999999982,0.));
#17976=DIRECTION('center_axis',(0.,0.,1.));
#17977=DIRECTION('ref_axis',(-1.89450816271545E-7,-0.999999999999982,0.));
#17978=DIRECTION('',(0.,0.,1.));
#17979=DIRECTION('center_axis',(-1.5016298467813E-13,-1.,0.));
#17980=DIRECTION('ref_axis',(1.,-1.5016298467813E-13,0.));
#17981=DIRECTION('',(1.,-1.5016298467813E-13,0.));
#17982=DIRECTION('',(0.,0.,1.));
#17983=DIRECTION('center_axis',(0.,0.,1.));
#17984=DIRECTION('ref_axis',(-0.999999999999982,1.89449214932012E-7,0.));
#17985=DIRECTION('center_axis',(0.,0.,1.));
#17986=DIRECTION('ref_axis',(-0.999999999999982,1.89449214932012E-7,0.));
#17987=DIRECTION('',(0.,0.,1.));
#17988=DIRECTION('center_axis',(-1.,1.45698560975164E-15,0.));
#17989=DIRECTION('ref_axis',(-1.45698560975164E-15,-1.,0.));
#17990=DIRECTION('',(-1.45698560975164E-15,-1.,0.));
#17991=DIRECTION('',(0.,0.,1.));
#17992=DIRECTION('center_axis',(0.,0.,1.));
#17993=DIRECTION('ref_axis',(1.8945077217298E-7,0.999999999999982,0.));
#17994=DIRECTION('center_axis',(0.,0.,1.));
#17995=DIRECTION('ref_axis',(1.8945077217298E-7,0.999999999999982,0.));
#17996=DIRECTION('center_axis',(0.,0.,1.));
#17997=DIRECTION('ref_axis',(-1.,0.,0.));
#17998=DIRECTION('',(0.,0.,1.));
#17999=DIRECTION('',(1.,0.,0.));
#18000=DIRECTION('',(0.,0.,1.));
#18001=DIRECTION('',(1.,0.,0.));
#18002=CARTESIAN_POINT('',(0.,0.,0.));
#18003=CARTESIAN_POINT('',(0.,0.,0.));
#18004=CARTESIAN_POINT('Origin',(69.416,-2.,-0.4));
#18005=CARTESIAN_POINT('',(62.7452645603379,0.,1.6));
#18006=CARTESIAN_POINT('',(61.916,-2.,-0.4));
#18007=CARTESIAN_POINT('Origin',(69.416,-4.1650635094611,-2.5650635094611));
#18008=CARTESIAN_POINT('',(63.0255025805404,1.,1.6));
#18009=CARTESIAN_POINT('Ctrl Pts',(63.0255025805404,1.,1.6));
#18010=CARTESIAN_POINT('Ctrl Pts',(62.8881320387691,0.510727854837134,1.6));
#18011=CARTESIAN_POINT('Ctrl Pts',(62.7452645603379,0.,1.6));
#18012=CARTESIAN_POINT('',(75.8064974194596,1.,1.6));
#18013=CARTESIAN_POINT('Origin',(69.416,1.,-0.4));
#18014=CARTESIAN_POINT('',(76.0867354396621,0.,1.6));
#18015=CARTESIAN_POINT('Ctrl Pts',(76.0867354396621,0.,1.6));
#18016=CARTESIAN_POINT('Ctrl Pts',(75.9438679612309,0.510727854837133,1.6));
#18017=CARTESIAN_POINT('Ctrl Pts',(75.8064974194596,1.,1.6));
#18018=CARTESIAN_POINT('',(76.916,-2.,-0.4));
#18019=CARTESIAN_POINT('Origin',(69.416,-4.1650635094611,-2.5650635094611));
#18020=CARTESIAN_POINT('Origin',(69.416,-2.,-0.4));
#18021=CARTESIAN_POINT('Origin',(41.138,1.,3.35));
#18022=CARTESIAN_POINT('',(42.069,1.,1.6));
#18023=CARTESIAN_POINT('Origin',(12.86,-2.,-0.4));
#18024=CARTESIAN_POINT('',(6.18926456033787,0.,1.6));
#18025=CARTESIAN_POINT('',(5.36,-2.,-0.399999999999998));
#18026=CARTESIAN_POINT('Origin',(12.86,-4.1650635094611,-2.5650635094611));
#18027=CARTESIAN_POINT('',(6.46950258054039,1.,1.6));
#18028=CARTESIAN_POINT('Ctrl Pts',(6.46950258054039,1.,1.6));
#18029=CARTESIAN_POINT('Ctrl Pts',(6.33213203876945,0.51072785483836,1.6));
#18030=CARTESIAN_POINT('Ctrl Pts',(6.18926456033787,0.,1.6));
#18031=CARTESIAN_POINT('',(19.2504974194596,1.,1.6));
#18032=CARTESIAN_POINT('Origin',(12.86,1.,-0.4));
#18033=CARTESIAN_POINT('',(19.5307354396621,0.,1.6));
#18034=CARTESIAN_POINT('Ctrl Pts',(19.5307354396621,0.,1.6));
#18035=CARTESIAN_POINT('Ctrl Pts',(19.3878679612305,0.51072785483842,1.6));
#18036=CARTESIAN_POINT('Ctrl Pts',(19.2504974194596,1.,1.6));
#18037=CARTESIAN_POINT('',(20.36,-2.,-0.4));
#18038=CARTESIAN_POINT('Origin',(12.86,-4.1650635094611,-2.5650635094611));
#18039=CARTESIAN_POINT('Origin',(12.86,-2.,-0.4));
#18040=CARTESIAN_POINT('Origin',(41.138,1.,3.35));
#18041=CARTESIAN_POINT('',(42.069,1.,1.6));
#18042=CARTESIAN_POINT('Origin',(56.5714296933671,-2.,1.6));
#18043=CARTESIAN_POINT('',(84.0714296933671,-2.,-0.4));
#18044=CARTESIAN_POINT('',(56.5714296933671,-2.,-0.4));
#18045=CARTESIAN_POINT('',(84.0714296933671,-2.,12.6));
#18046=CARTESIAN_POINT('',(84.0714296933671,-2.,1.6));
#18047=CARTESIAN_POINT('',(56.5714296933671,-2.,12.6));
#18048=CARTESIAN_POINT('',(56.5714296933671,-2.,12.6));
#18049=CARTESIAN_POINT('',(56.5714296933671,-2.,-0.4));
#18050=CARTESIAN_POINT('',(56.5714296933671,-2.,1.6));
#18051=CARTESIAN_POINT('',(56.5714296933671,-2.,-0.4));
#18052=CARTESIAN_POINT('Origin',(49.75,-1.,0.6));
#18053=CARTESIAN_POINT('',(84.,0.,1.6));
#18054=CARTESIAN_POINT('',(49.75,0.,1.6));
#18055=CARTESIAN_POINT('',(84.0714296933671,-2.,-0.4));
#18056=CARTESIAN_POINT('Origin',(49.75,-1.,0.6));
#18057=CARTESIAN_POINT('',(56.5,0.,1.6));
#18058=CARTESIAN_POINT('',(56.5714296933671,-2.,-0.4));
#18059=CARTESIAN_POINT('',(49.75,0.,1.6));
#18060=CARTESIAN_POINT('Origin',(1.92857030663289,-2.,1.6));
#18061=CARTESIAN_POINT('',(25.4285703066329,-2.,-0.4));
#18062=CARTESIAN_POINT('',(1.92857030663289,-2.,-0.4));
#18063=CARTESIAN_POINT('',(25.4285703066329,-2.,12.6));
#18064=CARTESIAN_POINT('',(25.4285703066329,-2.,1.6));
#18065=CARTESIAN_POINT('',(1.92857030663289,-2.,12.6));
#18066=CARTESIAN_POINT('',(1.92857030663289,-2.,12.6));
#18067=CARTESIAN_POINT('',(1.92857030663289,-2.,-0.4));
#18068=CARTESIAN_POINT('',(1.92857030663289,-2.,1.6));
#18069=CARTESIAN_POINT('',(1.92857030663289,-2.,-0.4));
#18070=CARTESIAN_POINT('Origin',(22.5,-1.,0.6));
#18071=CARTESIAN_POINT('',(25.5,0.,1.6));
#18072=CARTESIAN_POINT('',(22.5,0.,1.6));
#18073=CARTESIAN_POINT('',(25.78463,-0.020357,1.579643));
#18074=CARTESIAN_POINT('',(24.085986960437,0.101131516166193,1.70113151616619));
#18075=CARTESIAN_POINT('',(25.8403965485309,-0.0324883017886529,1.56751169821135));
#18076=CARTESIAN_POINT('',(24.4769727510716,0.264107166077615,1.86410716607762));
#18077=CARTESIAN_POINT('',(25.485418346352,-2.,-0.4));
#18078=CARTESIAN_POINT('',(25.5878485615759,-1.4322675435668,0.1677324564332));
#18079=CARTESIAN_POINT('',(22.5,-2.,-0.4));
#18080=CARTESIAN_POINT('Origin',(22.5,-1.,0.6));
#18081=CARTESIAN_POINT('',(2.,0.,1.6));
#18082=CARTESIAN_POINT('',(1.92857030663288,-2.,-0.4));
#18083=CARTESIAN_POINT('',(22.5,0.,1.6));
#18084=CARTESIAN_POINT('Origin',(12.86,38.,-0.4));
#18085=CARTESIAN_POINT('',(19.5307354396621,36.,1.6));
#18086=CARTESIAN_POINT('',(20.36,38.,-0.399999999999999));
#18087=CARTESIAN_POINT('Origin',(12.86,40.1650635094611,-2.5650635094611));
#18088=CARTESIAN_POINT('',(19.2504974194596,35.,1.6));
#18089=CARTESIAN_POINT('Ctrl Pts',(19.2504974194596,35.,1.6));
#18090=CARTESIAN_POINT('Ctrl Pts',(19.3878679612396,35.489272145194,1.6));
#18091=CARTESIAN_POINT('Ctrl Pts',(19.5307354396621,36.,1.6));
#18092=CARTESIAN_POINT('',(6.46950258054039,35.,1.6));
#18093=CARTESIAN_POINT('Origin',(12.86,35.,-0.4));
#18094=CARTESIAN_POINT('',(6.18926456033787,36.,1.6));
#18095=CARTESIAN_POINT('Ctrl Pts',(6.18926456033787,36.,1.6));
#18096=CARTESIAN_POINT('Ctrl Pts',(6.33213203876009,35.489272145195,1.6));
#18097=CARTESIAN_POINT('Ctrl Pts',(6.46950258054039,35.,1.6));
#18098=CARTESIAN_POINT('',(5.36,38.,-0.4));
#18099=CARTESIAN_POINT('Origin',(12.86,40.1650635094611,-2.5650635094611));
#18100=CARTESIAN_POINT('Origin',(12.86,38.,-0.4));
#18101=CARTESIAN_POINT('Origin',(41.138,35.,3.35));
#18102=CARTESIAN_POINT('',(42.069,35.,1.6));
#18103=CARTESIAN_POINT('Origin',(69.416,38.,-0.4));
#18104=CARTESIAN_POINT('',(76.0867354396621,36.,1.6));
#18105=CARTESIAN_POINT('',(76.916,38.,-0.399999999999999));
#18106=CARTESIAN_POINT('Origin',(69.416,40.1650635094611,-2.5650635094611));
#18107=CARTESIAN_POINT('',(75.8064974194596,35.,1.6));
#18108=CARTESIAN_POINT('Ctrl Pts',(75.806497418251,34.9999999956953,1.6));
#18109=CARTESIAN_POINT('Ctrl Pts',(75.9438679606021,35.489272142915,1.6));
#18110=CARTESIAN_POINT('Ctrl Pts',(76.0867354396621,36.,1.6));
#18111=CARTESIAN_POINT('',(63.0255025805404,35.,1.6));
#18112=CARTESIAN_POINT('Origin',(69.416,35.,-0.4));
#18113=CARTESIAN_POINT('',(62.7452645603379,36.,1.6));
#18114=CARTESIAN_POINT('Ctrl Pts',(62.7452645603379,36.,1.6));
#18115=CARTESIAN_POINT('Ctrl Pts',(62.8881320393979,35.489272142915,1.6));
#18116=CARTESIAN_POINT('Ctrl Pts',(63.025502581749,34.9999999956953,1.6));
#18117=CARTESIAN_POINT('',(61.916,38.,-0.4));
#18118=CARTESIAN_POINT('Origin',(69.416,40.1650635094611,-2.5650635094611));
#18119=CARTESIAN_POINT('Origin',(69.416,38.,-0.4));
#18120=CARTESIAN_POINT('Origin',(41.138,35.,3.35));
#18121=CARTESIAN_POINT('',(42.069,35.,1.6));
#18122=CARTESIAN_POINT('Origin',(84.0714296933671,38.,1.6));
#18123=CARTESIAN_POINT('',(1.92857030663292,38.,-0.4));
#18124=CARTESIAN_POINT('',(84.0714296933671,38.,-0.4));
#18125=CARTESIAN_POINT('',(1.92857030663292,38.,12.6));
#18126=CARTESIAN_POINT('',(1.92857030663292,38.,1.6));
#18127=CARTESIAN_POINT('',(84.0714296933671,38.,12.6));
#18128=CARTESIAN_POINT('',(84.0714296933671,38.,12.6));
#18129=CARTESIAN_POINT('',(84.0714296933671,38.,-0.4));
#18130=CARTESIAN_POINT('',(84.0714296933671,38.,1.6));
#18131=CARTESIAN_POINT('',(84.0714296933671,38.,-0.4));
#18132=CARTESIAN_POINT('',(84.0714296933671,38.,-0.4));
#18133=CARTESIAN_POINT('Origin',(63.5,37.,0.6));
#18134=CARTESIAN_POINT('',(84.,36.,1.6));
#18135=CARTESIAN_POINT('',(84.0714296933671,38.,-0.4));
#18136=CARTESIAN_POINT('',(63.5,36.,1.6));
#18137=CARTESIAN_POINT('Origin',(63.5,37.,0.6));
#18138=CARTESIAN_POINT('',(1.99999999999999,36.,1.6));
#18139=CARTESIAN_POINT('',(63.5,36.,1.6));
#18140=CARTESIAN_POINT('',(1.92857030663292,38.,-0.4));
#18141=CARTESIAN_POINT('Origin',(63.5,37.,0.6));
#18142=CARTESIAN_POINT('',(63.5,36.,1.6));
#18143=CARTESIAN_POINT('Origin',(50.85,13.04,1.6));
#18144=CARTESIAN_POINT('',(50.85,13.04,1.6));
#18145=CARTESIAN_POINT('',(50.85,11.93,1.6));
#18146=CARTESIAN_POINT('',(50.85,10.52,1.6));
#18147=CARTESIAN_POINT('',(50.85,13.04,4.35));
#18148=CARTESIAN_POINT('',(50.85,13.04,1.6));
#18149=CARTESIAN_POINT('',(50.85,11.93,4.35));
#18150=CARTESIAN_POINT('',(50.85,11.93,4.35));
#18151=CARTESIAN_POINT('',(50.85,11.93,1.6));
#18152=CARTESIAN_POINT('Origin',(50.1,13.04,1.6));
#18153=CARTESIAN_POINT('',(50.1,13.04,1.6));
#18154=CARTESIAN_POINT('',(46.55,13.04,1.6));
#18155=CARTESIAN_POINT('',(50.1,13.04,4.35));
#18156=CARTESIAN_POINT('',(50.1,13.04,1.6));
#18157=CARTESIAN_POINT('',(52.6,13.04,4.35));
#18158=CARTESIAN_POINT('Origin',(50.1,19.24,1.6));
#18159=CARTESIAN_POINT('',(50.1,19.24,1.6));
#18160=CARTESIAN_POINT('',(50.1,13.62,1.6));
#18161=CARTESIAN_POINT('',(50.1,19.24,4.35));
#18162=CARTESIAN_POINT('',(50.1,19.24,1.6));
#18163=CARTESIAN_POINT('',(50.1,13.04,4.35));
#18164=CARTESIAN_POINT('Origin',(50.85,19.24,1.6));
#18165=CARTESIAN_POINT('',(50.85,19.24,1.6));
#18166=CARTESIAN_POINT('',(46.925,19.24,1.6));
#18167=CARTESIAN_POINT('',(50.85,19.24,4.35));
#18168=CARTESIAN_POINT('',(50.85,19.24,1.6));
#18169=CARTESIAN_POINT('',(50.1,19.24,4.35));
#18170=CARTESIAN_POINT('Origin',(50.85,20.35,1.6));
#18171=CARTESIAN_POINT('',(50.85,20.35,1.6));
#18172=CARTESIAN_POINT('',(50.85,14.175,1.6));
#18173=CARTESIAN_POINT('',(50.85,20.35,4.35));
#18174=CARTESIAN_POINT('',(50.85,20.35,1.6));
#18175=CARTESIAN_POINT('',(50.85,11.93,4.35));
#18176=CARTESIAN_POINT('Origin',(51.85,20.35,1.6));
#18177=CARTESIAN_POINT('',(51.85,20.35,1.6));
#18178=CARTESIAN_POINT('',(47.425,20.35,1.6));
#18179=CARTESIAN_POINT('',(51.85,20.35,4.35));
#18180=CARTESIAN_POINT('',(51.85,20.35,1.6));
#18181=CARTESIAN_POINT('',(50.85,20.35,4.35));
#18182=CARTESIAN_POINT('Origin',(51.85,19.24,1.6));
#18183=CARTESIAN_POINT('',(51.85,19.24,1.6));
#18184=CARTESIAN_POINT('',(51.85,13.62,1.6));
#18185=CARTESIAN_POINT('',(51.85,19.24,4.35));
#18186=CARTESIAN_POINT('',(51.85,19.24,1.6));
#18187=CARTESIAN_POINT('',(51.85,20.35,4.35));
#18188=CARTESIAN_POINT('Origin',(52.6,19.24,1.6));
#18189=CARTESIAN_POINT('',(52.6,19.24,1.6));
#18190=CARTESIAN_POINT('',(47.8,19.24,1.6));
#18191=CARTESIAN_POINT('',(52.6,19.24,4.35));
#18192=CARTESIAN_POINT('',(52.6,19.24,1.6));
#18193=CARTESIAN_POINT('',(50.1,19.24,4.35));
#18194=CARTESIAN_POINT('Origin',(52.6,13.04,1.6));
#18195=CARTESIAN_POINT('',(52.6,13.04,1.6));
#18196=CARTESIAN_POINT('',(52.6,10.52,1.6));
#18197=CARTESIAN_POINT('',(52.6,13.04,4.35));
#18198=CARTESIAN_POINT('',(52.6,13.04,1.6));
#18199=CARTESIAN_POINT('',(52.6,19.24,4.35));
#18200=CARTESIAN_POINT('Origin',(51.85,13.04,1.6));
#18201=CARTESIAN_POINT('',(51.85,13.04,1.6));
#18202=CARTESIAN_POINT('',(47.425,13.04,1.6));
#18203=CARTESIAN_POINT('',(51.85,13.04,4.35));
#18204=CARTESIAN_POINT('',(51.85,13.04,1.6));
#18205=CARTESIAN_POINT('',(52.6,13.04,4.35));
#18206=CARTESIAN_POINT('Origin',(51.85,11.93,1.6));
#18207=CARTESIAN_POINT('',(51.85,11.93,1.6));
#18208=CARTESIAN_POINT('',(51.85,9.96499999999999,1.6));
#18209=CARTESIAN_POINT('',(51.85,11.93,4.35));
#18210=CARTESIAN_POINT('',(51.85,11.93,1.6));
#18211=CARTESIAN_POINT('',(51.85,20.35,4.35));
#18212=CARTESIAN_POINT('Origin',(50.85,11.93,1.6));
#18213=CARTESIAN_POINT('',(46.925,11.93,1.6));
#18214=CARTESIAN_POINT('',(51.85,11.93,4.35));
#18215=CARTESIAN_POINT('Origin',(51.35,16.14,4.35));
#18216=CARTESIAN_POINT('Origin',(74.624,25.276,1.6));
#18217=CARTESIAN_POINT('',(74.624,25.276,1.6));
#18218=CARTESIAN_POINT('',(74.624,24.276,1.6));
#18219=CARTESIAN_POINT('',(74.624,16.638,1.6));
#18220=CARTESIAN_POINT('',(74.624,25.276,4.35));
#18221=CARTESIAN_POINT('',(74.624,25.276,1.6));
#18222=CARTESIAN_POINT('',(74.624,24.276,4.35));
#18223=CARTESIAN_POINT('',(74.624,24.276,4.35));
#18224=CARTESIAN_POINT('',(74.624,24.276,1.6));
#18225=CARTESIAN_POINT('Origin',(75.734,25.276,1.6));
#18226=CARTESIAN_POINT('',(75.734,25.276,1.6));
#18227=CARTESIAN_POINT('',(59.367,25.276,1.6));
#18228=CARTESIAN_POINT('',(75.734,25.276,4.35));
#18229=CARTESIAN_POINT('',(75.734,25.276,1.6));
#18230=CARTESIAN_POINT('',(74.624,25.276,4.35));
#18231=CARTESIAN_POINT('Origin',(75.734,26.026,1.6));
#18232=CARTESIAN_POINT('',(75.734,26.026,1.6));
#18233=CARTESIAN_POINT('',(75.734,17.013,1.6));
#18234=CARTESIAN_POINT('',(75.734,26.026,4.35));
#18235=CARTESIAN_POINT('',(75.734,26.026,1.6));
#18236=CARTESIAN_POINT('',(75.734,23.526,4.35));
#18237=CARTESIAN_POINT('Origin',(81.934,26.026,1.6));
#18238=CARTESIAN_POINT('',(81.934,26.026,1.6));
#18239=CARTESIAN_POINT('',(62.467,26.026,1.6));
#18240=CARTESIAN_POINT('',(81.934,26.026,4.35));
#18241=CARTESIAN_POINT('',(81.934,26.026,1.6));
#18242=CARTESIAN_POINT('',(75.734,26.026,4.35));
#18243=CARTESIAN_POINT('Origin',(81.934,25.276,1.6));
#18244=CARTESIAN_POINT('',(81.934,25.276,1.6));
#18245=CARTESIAN_POINT('',(81.934,16.638,1.6));
#18246=CARTESIAN_POINT('',(81.934,25.276,4.35));
#18247=CARTESIAN_POINT('',(81.934,25.276,1.6));
#18248=CARTESIAN_POINT('',(81.934,26.026,4.35));
#18249=CARTESIAN_POINT('Origin',(83.0439999999999,25.276,1.6));
#18250=CARTESIAN_POINT('',(83.0439999999999,25.276,1.6));
#18251=CARTESIAN_POINT('',(63.022,25.276,1.6));
#18252=CARTESIAN_POINT('',(83.0439999999999,25.276,4.35));
#18253=CARTESIAN_POINT('',(83.0439999999999,25.276,1.6));
#18254=CARTESIAN_POINT('',(74.624,25.276,4.35));
#18255=CARTESIAN_POINT('Origin',(83.0439999999999,24.276,1.6));
#18256=CARTESIAN_POINT('',(83.0439999999999,24.276,1.6));
#18257=CARTESIAN_POINT('',(83.0439999999999,16.138,1.6));
#18258=CARTESIAN_POINT('',(83.0439999999999,24.276,4.35));
#18259=CARTESIAN_POINT('',(83.0439999999999,24.276,1.6));
#18260=CARTESIAN_POINT('',(83.0439999999999,25.276,4.35));
#18261=CARTESIAN_POINT('Origin',(81.934,24.276,1.6));
#18262=CARTESIAN_POINT('',(81.934,24.276,1.6));
#18263=CARTESIAN_POINT('',(62.467,24.276,1.6));
#18264=CARTESIAN_POINT('',(81.934,24.276,4.35));
#18265=CARTESIAN_POINT('',(81.934,24.276,1.6));
#18266=CARTESIAN_POINT('',(83.0439999999999,24.276,4.35));
#18267=CARTESIAN_POINT('Origin',(81.934,23.526,1.6));
#18268=CARTESIAN_POINT('',(81.934,23.526,1.6));
#18269=CARTESIAN_POINT('',(81.934,15.763,1.6));
#18270=CARTESIAN_POINT('',(81.934,23.526,4.35));
#18271=CARTESIAN_POINT('',(81.934,23.526,1.6));
#18272=CARTESIAN_POINT('',(81.934,26.026,4.35));
#18273=CARTESIAN_POINT('Origin',(75.734,23.526,1.6));
#18274=CARTESIAN_POINT('',(75.734,23.526,1.6));
#18275=CARTESIAN_POINT('',(59.367,23.526,1.6));
#18276=CARTESIAN_POINT('',(75.734,23.526,4.35));
#18277=CARTESIAN_POINT('',(75.734,23.526,1.6));
#18278=CARTESIAN_POINT('',(81.934,23.526,4.35));
#18279=CARTESIAN_POINT('Origin',(75.734,24.276,1.6));
#18280=CARTESIAN_POINT('',(75.734,24.276,1.6));
#18281=CARTESIAN_POINT('',(75.734,16.138,1.6));
#18282=CARTESIAN_POINT('',(75.734,24.276,4.35));
#18283=CARTESIAN_POINT('',(75.734,24.276,1.6));
#18284=CARTESIAN_POINT('',(75.734,23.526,4.35));
#18285=CARTESIAN_POINT('Origin',(74.624,24.276,1.6));
#18286=CARTESIAN_POINT('',(58.812,24.276,1.6));
#18287=CARTESIAN_POINT('',(83.0439999999999,24.276,4.35));
#18288=CARTESIAN_POINT('Origin',(78.834,24.776,4.35));
#18289=CARTESIAN_POINT('Origin',(47.6,13.04,1.6));
#18290=CARTESIAN_POINT('',(47.6,13.04,1.6));
#18291=CARTESIAN_POINT('',(47.6,11.93,1.6));
#18292=CARTESIAN_POINT('',(47.6,10.52,1.6));
#18293=CARTESIAN_POINT('',(47.6,13.04,4.35));
#18294=CARTESIAN_POINT('',(47.6,13.04,1.6));
#18295=CARTESIAN_POINT('',(47.6,11.93,4.35));
#18296=CARTESIAN_POINT('',(47.6,11.93,4.35));
#18297=CARTESIAN_POINT('',(47.6,11.93,1.6));
#18298=CARTESIAN_POINT('Origin',(46.85,13.04,1.6));
#18299=CARTESIAN_POINT('',(46.85,13.04,1.6));
#18300=CARTESIAN_POINT('',(44.925,13.04,1.6));
#18301=CARTESIAN_POINT('',(46.85,13.04,4.35));
#18302=CARTESIAN_POINT('',(46.85,13.04,1.6));
#18303=CARTESIAN_POINT('',(49.35,13.04,4.35));
#18304=CARTESIAN_POINT('Origin',(46.85,19.24,1.6));
#18305=CARTESIAN_POINT('',(46.85,19.24,1.6));
#18306=CARTESIAN_POINT('',(46.85,13.62,1.6));
#18307=CARTESIAN_POINT('',(46.85,19.24,4.35));
#18308=CARTESIAN_POINT('',(46.85,19.24,1.6));
#18309=CARTESIAN_POINT('',(46.85,13.04,4.35));
#18310=CARTESIAN_POINT('Origin',(47.6,19.24,1.6));
#18311=CARTESIAN_POINT('',(47.6,19.24,1.6));
#18312=CARTESIAN_POINT('',(45.3,19.24,1.6));
#18313=CARTESIAN_POINT('',(47.6,19.24,4.35));
#18314=CARTESIAN_POINT('',(47.6,19.24,1.6));
#18315=CARTESIAN_POINT('',(46.85,19.24,4.35));
#18316=CARTESIAN_POINT('Origin',(47.6,20.35,1.6));
#18317=CARTESIAN_POINT('',(47.6,20.35,1.6));
#18318=CARTESIAN_POINT('',(47.6,14.175,1.6));
#18319=CARTESIAN_POINT('',(47.6,20.35,4.35));
#18320=CARTESIAN_POINT('',(47.6,20.35,1.6));
#18321=CARTESIAN_POINT('',(47.6,11.93,4.35));
#18322=CARTESIAN_POINT('Origin',(48.6,20.35,1.6));
#18323=CARTESIAN_POINT('',(48.6,20.35,1.6));
#18324=CARTESIAN_POINT('',(45.8,20.35,1.6));
#18325=CARTESIAN_POINT('',(48.6,20.35,4.35));
#18326=CARTESIAN_POINT('',(48.6,20.35,1.6));
#18327=CARTESIAN_POINT('',(47.6,20.35,4.35));
#18328=CARTESIAN_POINT('Origin',(48.6,19.24,1.6));
#18329=CARTESIAN_POINT('',(48.6,19.24,1.6));
#18330=CARTESIAN_POINT('',(48.6,13.62,1.6));
#18331=CARTESIAN_POINT('',(48.6,19.24,4.35));
#18332=CARTESIAN_POINT('',(48.6,19.24,1.6));
#18333=CARTESIAN_POINT('',(48.6,20.35,4.35));
#18334=CARTESIAN_POINT('Origin',(49.35,19.24,1.6));
#18335=CARTESIAN_POINT('',(49.35,19.24,1.6));
#18336=CARTESIAN_POINT('',(46.175,19.24,1.6));
#18337=CARTESIAN_POINT('',(49.35,19.24,4.35));
#18338=CARTESIAN_POINT('',(49.35,19.24,1.6));
#18339=CARTESIAN_POINT('',(46.85,19.24,4.35));
#18340=CARTESIAN_POINT('Origin',(49.35,13.04,1.6));
#18341=CARTESIAN_POINT('',(49.35,13.04,1.6));
#18342=CARTESIAN_POINT('',(49.35,10.52,1.6));
#18343=CARTESIAN_POINT('',(49.35,13.04,4.35));
#18344=CARTESIAN_POINT('',(49.35,13.04,1.6));
#18345=CARTESIAN_POINT('',(49.35,19.24,4.35));
#18346=CARTESIAN_POINT('Origin',(48.6,13.04,1.6));
#18347=CARTESIAN_POINT('',(48.6,13.04,1.6));
#18348=CARTESIAN_POINT('',(45.8,13.04,1.6));
#18349=CARTESIAN_POINT('',(48.6,13.04,4.35));
#18350=CARTESIAN_POINT('',(48.6,13.04,1.6));
#18351=CARTESIAN_POINT('',(49.35,13.04,4.35));
#18352=CARTESIAN_POINT('Origin',(48.6,11.93,1.6));
#18353=CARTESIAN_POINT('',(48.6,11.93,1.6));
#18354=CARTESIAN_POINT('',(48.6,9.965,1.6));
#18355=CARTESIAN_POINT('',(48.6,11.93,4.35));
#18356=CARTESIAN_POINT('',(48.6,11.93,1.6));
#18357=CARTESIAN_POINT('',(48.6,20.35,4.35));
#18358=CARTESIAN_POINT('Origin',(47.6,11.93,1.6));
#18359=CARTESIAN_POINT('',(45.3,11.93,1.6));
#18360=CARTESIAN_POINT('',(48.6,11.93,4.35));
#18361=CARTESIAN_POINT('Origin',(48.1,16.14,4.35));
#18362=CARTESIAN_POINT('Origin',(74.624,30.102,1.6));
#18363=CARTESIAN_POINT('',(74.624,30.102,1.6));
#18364=CARTESIAN_POINT('',(74.624,29.102,1.6));
#18365=CARTESIAN_POINT('',(74.624,19.051,1.6));
#18366=CARTESIAN_POINT('',(74.624,30.102,4.35));
#18367=CARTESIAN_POINT('',(74.624,30.102,1.6));
#18368=CARTESIAN_POINT('',(74.624,29.102,4.35));
#18369=CARTESIAN_POINT('',(74.624,29.102,4.35));
#18370=CARTESIAN_POINT('',(74.624,29.102,1.6));
#18371=CARTESIAN_POINT('Origin',(75.734,30.102,1.6));
#18372=CARTESIAN_POINT('',(75.734,30.102,1.6));
#18373=CARTESIAN_POINT('',(59.367,30.102,1.6));
#18374=CARTESIAN_POINT('',(75.734,30.102,4.35));
#18375=CARTESIAN_POINT('',(75.734,30.102,1.6));
#18376=CARTESIAN_POINT('',(74.624,30.102,4.35));
#18377=CARTESIAN_POINT('Origin',(75.734,30.852,1.6));
#18378=CARTESIAN_POINT('',(75.734,30.852,1.6));
#18379=CARTESIAN_POINT('',(75.734,19.426,1.6));
#18380=CARTESIAN_POINT('',(75.734,30.852,4.35));
#18381=CARTESIAN_POINT('',(75.734,30.852,1.6));
#18382=CARTESIAN_POINT('',(75.734,28.352,4.35));
#18383=CARTESIAN_POINT('Origin',(81.934,30.852,1.6));
#18384=CARTESIAN_POINT('',(81.934,30.852,1.6));
#18385=CARTESIAN_POINT('',(62.467,30.852,1.6));
#18386=CARTESIAN_POINT('',(81.934,30.852,4.35));
#18387=CARTESIAN_POINT('',(81.934,30.852,1.6));
#18388=CARTESIAN_POINT('',(75.734,30.852,4.35));
#18389=CARTESIAN_POINT('Origin',(81.934,30.102,1.6));
#18390=CARTESIAN_POINT('',(81.934,30.102,1.6));
#18391=CARTESIAN_POINT('',(81.934,19.051,1.6));
#18392=CARTESIAN_POINT('',(81.934,30.102,4.35));
#18393=CARTESIAN_POINT('',(81.934,30.102,1.6));
#18394=CARTESIAN_POINT('',(81.934,30.852,4.35));
#18395=CARTESIAN_POINT('Origin',(83.044,30.102,1.6));
#18396=CARTESIAN_POINT('',(83.044,30.102,1.6));
#18397=CARTESIAN_POINT('',(63.022,30.102,1.6));
#18398=CARTESIAN_POINT('',(83.044,30.102,4.35));
#18399=CARTESIAN_POINT('',(83.044,30.102,1.6));
#18400=CARTESIAN_POINT('',(74.624,30.102,4.35));
#18401=CARTESIAN_POINT('Origin',(83.044,29.102,1.6));
#18402=CARTESIAN_POINT('',(83.044,29.102,1.6));
#18403=CARTESIAN_POINT('',(83.044,18.551,1.6));
#18404=CARTESIAN_POINT('',(83.044,29.102,4.35));
#18405=CARTESIAN_POINT('',(83.044,29.102,1.6));
#18406=CARTESIAN_POINT('',(83.044,30.102,4.35));
#18407=CARTESIAN_POINT('Origin',(81.934,29.102,1.6));
#18408=CARTESIAN_POINT('',(81.934,29.102,1.6));
#18409=CARTESIAN_POINT('',(62.467,29.102,1.6));
#18410=CARTESIAN_POINT('',(81.934,29.102,4.35));
#18411=CARTESIAN_POINT('',(81.934,29.102,1.6));
#18412=CARTESIAN_POINT('',(83.044,29.102,4.35));
#18413=CARTESIAN_POINT('Origin',(81.934,28.352,1.6));
#18414=CARTESIAN_POINT('',(81.934,28.352,1.6));
#18415=CARTESIAN_POINT('',(81.934,18.176,1.6));
#18416=CARTESIAN_POINT('',(81.934,28.352,4.35));
#18417=CARTESIAN_POINT('',(81.934,28.352,1.6));
#18418=CARTESIAN_POINT('',(81.934,30.852,4.35));
#18419=CARTESIAN_POINT('Origin',(75.734,28.352,1.6));
#18420=CARTESIAN_POINT('',(75.734,28.352,1.6));
#18421=CARTESIAN_POINT('',(59.367,28.352,1.6));
#18422=CARTESIAN_POINT('',(75.734,28.352,4.35));
#18423=CARTESIAN_POINT('',(75.734,28.352,1.6));
#18424=CARTESIAN_POINT('',(81.934,28.352,4.35));
#18425=CARTESIAN_POINT('Origin',(75.734,29.102,1.6));
#18426=CARTESIAN_POINT('',(75.734,29.102,1.6));
#18427=CARTESIAN_POINT('',(75.734,18.551,1.6));
#18428=CARTESIAN_POINT('',(75.734,29.102,4.35));
#18429=CARTESIAN_POINT('',(75.734,29.102,1.6));
#18430=CARTESIAN_POINT('',(75.734,28.352,4.35));
#18431=CARTESIAN_POINT('Origin',(74.624,29.102,1.6));
#18432=CARTESIAN_POINT('',(58.812,29.102,1.6));
#18433=CARTESIAN_POINT('',(83.044,29.102,4.35));
#18434=CARTESIAN_POINT('Origin',(78.834,29.602,4.35));
#18435=CARTESIAN_POINT('Origin',(3.25,24.26,1.6));
#18436=CARTESIAN_POINT('',(3.25,24.26,1.6));
#18437=CARTESIAN_POINT('',(3.25,23.26,1.6));
#18438=CARTESIAN_POINT('',(3.25,16.13,1.6));
#18439=CARTESIAN_POINT('',(3.25,24.26,4.35));
#18440=CARTESIAN_POINT('',(3.25,24.26,1.6));
#18441=CARTESIAN_POINT('',(3.25,23.26,4.35));
#18442=CARTESIAN_POINT('',(3.25,23.26,4.35));
#18443=CARTESIAN_POINT('',(3.25,23.26,1.6));
#18444=CARTESIAN_POINT('Origin',(4.36000000000001,24.26,1.6));
#18445=CARTESIAN_POINT('',(4.36000000000001,24.26,1.6));
#18446=CARTESIAN_POINT('',(23.68,24.26,1.6));
#18447=CARTESIAN_POINT('',(4.36000000000001,24.26,4.35));
#18448=CARTESIAN_POINT('',(4.36000000000001,24.26,1.6));
#18449=CARTESIAN_POINT('',(3.25,24.26,4.35));
#18450=CARTESIAN_POINT('Origin',(4.36000000000001,25.01,1.6));
#18451=CARTESIAN_POINT('',(4.36000000000001,25.01,1.6));
#18452=CARTESIAN_POINT('',(4.36000000000001,16.505,1.6));
#18453=CARTESIAN_POINT('',(4.36000000000001,25.01,4.35));
#18454=CARTESIAN_POINT('',(4.36000000000001,25.01,1.6));
#18455=CARTESIAN_POINT('',(4.36000000000001,22.51,4.35));
#18456=CARTESIAN_POINT('Origin',(10.56,25.01,1.6));
#18457=CARTESIAN_POINT('',(10.56,25.01,1.6));
#18458=CARTESIAN_POINT('',(26.78,25.01,1.6));
#18459=CARTESIAN_POINT('',(10.56,25.01,4.35));
#18460=CARTESIAN_POINT('',(10.56,25.01,1.6));
#18461=CARTESIAN_POINT('',(4.36000000000001,25.01,4.35));
#18462=CARTESIAN_POINT('Origin',(10.56,24.26,1.6));
#18463=CARTESIAN_POINT('',(10.56,24.26,1.6));
#18464=CARTESIAN_POINT('',(10.56,16.13,1.6));
#18465=CARTESIAN_POINT('',(10.56,24.26,4.35));
#18466=CARTESIAN_POINT('',(10.56,24.26,1.6));
#18467=CARTESIAN_POINT('',(10.56,25.01,4.35));
#18468=CARTESIAN_POINT('Origin',(11.67,24.26,1.6));
#18469=CARTESIAN_POINT('',(11.67,24.26,1.6));
#18470=CARTESIAN_POINT('',(27.335,24.26,1.6));
#18471=CARTESIAN_POINT('',(11.67,24.26,4.35));
#18472=CARTESIAN_POINT('',(11.67,24.26,1.6));
#18473=CARTESIAN_POINT('',(3.25,24.26,4.35));
#18474=CARTESIAN_POINT('Origin',(11.67,23.26,1.6));
#18475=CARTESIAN_POINT('',(11.67,23.26,1.6));
#18476=CARTESIAN_POINT('',(11.67,15.63,1.6));
#18477=CARTESIAN_POINT('',(11.67,23.26,4.35));
#18478=CARTESIAN_POINT('',(11.67,23.26,1.6));
#18479=CARTESIAN_POINT('',(11.67,24.26,4.35));
#18480=CARTESIAN_POINT('Origin',(10.56,23.26,1.6));
#18481=CARTESIAN_POINT('',(10.56,23.26,1.6));
#18482=CARTESIAN_POINT('',(26.78,23.26,1.6));
#18483=CARTESIAN_POINT('',(10.56,23.26,4.35));
#18484=CARTESIAN_POINT('',(10.56,23.26,1.6));
#18485=CARTESIAN_POINT('',(11.67,23.26,4.35));
#18486=CARTESIAN_POINT('Origin',(10.56,22.51,1.6));
#18487=CARTESIAN_POINT('',(10.56,22.51,1.6));
#18488=CARTESIAN_POINT('',(10.56,15.255,1.6));
#18489=CARTESIAN_POINT('',(10.56,22.51,4.35));
#18490=CARTESIAN_POINT('',(10.56,22.51,1.6));
#18491=CARTESIAN_POINT('',(10.56,25.01,4.35));
#18492=CARTESIAN_POINT('Origin',(4.36000000000001,22.51,1.6));
#18493=CARTESIAN_POINT('',(4.36000000000001,22.51,1.6));
#18494=CARTESIAN_POINT('',(23.68,22.51,1.6));
#18495=CARTESIAN_POINT('',(4.36000000000001,22.51,4.35));
#18496=CARTESIAN_POINT('',(4.36000000000001,22.51,1.6));
#18497=CARTESIAN_POINT('',(10.56,22.51,4.35));
#18498=CARTESIAN_POINT('Origin',(4.36000000000001,23.26,1.6));
#18499=CARTESIAN_POINT('',(4.36000000000001,23.26,1.6));
#18500=CARTESIAN_POINT('',(4.36000000000001,15.63,1.6));
#18501=CARTESIAN_POINT('',(4.36000000000001,23.26,4.35));
#18502=CARTESIAN_POINT('',(4.36000000000001,23.26,1.6));
#18503=CARTESIAN_POINT('',(4.36000000000001,22.51,4.35));
#18504=CARTESIAN_POINT('Origin',(3.25,23.26,1.6));
#18505=CARTESIAN_POINT('',(23.125,23.26,1.6));
#18506=CARTESIAN_POINT('',(11.67,23.26,4.35));
#18507=CARTESIAN_POINT('Origin',(7.46000000000002,23.76,4.35));
#18508=CARTESIAN_POINT('Origin',(61.139,24.276,1.6));
#18509=CARTESIAN_POINT('',(61.139,24.276,1.6));
#18510=CARTESIAN_POINT('',(64.144,24.276,1.6));
#18511=CARTESIAN_POINT('',(52.0695,24.276,1.6));
#18512=CARTESIAN_POINT('',(61.139,24.276,5.1));
#18513=CARTESIAN_POINT('',(61.139,24.276,1.6));
#18514=CARTESIAN_POINT('',(64.144,24.276,5.1));
#18515=CARTESIAN_POINT('',(52.8840000000001,24.276,5.1));
#18516=CARTESIAN_POINT('',(64.144,24.276,1.6));
#18517=CARTESIAN_POINT('Origin',(61.139,23.276,1.6));
#18518=CARTESIAN_POINT('',(61.139,23.276,1.6));
#18519=CARTESIAN_POINT('',(61.139,15.638,1.6));
#18520=CARTESIAN_POINT('',(61.139,23.276,5.1));
#18521=CARTESIAN_POINT('',(61.139,23.276,1.6));
#18522=CARTESIAN_POINT('',(61.139,23.276,5.1));
#18523=CARTESIAN_POINT('Origin',(55.889,23.276,1.6));
#18524=CARTESIAN_POINT('',(55.889,23.276,1.6));
#18525=CARTESIAN_POINT('',(49.4445,23.276,1.6));
#18526=CARTESIAN_POINT('',(55.889,23.276,5.1));
#18527=CARTESIAN_POINT('',(55.889,23.276,1.6));
#18528=CARTESIAN_POINT('',(55.889,23.276,5.1));
#18529=CARTESIAN_POINT('Origin',(55.889,24.276,1.6));
#18530=CARTESIAN_POINT('',(55.889,24.276,1.6));
#18531=CARTESIAN_POINT('',(55.889,16.138,1.6));
#18532=CARTESIAN_POINT('',(55.889,24.276,5.1));
#18533=CARTESIAN_POINT('',(55.889,24.276,1.6));
#18534=CARTESIAN_POINT('',(55.889,26.276,5.1));
#18535=CARTESIAN_POINT('Origin',(52.8840000000001,24.276,1.6));
#18536=CARTESIAN_POINT('',(52.8840000000001,24.276,1.6));
#18537=CARTESIAN_POINT('',(47.942,24.276,1.6));
#18538=CARTESIAN_POINT('',(52.8840000000001,24.276,5.1));
#18539=CARTESIAN_POINT('',(52.8840000000001,24.276,1.6));
#18540=CARTESIAN_POINT('',(52.8840000000001,24.276,5.1));
#18541=CARTESIAN_POINT('Origin',(52.8840000000001,25.276,1.6));
#18542=CARTESIAN_POINT('',(52.8840000000001,25.276,1.6));
#18543=CARTESIAN_POINT('',(52.8840000000001,16.638,1.6));
#18544=CARTESIAN_POINT('',(52.8840000000001,25.276,5.1));
#18545=CARTESIAN_POINT('',(52.8840000000001,25.276,1.6));
#18546=CARTESIAN_POINT('',(52.8840000000001,25.276,5.1));
#18547=CARTESIAN_POINT('Origin',(55.889,25.276,1.6));
#18548=CARTESIAN_POINT('',(55.889,25.276,1.6));
#18549=CARTESIAN_POINT('',(49.4445,25.276,1.6));
#18550=CARTESIAN_POINT('',(55.889,25.276,5.1));
#18551=CARTESIAN_POINT('',(55.889,25.276,1.6));
#18552=CARTESIAN_POINT('',(64.144,25.276,5.1));
#18553=CARTESIAN_POINT('Origin',(55.889,26.276,1.6));
#18554=CARTESIAN_POINT('',(55.889,26.276,1.6));
#18555=CARTESIAN_POINT('',(55.889,17.138,1.6));
#18556=CARTESIAN_POINT('',(55.889,26.276,5.1));
#18557=CARTESIAN_POINT('',(55.889,26.276,1.6));
#18558=CARTESIAN_POINT('',(55.889,26.276,5.1));
#18559=CARTESIAN_POINT('Origin',(61.139,26.276,1.6));
#18560=CARTESIAN_POINT('',(61.139,26.276,1.6));
#18561=CARTESIAN_POINT('',(52.0695,26.276,1.6));
#18562=CARTESIAN_POINT('',(61.139,26.276,5.1));
#18563=CARTESIAN_POINT('',(61.139,26.276,1.6));
#18564=CARTESIAN_POINT('',(61.139,26.276,5.1));
#18565=CARTESIAN_POINT('Origin',(61.139,25.276,1.6));
#18566=CARTESIAN_POINT('',(61.139,25.276,1.6));
#18567=CARTESIAN_POINT('',(61.139,16.638,1.6));
#18568=CARTESIAN_POINT('',(61.139,25.276,5.1));
#18569=CARTESIAN_POINT('',(61.139,25.276,1.6));
#18570=CARTESIAN_POINT('',(61.139,23.276,5.1));
#18571=CARTESIAN_POINT('Origin',(64.144,25.276,1.6));
#18572=CARTESIAN_POINT('',(64.144,25.276,1.6));
#18573=CARTESIAN_POINT('',(53.572,25.276,1.6));
#18574=CARTESIAN_POINT('',(64.144,25.276,5.1));
#18575=CARTESIAN_POINT('',(64.144,25.276,1.6));
#18576=CARTESIAN_POINT('',(64.144,25.276,5.1));
#18577=CARTESIAN_POINT('Origin',(64.144,24.276,1.6));
#18578=CARTESIAN_POINT('',(64.144,16.138,1.6));
#18579=CARTESIAN_POINT('',(64.144,24.276,5.1));
#18580=CARTESIAN_POINT('Origin',(58.514,24.776,5.1));
#18581=CARTESIAN_POINT('Origin',(58.26,31.142,1.6));
#18582=CARTESIAN_POINT('',(60.485,31.142,1.6));
#18583=CARTESIAN_POINT('Origin',(58.26,31.142,1.6));
#18584=CARTESIAN_POINT('',(60.485,31.142,10.1));
#18585=CARTESIAN_POINT('',(60.485,31.142,1.6));
#18586=CARTESIAN_POINT('Origin',(58.26,31.142,10.1));
#18587=CARTESIAN_POINT('Origin',(58.26,31.142,10.1));
#18588=CARTESIAN_POINT('Origin',(20.16,12.285112,1.6));
#18589=CARTESIAN_POINT('',(19.6809905351081,16.08,6.6));
#18590=CARTESIAN_POINT('',(19.6809905351081,16.08,1.6));
#18591=CARTESIAN_POINT('',(19.6809905351081,16.08,1.6));
#18592=CARTESIAN_POINT('',(20.6390094648919,16.08,6.6));
#18593=CARTESIAN_POINT('Origin',(20.16,12.285112,6.6));
#18594=CARTESIAN_POINT('',(20.6390094648919,16.08,1.6));
#18595=CARTESIAN_POINT('',(20.6390094648919,16.08,1.6));
#18596=CARTESIAN_POINT('',(23.985,12.285112,1.6));
#18597=CARTESIAN_POINT('Origin',(20.16,12.285112,1.6));
#18598=CARTESIAN_POINT('',(23.985,12.285112,10.1));
#18599=CARTESIAN_POINT('',(23.985,12.285112,1.6));
#18600=CARTESIAN_POINT('Origin',(20.16,12.285112,10.1));
#18601=CARTESIAN_POINT('Origin',(20.16,12.285112,1.6));
#18602=CARTESIAN_POINT('Origin',(20.16,12.285112,10.1));
#18603=CARTESIAN_POINT('Origin',(43.,8.,1.6));
#18604=CARTESIAN_POINT('',(56.21537,-0.020357,1.6));
#18605=CARTESIAN_POINT('',(49.9266649133758,-0.470130985343808,1.6));
#18606=CARTESIAN_POINT('',(55.936535,-0.081014,1.6));
#18607=CARTESIAN_POINT('',(50.5997768022302,-1.24195771941158,1.6));
#18608=CARTESIAN_POINT('',(55.66917,-0.180736,1.6));
#18609=CARTESIAN_POINT('',(51.447508492749,-1.75533450326739,1.6));
#18610=CARTESIAN_POINT('',(55.418718,-0.317493,1.6));
#18611=CARTESIAN_POINT('',(52.3847989445434,-1.97413646168958,1.6));
#18612=CARTESIAN_POINT('',(55.190279,-0.488501,1.6));
#18613=CARTESIAN_POINT('',(53.3202878621286,-1.8883646156922,1.6));
#18614=CARTESIAN_POINT('',(54.988501,-0.690279,1.6));
#18615=CARTESIAN_POINT('',(54.1639455,-1.51483449999999,1.6));
#18616=CARTESIAN_POINT('',(54.817493,-0.918718,1.6));
#18617=CARTESIAN_POINT('',(54.8348159451295,-0.895577350074601,1.6));
#18618=CARTESIAN_POINT('',(54.680736,-1.16917,1.6));
#18619=CARTESIAN_POINT('',(55.267722866647,-0.0941827253049093,1.6));
#18620=CARTESIAN_POINT('',(54.581014,-1.436535,1.6));
#18621=CARTESIAN_POINT('',(55.4187511512701,0.809524981241162,1.6));
#18622=CARTESIAN_POINT('',(54.520357,-1.71537,1.6));
#18623=CARTESIAN_POINT('',(55.2690678199397,1.72638909586451,1.6));
#18624=CARTESIAN_POINT('',(54.5,-2.,1.6));
#18625=CARTESIAN_POINT('',(54.8265217286965,2.56540156402682,1.6));
#18626=CARTESIAN_POINT('',(54.5,-18.,1.6));
#18627=CARTESIAN_POINT('',(54.5,-5.,1.6));
#18628=CARTESIAN_POINT('',(54.479643,-18.28463,1.6));
#18629=CARTESIAN_POINT('',(55.385598724113,-5.6176271138012,1.6));
#18630=CARTESIAN_POINT('',(54.418986,-18.563465,1.6));
#18631=CARTESIAN_POINT('',(56.9197290665664,-7.06776470216175,1.6));
#18632=CARTESIAN_POINT('',(54.319264,-18.83083,1.6));
#18633=CARTESIAN_POINT('',(58.0206947216651,-8.90691125691429,1.6));
#18634=CARTESIAN_POINT('',(54.182507,-19.081282,1.6));
#18635=CARTESIAN_POINT('',(58.5938651048499,-11.0024746257821,1.6));
#18636=CARTESIAN_POINT('',(54.011499,-19.309721,1.6));
#18637=CARTESIAN_POINT('',(58.5850671986037,-13.200174395626,1.6));
#18638=CARTESIAN_POINT('',(53.809721,-19.511499,1.6));
#18639=CARTESIAN_POINT('',(57.9851655000002,-15.3360544999996,1.6));
#18640=CARTESIAN_POINT('',(53.581282,-19.682507,1.6));
#18641=CARTESIAN_POINT('',(56.8309991245141,-17.2497891802367,1.6));
#18642=CARTESIAN_POINT('',(53.33083,-19.819264,1.6));
#18643=CARTESIAN_POINT('',(55.2025638779435,-18.7972210139352,1.6));
#18644=CARTESIAN_POINT('',(53.063465,-19.918986,1.6));
#18645=CARTESIAN_POINT('',(53.2169963081036,-19.861721776535,1.6));
#18646=CARTESIAN_POINT('',(52.78463,-19.979643,1.6));
#18647=CARTESIAN_POINT('',(51.0191683254288,-20.3636966833413,1.6));
#18648=CARTESIAN_POINT('',(52.5,-20.,1.6));
#18649=CARTESIAN_POINT('',(48.7703708631896,-20.2667465142046,1.6));
#18650=CARTESIAN_POINT('',(29.5,-20.,1.6));
#18651=CARTESIAN_POINT('',(36.25,-20.,1.6));
#18652=CARTESIAN_POINT('',(29.21537,-19.979643,1.6));
#18653=CARTESIAN_POINT('',(35.0771357173534,-20.3988818880587,1.6));
#18654=CARTESIAN_POINT('',(28.936535,-19.918986,1.6));
#18655=CARTESIAN_POINT('',(32.7510457188188,-20.7487841841282,1.6));
#18656=CARTESIAN_POINT('',(28.66917,-19.819264,1.6));
#18657=CARTESIAN_POINT('',(30.4050707199035,-20.4667215639677,1.6));
#18658=CARTESIAN_POINT('',(28.418718,-19.682507,1.6));
#18659=CARTESIAN_POINT('',(28.2128516567531,-19.5700955858232,1.6));
#18660=CARTESIAN_POINT('',(28.190279,-19.511499,1.6));
#18661=CARTESIAN_POINT('',(26.3365101282762,-18.123779270813,1.6));
#18662=CARTESIAN_POINT('',(27.988501,-19.309721,1.6));
#18663=CARTESIAN_POINT('',(24.9139455,-16.2351654999999,1.6));
#18664=CARTESIAN_POINT('',(27.817493,-19.081282,1.6));
#18665=CARTESIAN_POINT('',(24.0477000486058,-14.0454489862022,1.6));
#18666=CARTESIAN_POINT('',(27.680736,-18.83083,1.6));
#18667=CARTESIAN_POINT('',(23.7971148604536,-11.7185016976703,1.6));
#18668=CARTESIAN_POINT('',(27.581014,-18.563465,1.6));
#18669=CARTESIAN_POINT('',(24.1736947503277,-9.42808954434695,1.6));
#18670=CARTESIAN_POINT('',(27.520357,-18.28463,1.6));
#18671=CARTESIAN_POINT('',(25.1403108891863,-7.34376320294834,1.6));
#18672=CARTESIAN_POINT('',(27.5,-18.,1.6));
#18673=CARTESIAN_POINT('',(26.6144011953436,-5.61762598765564,1.6));
#18674=CARTESIAN_POINT('',(27.5,-2.,1.6));
#18675=CARTESIAN_POINT('',(27.5,3.,1.6));
#18676=CARTESIAN_POINT('',(27.479643,-1.71537,1.6));
#18677=CARTESIAN_POINT('',(27.1734781907605,2.56540269017255,1.6));
#18678=CARTESIAN_POINT('',(27.418986,-1.436535,1.6));
#18679=CARTESIAN_POINT('',(26.7909721358128,1.45039059507782,1.6));
#18680=CARTESIAN_POINT('',(27.319264,-1.16917,1.6));
#18681=CARTESIAN_POINT('',(26.7756383207227,0.288346693808506,1.6));
#18682=CARTESIAN_POINT('',(27.182507,-0.918718,1.6));
#18683=CARTESIAN_POINT('',(27.1232570986564,-0.810209797192803,1.6));
#18684=CARTESIAN_POINT('',(27.011499,-0.690279,1.6));
#18685=CARTESIAN_POINT('',(27.7979513020801,-1.74085194065112,1.6));
#18686=CARTESIAN_POINT('',(26.809721,-0.488501,1.6));
#18687=CARTESIAN_POINT('',(28.7351655000001,-2.41394550000004,1.6));
#18688=CARTESIAN_POINT('',(26.581282,-0.317493,1.6));
#18689=CARTESIAN_POINT('',(29.8472213906618,-2.76235470626865,1.6));
#18690=CARTESIAN_POINT('',(26.33083,-0.180736,1.6));
#18691=CARTESIAN_POINT('',(31.0306165901531,-2.74701103357758,1.6));
#18692=CARTESIAN_POINT('',(26.063465,-0.081014,1.6));
#18693=CARTESIAN_POINT('',(32.1745585352582,-2.36033429070006,1.6));
#18694=CARTESIAN_POINT('',(25.78463,-0.020357,1.6));
#18695=CARTESIAN_POINT('',(33.1704372420174,-1.62704522019849,1.6));
#18696=CARTESIAN_POINT('',(33.9208416671672,-0.60226635919799,1.6));
#18697=CARTESIAN_POINT('',(1.71537,0.020357,1.6));
#18698=CARTESIAN_POINT('',(21.9687284528573,-1.42818186809126,1.6));
#18699=CARTESIAN_POINT('',(1.436535,0.081014,1.6));
#18700=CARTESIAN_POINT('',(20.4568425894554,-4.05661146830059,1.6));
#18701=CARTESIAN_POINT('',(1.16917,0.180736,1.6));
#18702=CARTESIAN_POINT('',(18.2501526621162,-6.1901418375313,1.6));
#18703=CARTESIAN_POINT('',(0.918718,0.317493,1.6));
#18704=CARTESIAN_POINT('',(15.5110275672315,-7.65050278157045,1.6));
#18705=CARTESIAN_POINT('',(0.690279,0.488501,1.6));
#18706=CARTESIAN_POINT('',(12.445865756593,-8.31165737957378,1.6));
#18707=CARTESIAN_POINT('',(0.488501,0.690279,1.6));
#18708=CARTESIAN_POINT('',(9.2889455,-8.1101655,1.6));
#18709=CARTESIAN_POINT('',(0.317493,0.918718,1.6));
#18710=CARTESIAN_POINT('',(6.28328532605351,-7.05061462286756,1.6));
#18711=CARTESIAN_POINT('',(0.180736,1.16917,1.6));
#18712=CARTESIAN_POINT('',(3.66146966885494,-5.205324240383,1.6));
#18713=CARTESIAN_POINT('',(0.081014,1.436535,1.6));
#18714=CARTESIAN_POINT('',(1.6272206824416,-2.70900509798238,1.6));
#18715=CARTESIAN_POINT('',(0.020357,1.71537,1.6));
#18716=CARTESIAN_POINT('',(0.338674026418948,0.252094070403629,1.6));
#18717=CARTESIAN_POINT('',(0.,2.,1.6));
#18718=CARTESIAN_POINT('',(-0.104052801618382,3.45485822688212,1.6));
#18719=CARTESIAN_POINT('',(0.,34.,1.6));
#18720=CARTESIAN_POINT('',(0.,21.,1.6));
#18721=CARTESIAN_POINT('',(0.020357,34.28463,1.6));
#18722=CARTESIAN_POINT('',(-0.805443670889248,22.738348870403,1.6));
#18723=CARTESIAN_POINT('',(0.081014,34.563465,1.6));
#18724=CARTESIAN_POINT('',(-1.7080774775157,26.3391657083586,1.6));
#18725=CARTESIAN_POINT('',(0.180736,34.83083,1.6));
#18726=CARTESIAN_POINT('',(-1.59722225472167,30.0639399579466,1.6));
#18727=CARTESIAN_POINT('',(0.317493,35.081282,1.6));
#18728=CARTESIAN_POINT('',(-0.476417190585057,33.6273425669004,1.6));
#18729=CARTESIAN_POINT('',(0.488501,35.309721,1.6));
#18730=CARTESIAN_POINT('',(1.57131887317118,36.7561903589151,1.6));
#18731=CARTESIAN_POINT('',(0.690279,35.511499,1.6));
#18732=CARTESIAN_POINT('',(4.38983450000004,39.2110545,1.6));
#18733=CARTESIAN_POINT('',(0.918718,35.682507,1.6));
#18734=CARTESIAN_POINT('',(7.76261480371096,40.8058051435262,1.6));
#18735=CARTESIAN_POINT('',(1.16917,35.819264,1.6));
#18736=CARTESIAN_POINT('',(11.4299882077917,41.4220889550531,1.6));
#18737=CARTESIAN_POINT('',(1.436535,35.918986,1.6));
#18738=CARTESIAN_POINT('',(15.1095312249529,41.0187504775672,1.6));
#18739=CARTESIAN_POINT('',(1.71537,35.979643,1.6));
#18740=CARTESIAN_POINT('',(18.5191800855203,39.6350976895386,1.6));
#18741=CARTESIAN_POINT('',(21.3994740835866,37.3874682708059,1.6));
#18742=CARTESIAN_POINT('',(84.28463,35.979643,1.6));
#18743=CARTESIAN_POINT('',(64.7428409164133,37.3772897708059,1.6));
#18744=CARTESIAN_POINT('',(84.563465,35.918986,1.6));
#18745=CARTESIAN_POINT('',(67.6202374144798,39.6047691895387,1.6));
#18746=CARTESIAN_POINT('',(84.83083,35.819264,1.6));
#18747=CARTESIAN_POINT('',(71.024151275047,40.9688894775672,1.6));
#18748=CARTESIAN_POINT('',(85.081282,35.682507,1.6));
#18749=CARTESIAN_POINT('',(74.6952377922087,41.3537104550531,1.6));
#18750=CARTESIAN_POINT('',(85.309721,35.511499,1.6));
#18751=CARTESIAN_POINT('',(78.3516046962891,40.7203011435262,1.6));
#18752=CARTESIAN_POINT('',(85.511499,35.309721,1.6));
#18753=CARTESIAN_POINT('',(81.7110544999995,39.1101655000003,1.6));
#18754=CARTESIAN_POINT('',(85.682507,35.081282,1.6));
#18755=CARTESIAN_POINT('',(84.514185126829,36.6419708589149,1.6));
#18756=CARTESIAN_POINT('',(85.819264,34.83083,1.6));
#18757=CARTESIAN_POINT('',(86.544795690585,33.5021165669006,1.6));
#18758=CARTESIAN_POINT('',(85.918986,34.563465,1.6));
#18759=CARTESIAN_POINT('',(87.6470832547217,29.9302574579465,1.6));
#18760=CARTESIAN_POINT('',(85.979643,34.28463,1.6));
#18761=CARTESIAN_POINT('',(87.7384059775156,26.1997482083576,1.6));
#18762=CARTESIAN_POINT('',(86.,34.,1.6));
#18763=CARTESIAN_POINT('',(86.8156221708894,22.5960338704033,1.6));
#18764=CARTESIAN_POINT('',(86.,2.,1.6));
#18765=CARTESIAN_POINT('',(86.,5.,1.6));
#18766=CARTESIAN_POINT('',(85.979643,1.71537,1.6));
#18767=CARTESIAN_POINT('',(86.0938743016184,3.31254322688179,1.6));
#18768=CARTESIAN_POINT('',(85.918986,1.436535,1.6));
#18769=CARTESIAN_POINT('',(85.6309974735813,0.112676570404457,1.6));
#18770=CARTESIAN_POINT('',(85.819264,1.16917,1.6));
#18771=CARTESIAN_POINT('',(84.3229183175584,-2.84268759798238,1.6));
#18772=CARTESIAN_POINT('',(85.682507,0.918718,1.6));
#18773=CARTESIAN_POINT('',(82.2701518311449,-5.33055024038313,1.6));
#18774=CARTESIAN_POINT('',(85.511499,0.690279,1.6));
#18775=CARTESIAN_POINT('',(79.6312106739467,-7.16483412286748,1.6));
#18776=CARTESIAN_POINT('',(85.309721,0.488501,1.6));
#18777=CARTESIAN_POINT('',(76.6101654999996,-8.21105450000007,1.6));
#18778=CARTESIAN_POINT('',(85.081282,0.317493,1.6));
#18779=CARTESIAN_POINT('',(73.4399147434071,-8.39716137957379,1.6));
#18780=CARTESIAN_POINT('',(84.83083,0.180736,1.6));
#18781=CARTESIAN_POINT('',(70.3637464327687,-7.71888128157056,1.6));
#18782=CARTESIAN_POINT('',(84.563465,0.081014,1.6));
#18783=CARTESIAN_POINT('',(67.6161648378837,-6.24000283753127,1.6));
#18784=CARTESIAN_POINT('',(84.28463,0.020357,1.6));
#18785=CARTESIAN_POINT('',(65.4037399105446,-4.08693996830063,1.6));
#18786=CARTESIAN_POINT('',(63.8889565471427,-1.43836036809124,1.6));
#18787=CARTESIAN_POINT('',(61.6,17.875,1.6));
#18788=CARTESIAN_POINT('Origin',(60.,17.875,1.6));
#18789=CARTESIAN_POINT('',(0.87,27.78,1.6));
#18790=CARTESIAN_POINT('',(14.17,27.78,1.6));
#18791=CARTESIAN_POINT('',(21.935,27.78,1.6));
#18792=CARTESIAN_POINT('',(14.17,33.93,1.6));
#18793=CARTESIAN_POINT('',(14.17,17.89,1.6));
#18794=CARTESIAN_POINT('',(0.87,33.93,1.6));
#18795=CARTESIAN_POINT('',(28.585,33.93,1.6));
#18796=CARTESIAN_POINT('',(0.869999999999997,20.965,1.6));
#18797=CARTESIAN_POINT('',(29.278,2.126,1.6));
#18798=CARTESIAN_POINT('',(40.078,2.126,1.6));
#18799=CARTESIAN_POINT('',(36.139,2.126,1.6));
#18800=CARTESIAN_POINT('',(40.078,8.276,1.6));
#18801=CARTESIAN_POINT('',(40.078,5.063,1.6));
#18802=CARTESIAN_POINT('',(29.278,8.276,1.6));
#18803=CARTESIAN_POINT('',(41.539,8.276,1.6));
#18804=CARTESIAN_POINT('',(29.278,8.138,1.6));
#18805=CARTESIAN_POINT('',(53.074,2.126,1.6));
#18806=CARTESIAN_POINT('',(61.374,2.126,1.6));
#18807=CARTESIAN_POINT('',(48.037,2.126,1.6));
#18808=CARTESIAN_POINT('',(61.374,8.276,1.6));
#18809=CARTESIAN_POINT('',(61.374,5.063,1.6));
#18810=CARTESIAN_POINT('',(53.074,8.276,1.6));
#18811=CARTESIAN_POINT('',(52.187,8.276,1.6));
#18812=CARTESIAN_POINT('',(53.074,8.138,1.6));
#18813=CARTESIAN_POINT('',(65.266,26.764,1.6));
#18814=CARTESIAN_POINT('',(73.566,26.764,1.6));
#18815=CARTESIAN_POINT('',(54.133,26.764,1.6));
#18816=CARTESIAN_POINT('',(73.566,32.914,1.6));
#18817=CARTESIAN_POINT('',(73.566,17.382,1.6));
#18818=CARTESIAN_POINT('',(65.266,32.914,1.6));
#18819=CARTESIAN_POINT('',(58.283,32.914,1.6));
#18820=CARTESIAN_POINT('',(65.266,20.457,1.6));
#18821=CARTESIAN_POINT('',(65.306,9.492,1.6));
#18822=CARTESIAN_POINT('',(73.606,9.492,1.6));
#18823=CARTESIAN_POINT('',(54.153,9.492,1.6));
#18824=CARTESIAN_POINT('',(73.606,15.642,1.6));
#18825=CARTESIAN_POINT('',(73.606,8.746,1.6));
#18826=CARTESIAN_POINT('',(65.306,15.642,1.6));
#18827=CARTESIAN_POINT('',(58.303,15.642,1.6));
#18828=CARTESIAN_POINT('',(65.306,11.821,1.6));
#18829=CARTESIAN_POINT('',(42.7,8.276,1.6));
#18830=CARTESIAN_POINT('',(42.7,2.126,1.6));
#18831=CARTESIAN_POINT('',(42.7,8.138,1.6));
#18832=CARTESIAN_POINT('',(51.,2.126,1.6));
#18833=CARTESIAN_POINT('',(42.85,2.126,1.6));
#18834=CARTESIAN_POINT('',(51.,8.276,1.6));
#18835=CARTESIAN_POINT('',(51.,5.063,1.6));
#18836=CARTESIAN_POINT('',(47.,8.276,1.6));
#18837=CARTESIAN_POINT('',(16.03,2.126,1.6));
#18838=CARTESIAN_POINT('',(24.33,2.126,1.6));
#18839=CARTESIAN_POINT('',(29.515,2.126,1.6));
#18840=CARTESIAN_POINT('',(24.33,8.276,1.6));
#18841=CARTESIAN_POINT('',(24.33,5.063,1.6));
#18842=CARTESIAN_POINT('',(16.03,8.276,1.6));
#18843=CARTESIAN_POINT('',(33.665,8.276,1.6));
#18844=CARTESIAN_POINT('',(16.03,8.138,1.6));
#18845=CARTESIAN_POINT('',(0.87,13.81,1.6));
#18846=CARTESIAN_POINT('',(14.17,13.81,1.6));
#18847=CARTESIAN_POINT('',(21.935,13.81,1.6));
#18848=CARTESIAN_POINT('',(14.17,19.96,1.6));
#18849=CARTESIAN_POINT('',(14.17,10.905,1.6));
#18850=CARTESIAN_POINT('',(0.87,19.96,1.6));
#18851=CARTESIAN_POINT('',(28.585,19.96,1.6));
#18852=CARTESIAN_POINT('',(0.869999999999997,13.98,1.6));
#18853=CARTESIAN_POINT('',(29.278,-7.78,1.6));
#18854=CARTESIAN_POINT('',(40.078,-7.78,1.6));
#18855=CARTESIAN_POINT('',(36.139,-7.78,1.6));
#18856=CARTESIAN_POINT('',(40.078,-1.63,1.6));
#18857=CARTESIAN_POINT('',(40.078,0.110000000000001,1.6));
#18858=CARTESIAN_POINT('',(29.278,-1.63,1.6));
#18859=CARTESIAN_POINT('',(41.539,-1.63,1.6));
#18860=CARTESIAN_POINT('',(29.278,3.185,1.6));
#18861=CARTESIAN_POINT('',(77.75,3.2,1.6));
#18862=CARTESIAN_POINT('',(83.9,3.2,1.6));
#18863=CARTESIAN_POINT('',(60.375,3.2,1.6));
#18864=CARTESIAN_POINT('',(83.9,16.5,1.6));
#18865=CARTESIAN_POINT('',(83.9,5.6,1.6));
#18866=CARTESIAN_POINT('',(77.75,16.5,1.6));
#18867=CARTESIAN_POINT('',(63.45,16.5,1.6));
#18868=CARTESIAN_POINT('',(77.75,12.25,1.6));
#18869=CARTESIAN_POINT('',(65.266,16.858,1.6));
#18870=CARTESIAN_POINT('',(73.566,16.858,1.6));
#18871=CARTESIAN_POINT('',(54.133,16.858,1.6));
#18872=CARTESIAN_POINT('',(73.566,23.008,1.6));
#18873=CARTESIAN_POINT('',(73.566,12.429,1.6));
#18874=CARTESIAN_POINT('',(65.266,23.008,1.6));
#18875=CARTESIAN_POINT('',(58.283,23.008,1.6));
#18876=CARTESIAN_POINT('',(65.266,15.504,1.6));
#18877=CARTESIAN_POINT('',(62.98,2.126,1.6));
#18878=CARTESIAN_POINT('',(76.28,2.126,1.6));
#18879=CARTESIAN_POINT('',(52.99,2.126,1.6));
#18880=CARTESIAN_POINT('',(76.28,8.276,1.6));
#18881=CARTESIAN_POINT('',(76.28,5.063,1.6));
#18882=CARTESIAN_POINT('',(62.98,8.276,1.6));
#18883=CARTESIAN_POINT('',(59.64,8.276,1.6));
#18884=CARTESIAN_POINT('',(62.98,8.138,1.6));
#18885=CARTESIAN_POINT('',(42.7,-7.78,1.6));
#18886=CARTESIAN_POINT('',(51.,-7.78,1.6));
#18887=CARTESIAN_POINT('',(42.85,-7.78,1.6));
#18888=CARTESIAN_POINT('',(51.,-1.63,1.6));
#18889=CARTESIAN_POINT('',(51.,0.110000000000001,1.6));
#18890=CARTESIAN_POINT('',(42.7,-1.63,1.6));
#18891=CARTESIAN_POINT('',(47.,-1.63,1.6));
#18892=CARTESIAN_POINT('',(42.7,3.185,1.6));
#18893=CARTESIAN_POINT('',(2.06,2.126,1.6));
#18894=CARTESIAN_POINT('',(12.86,2.126,1.6));
#18895=CARTESIAN_POINT('',(22.53,2.126,1.6));
#18896=CARTESIAN_POINT('',(12.86,8.276,1.6));
#18897=CARTESIAN_POINT('',(12.86,5.063,1.6));
#18898=CARTESIAN_POINT('',(2.06,8.276,1.6));
#18899=CARTESIAN_POINT('',(27.93,8.276,1.6));
#18900=CARTESIAN_POINT('',(2.06,8.138,1.6));
#18901=CARTESIAN_POINT('',(25.21,16.08,1.6));
#18902=CARTESIAN_POINT('',(29.055,16.08,1.6));
#18903=CARTESIAN_POINT('',(25.21,33.98,1.6));
#18904=CARTESIAN_POINT('',(25.21,12.04,1.6));
#18905=CARTESIAN_POINT('',(15.11,33.98,1.6));
#18906=CARTESIAN_POINT('',(34.105,33.98,1.6));
#18907=CARTESIAN_POINT('',(15.11,16.08,1.6));
#18908=CARTESIAN_POINT('',(15.11,20.99,1.6));
#18909=CARTESIAN_POINT('',(29.055,16.08,1.6));
#18910=CARTESIAN_POINT('',(43.095,34.09,1.6));
#18911=CARTESIAN_POINT('',(43.095,10.09,1.6));
#18912=CARTESIAN_POINT('',(43.095,21.045,1.6));
#18913=CARTESIAN_POINT('',(45.595,10.09,1.6));
#18914=CARTESIAN_POINT('',(43.0475,10.09,1.6));
#18915=CARTESIAN_POINT('',(45.595,34.09,1.6));
#18916=CARTESIAN_POINT('',(45.595,9.045,1.6));
#18917=CARTESIAN_POINT('',(44.2975,34.09,1.6));
#18918=CARTESIAN_POINT('',(27.855,10.09,1.6));
#18919=CARTESIAN_POINT('',(30.355,10.09,1.6));
#18920=CARTESIAN_POINT('',(35.4275,10.09,1.6));
#18921=CARTESIAN_POINT('',(30.355,34.09,1.6));
#18922=CARTESIAN_POINT('',(30.355,9.045,1.6));
#18923=CARTESIAN_POINT('',(27.855,34.09,1.6));
#18924=CARTESIAN_POINT('',(36.6775,34.09,1.6));
#18925=CARTESIAN_POINT('',(27.855,21.045,1.6));
#18926=CARTESIAN_POINT('',(40.352,-9.832,1.6));
#18927=CARTESIAN_POINT('',(29.352,-9.832,1.6));
#18928=CARTESIAN_POINT('',(41.676,-9.832,1.6));
#18929=CARTESIAN_POINT('',(29.352,-17.832,1.6));
#18930=CARTESIAN_POINT('',(29.352,-0.915999999999999,1.6));
#18931=CARTESIAN_POINT('',(40.352,-17.832,1.6));
#18932=CARTESIAN_POINT('',(36.176,-17.832,1.6));
#18933=CARTESIAN_POINT('',(40.352,-4.916,1.6));
#18934=CARTESIAN_POINT('',(41.544,-9.832,1.6));
#18935=CARTESIAN_POINT('',(41.544,-17.832,1.6));
#18936=CARTESIAN_POINT('',(41.544,-0.916,1.6));
#18937=CARTESIAN_POINT('',(52.544,-17.832,1.6));
#18938=CARTESIAN_POINT('',(42.272,-17.832,1.6));
#18939=CARTESIAN_POINT('',(52.544,-9.832,1.6));
#18940=CARTESIAN_POINT('',(52.544,-4.916,1.6));
#18941=CARTESIAN_POINT('',(47.772,-9.832,1.6));
#18942=CARTESIAN_POINT('',(45.908,26.95,1.6));
#18943=CARTESIAN_POINT('',(45.908,25.65,1.6));
#18944=CARTESIAN_POINT('',(45.908,17.475,1.6));
#18945=CARTESIAN_POINT('',(47.908,23.65,1.6));
#18946=CARTESIAN_POINT('Origin',(47.908,25.65,1.6));
#18947=CARTESIAN_POINT('',(50.208,23.65,1.6));
#18948=CARTESIAN_POINT('',(45.454,23.65,1.6));
#18949=CARTESIAN_POINT('',(50.208,28.95,1.6));
#18950=CARTESIAN_POINT('',(50.208,15.825,1.6));
#18951=CARTESIAN_POINT('',(47.908,28.95,1.6));
#18952=CARTESIAN_POINT('',(46.604,28.95,1.6));
#18953=CARTESIAN_POINT('Origin',(47.908,26.95,1.6));
#18954=CARTESIAN_POINT('Origin',(15.11,16.08,1.6));
#18955=CARTESIAN_POINT('',(25.21,16.08,6.6));
#18956=CARTESIAN_POINT('',(15.11,16.08,6.6));
#18957=CARTESIAN_POINT('',(25.21,16.08,1.6));
#18958=CARTESIAN_POINT('Origin',(45.908,26.95,1.6));
#18959=CARTESIAN_POINT('',(45.908,26.95,7.1));
#18960=CARTESIAN_POINT('',(45.908,26.95,1.6));
#18961=CARTESIAN_POINT('',(45.908,25.65,7.1));
#18962=CARTESIAN_POINT('',(45.908,28.95,7.1));
#18963=CARTESIAN_POINT('',(45.908,25.65,1.6));
#18964=CARTESIAN_POINT('Origin',(47.908,26.95,1.6));
#18965=CARTESIAN_POINT('',(47.908,28.95,7.1));
#18966=CARTESIAN_POINT('',(47.908,28.95,1.6));
#18967=CARTESIAN_POINT('Origin',(47.908,26.95,7.1));
#18968=CARTESIAN_POINT('Origin',(50.208,28.95,1.6));
#18969=CARTESIAN_POINT('',(50.208,28.95,7.1));
#18970=CARTESIAN_POINT('',(50.208,28.95,1.6));
#18971=CARTESIAN_POINT('',(50.208,28.95,7.1));
#18972=CARTESIAN_POINT('Origin',(50.208,23.65,1.6));
#18973=CARTESIAN_POINT('',(50.208,23.65,7.1));
#18974=CARTESIAN_POINT('',(50.208,23.65,1.6));
#18975=CARTESIAN_POINT('',(50.208,23.65,7.1));
#18976=CARTESIAN_POINT('Origin',(47.908,23.65,1.6));
#18977=CARTESIAN_POINT('',(47.908,23.65,7.1));
#18978=CARTESIAN_POINT('',(47.908,23.65,1.6));
#18979=CARTESIAN_POINT('',(45.908,23.65,7.1));
#18980=CARTESIAN_POINT('Origin',(47.908,25.65,1.6));
#18981=CARTESIAN_POINT('Origin',(47.908,25.65,7.1));
#18982=CARTESIAN_POINT('Origin',(48.058,26.3,7.1));
#18983=CARTESIAN_POINT('Origin',(41.544,-9.832,1.6));
#18984=CARTESIAN_POINT('',(41.544,-9.832,11.6));
#18985=CARTESIAN_POINT('',(41.544,-9.832,1.6));
#18986=CARTESIAN_POINT('',(41.544,-17.832,11.6));
#18987=CARTESIAN_POINT('',(41.544,-17.832,11.6));
#18988=CARTESIAN_POINT('',(41.544,-17.832,1.6));
#18989=CARTESIAN_POINT('Origin',(52.544,-9.832,1.6));
#18990=CARTESIAN_POINT('',(52.544,-9.832,11.6));
#18991=CARTESIAN_POINT('',(52.544,-9.832,1.6));
#18992=CARTESIAN_POINT('',(41.544,-9.832,11.6));
#18993=CARTESIAN_POINT('Origin',(52.544,-17.832,1.6));
#18994=CARTESIAN_POINT('',(52.544,-17.832,11.6));
#18995=CARTESIAN_POINT('',(52.544,-17.832,1.6));
#18996=CARTESIAN_POINT('',(52.544,-9.832,11.6));
#18997=CARTESIAN_POINT('Origin',(41.544,-17.832,1.6));
#18998=CARTESIAN_POINT('',(52.544,-17.832,11.6));
#18999=CARTESIAN_POINT('Origin',(47.044,-13.832,11.6));
#19000=CARTESIAN_POINT('',(51.044,-16.332,11.6));
#19001=CARTESIAN_POINT('',(43.044,-16.332,11.6));
#19002=CARTESIAN_POINT('',(49.044,-16.332,11.6));
#19003=CARTESIAN_POINT('',(51.044,-11.332,11.6));
#19004=CARTESIAN_POINT('',(51.044,-12.582,11.6));
#19005=CARTESIAN_POINT('',(43.044,-11.332,11.6));
#19006=CARTESIAN_POINT('',(45.044,-11.332,11.6));
#19007=CARTESIAN_POINT('',(43.044,-15.082,11.6));
#19008=CARTESIAN_POINT('Origin',(40.352,-9.832,1.6));
#19009=CARTESIAN_POINT('',(40.352,-9.832,11.6));
#19010=CARTESIAN_POINT('',(40.352,-9.832,1.6));
#19011=CARTESIAN_POINT('',(29.352,-9.832,11.6));
#19012=CARTESIAN_POINT('',(40.352,-9.832,11.6));
#19013=CARTESIAN_POINT('',(29.352,-9.832,1.6));
#19014=CARTESIAN_POINT('Origin',(40.352,-17.832,1.6));
#19015=CARTESIAN_POINT('',(40.352,-17.832,11.6));
#19016=CARTESIAN_POINT('',(40.352,-17.832,1.6));
#19017=CARTESIAN_POINT('',(40.352,-17.832,11.6));
#19018=CARTESIAN_POINT('Origin',(29.352,-17.832,1.6));
#19019=CARTESIAN_POINT('',(29.352,-17.832,11.6));
#19020=CARTESIAN_POINT('',(29.352,-17.832,1.6));
#19021=CARTESIAN_POINT('',(29.352,-17.832,11.6));
#19022=CARTESIAN_POINT('Origin',(29.352,-9.832,1.6));
#19023=CARTESIAN_POINT('',(29.352,-9.832,11.6));
#19024=CARTESIAN_POINT('Origin',(34.852,-13.832,11.6));
#19025=CARTESIAN_POINT('',(30.852,-11.332,11.6));
#19026=CARTESIAN_POINT('',(38.852,-11.332,11.6));
#19027=CARTESIAN_POINT('',(32.852,-11.332,11.6));
#19028=CARTESIAN_POINT('',(30.852,-16.332,11.6));
#19029=CARTESIAN_POINT('',(30.852,-15.082,11.6));
#19030=CARTESIAN_POINT('',(38.852,-16.332,11.6));
#19031=CARTESIAN_POINT('',(36.852,-16.332,11.6));
#19032=CARTESIAN_POINT('',(38.852,-12.582,11.6));
#19033=CARTESIAN_POINT('Origin',(51.044,-11.332,1.6));
#19034=CARTESIAN_POINT('',(51.044,-16.332,12.6));
#19035=CARTESIAN_POINT('',(51.044,-16.332,1.6));
#19036=CARTESIAN_POINT('',(51.044,-11.332,12.6));
#19037=CARTESIAN_POINT('',(51.044,-11.332,12.6));
#19038=CARTESIAN_POINT('',(51.044,-11.332,1.6));
#19039=CARTESIAN_POINT('Origin',(51.044,-16.332,1.6));
#19040=CARTESIAN_POINT('',(43.044,-16.332,12.6));
#19041=CARTESIAN_POINT('',(43.044,-16.332,1.6));
#19042=CARTESIAN_POINT('',(51.044,-16.332,12.6));
#19043=CARTESIAN_POINT('Origin',(30.852,-16.332,1.6));
#19044=CARTESIAN_POINT('',(30.852,-11.332,12.6));
#19045=CARTESIAN_POINT('',(30.852,-11.332,1.6));
#19046=CARTESIAN_POINT('',(30.852,-16.332,12.6));
#19047=CARTESIAN_POINT('',(30.852,-11.332,12.6));
#19048=CARTESIAN_POINT('',(30.852,-16.332,1.6));
#19049=CARTESIAN_POINT('Origin',(30.852,-11.332,1.6));
#19050=CARTESIAN_POINT('',(38.852,-11.332,12.6));
#19051=CARTESIAN_POINT('',(38.852,-11.332,1.6));
#19052=CARTESIAN_POINT('',(38.852,-11.332,12.6));
#19053=CARTESIAN_POINT('Origin',(27.855,10.09,1.6));
#19054=CARTESIAN_POINT('',(27.855,10.09,10.1));
#19055=CARTESIAN_POINT('',(27.855,10.09,1.6));
#19056=CARTESIAN_POINT('',(30.355,10.09,10.1));
#19057=CARTESIAN_POINT('',(27.855,10.09,10.1));
#19058=CARTESIAN_POINT('',(30.355,10.09,1.6));
#19059=CARTESIAN_POINT('Origin',(27.855,34.09,1.6));
#19060=CARTESIAN_POINT('',(27.855,34.09,10.1));
#19061=CARTESIAN_POINT('',(27.855,34.09,1.6));
#19062=CARTESIAN_POINT('',(27.855,34.09,10.1));
#19063=CARTESIAN_POINT('Origin',(30.355,34.09,1.6));
#19064=CARTESIAN_POINT('',(30.355,34.09,10.1));
#19065=CARTESIAN_POINT('',(30.355,34.09,1.6));
#19066=CARTESIAN_POINT('',(30.355,34.09,10.1));
#19067=CARTESIAN_POINT('Origin',(30.355,10.09,1.6));
#19068=CARTESIAN_POINT('',(30.355,10.09,10.1));
#19069=CARTESIAN_POINT('Origin',(29.105,22.09,10.1));
#19070=CARTESIAN_POINT('',(29.855,10.59,10.1));
#19071=CARTESIAN_POINT('',(28.355,10.59,10.1));
#19072=CARTESIAN_POINT('',(29.48,10.59,10.1));
#19073=CARTESIAN_POINT('',(29.855,33.59,10.1));
#19074=CARTESIAN_POINT('',(29.855,27.84,10.1));
#19075=CARTESIAN_POINT('',(28.355,33.59,10.1));
#19076=CARTESIAN_POINT('',(28.73,33.59,10.1));
#19077=CARTESIAN_POINT('',(28.355,16.34,10.1));
#19078=CARTESIAN_POINT('Origin',(43.095,34.09,1.6));
#19079=CARTESIAN_POINT('',(43.095,34.09,10.1));
#19080=CARTESIAN_POINT('',(43.095,34.09,1.6));
#19081=CARTESIAN_POINT('',(43.095,10.09,10.1));
#19082=CARTESIAN_POINT('',(43.095,10.09,10.1));
#19083=CARTESIAN_POINT('',(43.095,10.09,1.6));
#19084=CARTESIAN_POINT('Origin',(45.595,34.09,1.6));
#19085=CARTESIAN_POINT('',(45.595,34.09,10.1));
#19086=CARTESIAN_POINT('',(45.595,34.09,1.6));
#19087=CARTESIAN_POINT('',(43.095,34.09,10.1));
#19088=CARTESIAN_POINT('Origin',(45.595,10.09,1.6));
#19089=CARTESIAN_POINT('',(45.595,10.09,10.1));
#19090=CARTESIAN_POINT('',(45.595,10.09,1.6));
#19091=CARTESIAN_POINT('',(45.595,34.09,10.1));
#19092=CARTESIAN_POINT('Origin',(43.095,10.09,1.6));
#19093=CARTESIAN_POINT('',(45.595,10.09,10.1));
#19094=CARTESIAN_POINT('Origin',(44.345,22.09,10.1));
#19095=CARTESIAN_POINT('',(45.095,33.59,10.1));
#19096=CARTESIAN_POINT('',(45.095,10.59,10.1));
#19097=CARTESIAN_POINT('',(45.095,27.84,10.1));
#19098=CARTESIAN_POINT('',(43.595,33.59,10.1));
#19099=CARTESIAN_POINT('',(43.97,33.59,10.1));
#19100=CARTESIAN_POINT('',(43.595,10.59,10.1));
#19101=CARTESIAN_POINT('',(43.595,16.34,10.1));
#19102=CARTESIAN_POINT('',(44.72,10.59,10.1));
#19103=CARTESIAN_POINT('Origin',(29.855,33.59,1.6));
#19104=CARTESIAN_POINT('',(29.855,10.59,12.6));
#19105=CARTESIAN_POINT('',(29.855,10.59,1.6));
#19106=CARTESIAN_POINT('',(29.855,33.59,12.6));
#19107=CARTESIAN_POINT('',(29.855,10.59,12.6));
#19108=CARTESIAN_POINT('',(29.855,33.59,1.6));
#19109=CARTESIAN_POINT('Origin',(29.855,10.59,1.6));
#19110=CARTESIAN_POINT('',(28.355,10.59,12.6));
#19111=CARTESIAN_POINT('',(28.355,10.59,1.6));
#19112=CARTESIAN_POINT('',(28.355,10.59,12.6));
#19113=CARTESIAN_POINT('Origin',(43.595,33.59,1.6));
#19114=CARTESIAN_POINT('',(45.095,33.59,12.6));
#19115=CARTESIAN_POINT('',(45.095,33.59,1.6));
#19116=CARTESIAN_POINT('',(43.595,33.59,12.6));
#19117=CARTESIAN_POINT('',(43.595,33.59,12.6));
#19118=CARTESIAN_POINT('',(43.595,33.59,1.6));
#19119=CARTESIAN_POINT('Origin',(45.095,33.59,1.6));
#19120=CARTESIAN_POINT('',(45.095,10.59,12.6));
#19121=CARTESIAN_POINT('',(45.095,10.59,1.6));
#19122=CARTESIAN_POINT('',(45.095,33.59,12.6));
#19123=CARTESIAN_POINT('Origin',(15.11,16.08,1.6));
#19124=CARTESIAN_POINT('',(15.11,16.08,6.6));
#19125=CARTESIAN_POINT('',(15.11,16.08,1.6));
#19126=CARTESIAN_POINT('',(15.11,16.08,6.6));
#19127=CARTESIAN_POINT('Origin',(15.11,33.98,1.6));
#19128=CARTESIAN_POINT('',(15.11,33.98,6.6));
#19129=CARTESIAN_POINT('',(15.11,33.98,1.6));
#19130=CARTESIAN_POINT('',(15.11,33.98,6.6));
#19131=CARTESIAN_POINT('Origin',(25.21,33.98,1.6));
#19132=CARTESIAN_POINT('',(25.21,33.98,6.6));
#19133=CARTESIAN_POINT('',(25.21,33.98,1.6));
#19134=CARTESIAN_POINT('',(25.21,33.98,6.6));
#19135=CARTESIAN_POINT('Origin',(25.21,16.08,1.6));
#19136=CARTESIAN_POINT('',(25.21,16.08,6.6));
#19137=CARTESIAN_POINT('Origin',(20.16,25.03,6.6));
#19138=CARTESIAN_POINT('',(18.11,19.08,6.6));
#19139=CARTESIAN_POINT('',(18.11,30.98,6.6));
#19140=CARTESIAN_POINT('',(18.11,22.055,6.6));
#19141=CARTESIAN_POINT('',(22.21,19.08,6.6));
#19142=CARTESIAN_POINT('',(21.185,19.08,6.6));
#19143=CARTESIAN_POINT('',(22.21,30.98,6.6));
#19144=CARTESIAN_POINT('',(22.21,28.005,6.6));
#19145=CARTESIAN_POINT('',(19.135,30.98,6.6));
#19146=CARTESIAN_POINT('Origin',(22.21,19.08,1.6));
#19147=CARTESIAN_POINT('',(18.11,19.08,12.6));
#19148=CARTESIAN_POINT('',(18.11,19.08,1.6));
#19149=CARTESIAN_POINT('',(22.21,19.08,12.6));
#19150=CARTESIAN_POINT('',(18.11,19.08,12.6));
#19151=CARTESIAN_POINT('',(22.21,19.08,1.6));
#19152=CARTESIAN_POINT('Origin',(18.11,19.08,1.6));
#19153=CARTESIAN_POINT('',(18.11,30.98,12.6));
#19154=CARTESIAN_POINT('',(18.11,30.98,1.6));
#19155=CARTESIAN_POINT('',(18.11,30.98,12.6));
#19156=CARTESIAN_POINT('Origin',(2.06,2.126,1.6));
#19157=CARTESIAN_POINT('',(2.06,2.126,8.85));
#19158=CARTESIAN_POINT('',(2.06,2.126,1.6));
#19159=CARTESIAN_POINT('',(12.86,2.126,8.85));
#19160=CARTESIAN_POINT('',(2.06,2.126,8.85));
#19161=CARTESIAN_POINT('',(12.86,2.126,1.6));
#19162=CARTESIAN_POINT('Origin',(2.06,8.276,1.6));
#19163=CARTESIAN_POINT('',(2.06,8.276,8.85));
#19164=CARTESIAN_POINT('',(2.06,8.276,1.6));
#19165=CARTESIAN_POINT('',(2.06,8.276,8.85));
#19166=CARTESIAN_POINT('Origin',(12.86,8.276,1.6));
#19167=CARTESIAN_POINT('',(12.86,8.276,8.85));
#19168=CARTESIAN_POINT('',(12.86,8.276,1.6));
#19169=CARTESIAN_POINT('',(12.86,8.276,8.85));
#19170=CARTESIAN_POINT('Origin',(12.86,2.126,1.6));
#19171=CARTESIAN_POINT('',(12.86,2.126,8.85));
#19172=CARTESIAN_POINT('Origin',(7.46,5.201,8.85));
#19173=CARTESIAN_POINT('',(11.36,6.776,8.85));
#19174=CARTESIAN_POINT('',(11.36,3.626,8.85));
#19175=CARTESIAN_POINT('',(11.36,5.9885,8.85));
#19176=CARTESIAN_POINT('',(3.56,6.776,8.85));
#19177=CARTESIAN_POINT('',(5.51,6.776,8.85));
#19178=CARTESIAN_POINT('',(3.56,3.626,8.85));
#19179=CARTESIAN_POINT('',(3.56,4.4135,8.85));
#19180=CARTESIAN_POINT('',(9.41,3.626,8.85));
#19181=CARTESIAN_POINT('Origin',(42.7,-7.78,1.6));
#19182=CARTESIAN_POINT('',(42.7,-7.78,8.85));
#19183=CARTESIAN_POINT('',(42.7,-7.78,1.6));
#19184=CARTESIAN_POINT('',(51.,-7.78,8.85));
#19185=CARTESIAN_POINT('',(42.7,-7.78,8.85));
#19186=CARTESIAN_POINT('',(51.,-7.78,1.6));
#19187=CARTESIAN_POINT('Origin',(42.7,-1.63,1.6));
#19188=CARTESIAN_POINT('',(42.7,-1.63,8.85));
#19189=CARTESIAN_POINT('',(42.7,-1.63,1.6));
#19190=CARTESIAN_POINT('',(42.7,-1.63,8.85));
#19191=CARTESIAN_POINT('Origin',(51.,-1.63,1.6));
#19192=CARTESIAN_POINT('',(51.,-1.63,8.85));
#19193=CARTESIAN_POINT('',(51.,-1.63,1.6));
#19194=CARTESIAN_POINT('',(51.,-1.63,8.85));
#19195=CARTESIAN_POINT('Origin',(51.,-7.78,1.6));
#19196=CARTESIAN_POINT('',(51.,-7.78,8.85));
#19197=CARTESIAN_POINT('Origin',(46.85,-4.705,8.85));
#19198=CARTESIAN_POINT('',(49.5,-3.13,8.85));
#19199=CARTESIAN_POINT('',(49.5,-6.28,8.85));
#19200=CARTESIAN_POINT('',(49.5,-3.9175,8.85));
#19201=CARTESIAN_POINT('',(44.2,-3.13,8.85));
#19202=CARTESIAN_POINT('',(45.525,-3.13,8.85));
#19203=CARTESIAN_POINT('',(44.2,-6.28,8.85));
#19204=CARTESIAN_POINT('',(44.2,-5.4925,8.85));
#19205=CARTESIAN_POINT('',(48.175,-6.28,8.85));
#19206=CARTESIAN_POINT('Origin',(62.98,2.126,1.6));
#19207=CARTESIAN_POINT('',(62.98,2.126,8.85));
#19208=CARTESIAN_POINT('',(62.98,2.126,1.6));
#19209=CARTESIAN_POINT('',(76.28,2.126,8.85));
#19210=CARTESIAN_POINT('',(62.98,2.126,8.85));
#19211=CARTESIAN_POINT('',(76.28,2.126,1.6));
#19212=CARTESIAN_POINT('Origin',(62.98,8.276,1.6));
#19213=CARTESIAN_POINT('',(62.98,8.276,8.85));
#19214=CARTESIAN_POINT('',(62.98,8.276,1.6));
#19215=CARTESIAN_POINT('',(62.98,8.276,8.85));
#19216=CARTESIAN_POINT('Origin',(76.28,8.276,1.6));
#19217=CARTESIAN_POINT('',(76.28,8.276,8.85));
#19218=CARTESIAN_POINT('',(76.28,8.276,1.6));
#19219=CARTESIAN_POINT('',(76.28,8.276,8.85));
#19220=CARTESIAN_POINT('Origin',(76.28,2.126,1.6));
#19221=CARTESIAN_POINT('',(76.28,2.126,8.85));
#19222=CARTESIAN_POINT('Origin',(69.63,5.201,8.85));
#19223=CARTESIAN_POINT('',(74.78,6.776,8.85));
#19224=CARTESIAN_POINT('',(74.78,3.626,8.85));
#19225=CARTESIAN_POINT('',(74.78,5.9885,8.85));
#19226=CARTESIAN_POINT('',(64.48,6.776,8.85));
#19227=CARTESIAN_POINT('',(67.055,6.776,8.85));
#19228=CARTESIAN_POINT('',(64.48,3.626,8.85));
#19229=CARTESIAN_POINT('',(64.48,4.4135,8.85));
#19230=CARTESIAN_POINT('',(72.205,3.626,8.85));
#19231=CARTESIAN_POINT('Origin',(65.266,16.858,1.6));
#19232=CARTESIAN_POINT('',(65.266,16.858,8.85));
#19233=CARTESIAN_POINT('',(65.266,16.858,1.6));
#19234=CARTESIAN_POINT('',(73.566,16.858,8.85));
#19235=CARTESIAN_POINT('',(65.266,16.858,8.85));
#19236=CARTESIAN_POINT('',(73.566,16.858,1.6));
#19237=CARTESIAN_POINT('Origin',(65.266,23.008,1.6));
#19238=CARTESIAN_POINT('',(65.266,23.008,8.85));
#19239=CARTESIAN_POINT('',(65.266,23.008,1.6));
#19240=CARTESIAN_POINT('',(65.266,23.008,8.85));
#19241=CARTESIAN_POINT('Origin',(73.566,23.008,1.6));
#19242=CARTESIAN_POINT('',(73.566,23.008,8.85));
#19243=CARTESIAN_POINT('',(73.566,23.008,1.6));
#19244=CARTESIAN_POINT('',(73.566,23.008,8.85));
#19245=CARTESIAN_POINT('Origin',(73.566,16.858,1.6));
#19246=CARTESIAN_POINT('',(73.566,16.858,8.85));
#19247=CARTESIAN_POINT('Origin',(69.416,19.933,8.85));
#19248=CARTESIAN_POINT('',(66.766,18.358,8.85));
#19249=CARTESIAN_POINT('',(66.766,21.508,8.85));
#19250=CARTESIAN_POINT('',(66.766,19.1455,8.85));
#19251=CARTESIAN_POINT('',(72.066,18.358,8.85));
#19252=CARTESIAN_POINT('',(70.741,18.358,8.85));
#19253=CARTESIAN_POINT('',(72.066,21.508,8.85));
#19254=CARTESIAN_POINT('',(72.066,20.7205,8.85));
#19255=CARTESIAN_POINT('',(68.091,21.508,8.85));
#19256=CARTESIAN_POINT('Origin',(77.75,3.2,1.6));
#19257=CARTESIAN_POINT('',(77.75,3.2,8.85));
#19258=CARTESIAN_POINT('',(77.75,3.2,1.6));
#19259=CARTESIAN_POINT('',(83.9,3.2,8.85));
#19260=CARTESIAN_POINT('',(77.75,3.2,8.85));
#19261=CARTESIAN_POINT('',(83.9,3.2,1.6));
#19262=CARTESIAN_POINT('Origin',(77.75,16.5,1.6));
#19263=CARTESIAN_POINT('',(77.75,16.5,8.85));
#19264=CARTESIAN_POINT('',(77.75,16.5,1.6));
#19265=CARTESIAN_POINT('',(77.75,16.5,8.85));
#19266=CARTESIAN_POINT('Origin',(83.9,16.5,1.6));
#19267=CARTESIAN_POINT('',(83.9,16.5,8.85));
#19268=CARTESIAN_POINT('',(83.9,16.5,1.6));
#19269=CARTESIAN_POINT('',(83.9,16.5,8.85));
#19270=CARTESIAN_POINT('Origin',(83.9,3.2,1.6));
#19271=CARTESIAN_POINT('',(83.9,3.2,8.85));
#19272=CARTESIAN_POINT('Origin',(80.825,9.85,8.85));
#19273=CARTESIAN_POINT('',(79.25,15.,8.85));
#19274=CARTESIAN_POINT('',(82.4,15.,8.85));
#19275=CARTESIAN_POINT('',(80.0375,15.,8.85));
#19276=CARTESIAN_POINT('',(79.25,4.7,8.85));
#19277=CARTESIAN_POINT('',(79.25,7.275,8.85));
#19278=CARTESIAN_POINT('',(82.4,4.7,8.85));
#19279=CARTESIAN_POINT('',(81.6125,4.7,8.85));
#19280=CARTESIAN_POINT('',(82.4,12.425,8.85));
#19281=CARTESIAN_POINT('Origin',(29.278,-7.78,1.6));
#19282=CARTESIAN_POINT('',(29.278,-7.78,8.85));
#19283=CARTESIAN_POINT('',(29.278,-7.78,1.6));
#19284=CARTESIAN_POINT('',(40.078,-7.78,8.85));
#19285=CARTESIAN_POINT('',(29.278,-7.78,8.85));
#19286=CARTESIAN_POINT('',(40.078,-7.78,1.6));
#19287=CARTESIAN_POINT('Origin',(29.278,-1.63,1.6));
#19288=CARTESIAN_POINT('',(29.278,-1.63,8.85));
#19289=CARTESIAN_POINT('',(29.278,-1.63,1.6));
#19290=CARTESIAN_POINT('',(29.278,-1.63,8.85));
#19291=CARTESIAN_POINT('Origin',(40.078,-1.63,1.6));
#19292=CARTESIAN_POINT('',(40.078,-1.63,8.85));
#19293=CARTESIAN_POINT('',(40.078,-1.63,1.6));
#19294=CARTESIAN_POINT('',(40.078,-1.63,8.85));
#19295=CARTESIAN_POINT('Origin',(40.078,-7.78,1.6));
#19296=CARTESIAN_POINT('',(40.078,-7.78,8.85));
#19297=CARTESIAN_POINT('Origin',(34.678,-4.705,8.85));
#19298=CARTESIAN_POINT('',(38.578,-3.13,8.85));
#19299=CARTESIAN_POINT('',(38.578,-6.28,8.85));
#19300=CARTESIAN_POINT('',(38.578,-3.9175,8.85));
#19301=CARTESIAN_POINT('',(30.778,-3.13,8.85));
#19302=CARTESIAN_POINT('',(32.728,-3.13,8.85));
#19303=CARTESIAN_POINT('',(30.778,-6.28,8.85));
#19304=CARTESIAN_POINT('',(30.778,-5.4925,8.85));
#19305=CARTESIAN_POINT('',(36.628,-6.28,8.85));
#19306=CARTESIAN_POINT('Origin',(0.87,13.81,1.6));
#19307=CARTESIAN_POINT('',(0.87,13.81,8.85));
#19308=CARTESIAN_POINT('',(0.87,13.81,1.6));
#19309=CARTESIAN_POINT('',(14.17,13.81,8.85));
#19310=CARTESIAN_POINT('',(0.87,13.81,8.85));
#19311=CARTESIAN_POINT('',(14.17,13.81,1.6));
#19312=CARTESIAN_POINT('Origin',(0.87,19.96,1.6));
#19313=CARTESIAN_POINT('',(0.87,19.96,8.85));
#19314=CARTESIAN_POINT('',(0.87,19.96,1.6));
#19315=CARTESIAN_POINT('',(0.87,19.96,8.85));
#19316=CARTESIAN_POINT('Origin',(14.17,19.96,1.6));
#19317=CARTESIAN_POINT('',(14.17,19.96,8.85));
#19318=CARTESIAN_POINT('',(14.17,19.96,1.6));
#19319=CARTESIAN_POINT('',(14.17,19.96,8.85));
#19320=CARTESIAN_POINT('Origin',(14.17,13.81,1.6));
#19321=CARTESIAN_POINT('',(14.17,13.81,8.85));
#19322=CARTESIAN_POINT('Origin',(7.52,16.885,8.85));
#19323=CARTESIAN_POINT('',(2.37,15.31,8.85));
#19324=CARTESIAN_POINT('',(2.37,18.46,8.85));
#19325=CARTESIAN_POINT('',(2.37,16.0975,8.85));
#19326=CARTESIAN_POINT('',(12.67,15.31,8.85));
#19327=CARTESIAN_POINT('',(10.095,15.31,8.85));
#19328=CARTESIAN_POINT('',(12.67,18.46,8.85));
#19329=CARTESIAN_POINT('',(12.67,17.6725,8.85));
#19330=CARTESIAN_POINT('',(4.945,18.46,8.85));
#19331=CARTESIAN_POINT('Origin',(16.03,2.126,1.6));
#19332=CARTESIAN_POINT('',(16.03,2.126,8.85));
#19333=CARTESIAN_POINT('',(16.03,2.126,1.6));
#19334=CARTESIAN_POINT('',(24.33,2.126,8.85));
#19335=CARTESIAN_POINT('',(16.03,2.126,8.85));
#19336=CARTESIAN_POINT('',(24.33,2.126,1.6));
#19337=CARTESIAN_POINT('Origin',(16.03,8.276,1.6));
#19338=CARTESIAN_POINT('',(16.03,8.276,8.85));
#19339=CARTESIAN_POINT('',(16.03,8.276,1.6));
#19340=CARTESIAN_POINT('',(16.03,8.276,8.85));
#19341=CARTESIAN_POINT('Origin',(24.33,8.276,1.6));
#19342=CARTESIAN_POINT('',(24.33,8.276,8.85));
#19343=CARTESIAN_POINT('',(24.33,8.276,1.6));
#19344=CARTESIAN_POINT('',(24.33,8.276,8.85));
#19345=CARTESIAN_POINT('Origin',(24.33,2.126,1.6));
#19346=CARTESIAN_POINT('',(24.33,2.126,8.85));
#19347=CARTESIAN_POINT('Origin',(20.18,5.201,8.85));
#19348=CARTESIAN_POINT('',(22.83,6.776,8.85));
#19349=CARTESIAN_POINT('',(22.83,3.626,8.85));
#19350=CARTESIAN_POINT('',(22.83,5.9885,8.85));
#19351=CARTESIAN_POINT('',(17.53,6.776,8.85));
#19352=CARTESIAN_POINT('',(18.855,6.776,8.85));
#19353=CARTESIAN_POINT('',(17.53,3.626,8.85));
#19354=CARTESIAN_POINT('',(17.53,4.4135,8.85));
#19355=CARTESIAN_POINT('',(21.505,3.626,8.85));
#19356=CARTESIAN_POINT('Origin',(42.7,8.276,1.6));
#19357=CARTESIAN_POINT('',(42.7,8.276,8.85));
#19358=CARTESIAN_POINT('',(42.7,8.276,1.6));
#19359=CARTESIAN_POINT('',(42.7,2.126,8.85));
#19360=CARTESIAN_POINT('',(42.7,2.126,8.85));
#19361=CARTESIAN_POINT('',(42.7,2.126,1.6));
#19362=CARTESIAN_POINT('Origin',(51.,8.276,1.6));
#19363=CARTESIAN_POINT('',(51.,8.276,8.85));
#19364=CARTESIAN_POINT('',(51.,8.276,1.6));
#19365=CARTESIAN_POINT('',(42.7,8.276,8.85));
#19366=CARTESIAN_POINT('Origin',(51.,2.126,1.6));
#19367=CARTESIAN_POINT('',(51.,2.126,8.85));
#19368=CARTESIAN_POINT('',(51.,2.126,1.6));
#19369=CARTESIAN_POINT('',(51.,8.276,8.85));
#19370=CARTESIAN_POINT('Origin',(42.7,2.126,1.6));
#19371=CARTESIAN_POINT('',(51.,2.126,8.85));
#19372=CARTESIAN_POINT('Origin',(46.85,5.201,8.85));
#19373=CARTESIAN_POINT('',(49.5,6.776,8.85));
#19374=CARTESIAN_POINT('',(49.5,3.626,8.85));
#19375=CARTESIAN_POINT('',(49.5,5.9885,8.85));
#19376=CARTESIAN_POINT('',(44.2,6.776,8.85));
#19377=CARTESIAN_POINT('',(45.525,6.776,8.85));
#19378=CARTESIAN_POINT('',(44.2,3.626,8.85));
#19379=CARTESIAN_POINT('',(44.2,4.4135,8.85));
#19380=CARTESIAN_POINT('',(48.175,3.626,8.85));
#19381=CARTESIAN_POINT('Origin',(65.306,9.492,1.6));
#19382=CARTESIAN_POINT('',(65.306,9.492,8.85));
#19383=CARTESIAN_POINT('',(65.306,9.492,1.6));
#19384=CARTESIAN_POINT('',(73.606,9.492,8.85));
#19385=CARTESIAN_POINT('',(65.306,9.492,8.85));
#19386=CARTESIAN_POINT('',(73.606,9.492,1.6));
#19387=CARTESIAN_POINT('Origin',(65.306,15.642,1.6));
#19388=CARTESIAN_POINT('',(65.306,15.642,8.85));
#19389=CARTESIAN_POINT('',(65.306,15.642,1.6));
#19390=CARTESIAN_POINT('',(65.306,15.642,8.85));
#19391=CARTESIAN_POINT('Origin',(73.606,15.642,1.6));
#19392=CARTESIAN_POINT('',(73.606,15.642,8.85));
#19393=CARTESIAN_POINT('',(73.606,15.642,1.6));
#19394=CARTESIAN_POINT('',(73.606,15.642,8.85));
#19395=CARTESIAN_POINT('Origin',(73.606,9.492,1.6));
#19396=CARTESIAN_POINT('',(73.606,9.492,8.85));
#19397=CARTESIAN_POINT('Origin',(69.456,12.567,8.85));
#19398=CARTESIAN_POINT('',(72.106,14.142,8.85));
#19399=CARTESIAN_POINT('',(72.106,10.992,8.85));
#19400=CARTESIAN_POINT('',(72.106,13.3545,8.85));
#19401=CARTESIAN_POINT('',(66.806,14.142,8.85));
#19402=CARTESIAN_POINT('',(68.131,14.142,8.85));
#19403=CARTESIAN_POINT('',(66.806,10.992,8.85));
#19404=CARTESIAN_POINT('',(66.806,11.7795,8.85));
#19405=CARTESIAN_POINT('',(70.781,10.992,8.85));
#19406=CARTESIAN_POINT('Origin',(65.266,26.764,1.6));
#19407=CARTESIAN_POINT('',(65.266,26.764,8.85));
#19408=CARTESIAN_POINT('',(65.266,26.764,1.6));
#19409=CARTESIAN_POINT('',(73.566,26.764,8.85));
#19410=CARTESIAN_POINT('',(65.266,26.764,8.85));
#19411=CARTESIAN_POINT('',(73.566,26.764,1.6));
#19412=CARTESIAN_POINT('Origin',(65.266,32.914,1.6));
#19413=CARTESIAN_POINT('',(65.266,32.914,8.85));
#19414=CARTESIAN_POINT('',(65.266,32.914,1.6));
#19415=CARTESIAN_POINT('',(65.266,32.914,8.85));
#19416=CARTESIAN_POINT('Origin',(73.566,32.914,1.6));
#19417=CARTESIAN_POINT('',(73.566,32.914,8.85));
#19418=CARTESIAN_POINT('',(73.566,32.914,1.6));
#19419=CARTESIAN_POINT('',(73.566,32.914,8.85));
#19420=CARTESIAN_POINT('Origin',(73.566,26.764,1.6));
#19421=CARTESIAN_POINT('',(73.566,26.764,8.85));
#19422=CARTESIAN_POINT('Origin',(69.416,29.839,8.85));
#19423=CARTESIAN_POINT('',(66.766,28.264,8.85));
#19424=CARTESIAN_POINT('',(66.766,31.414,8.85));
#19425=CARTESIAN_POINT('',(66.766,29.0515,8.85));
#19426=CARTESIAN_POINT('',(72.066,28.264,8.85));
#19427=CARTESIAN_POINT('',(70.741,28.264,8.85));
#19428=CARTESIAN_POINT('',(72.066,31.414,8.85));
#19429=CARTESIAN_POINT('',(72.066,30.6265,8.85));
#19430=CARTESIAN_POINT('',(68.091,31.414,8.85));
#19431=CARTESIAN_POINT('Origin',(53.074,2.126,1.6));
#19432=CARTESIAN_POINT('',(53.074,2.126,8.85));
#19433=CARTESIAN_POINT('',(53.074,2.126,1.6));
#19434=CARTESIAN_POINT('',(61.374,2.126,8.85));
#19435=CARTESIAN_POINT('',(53.074,2.126,8.85));
#19436=CARTESIAN_POINT('',(61.374,2.126,1.6));
#19437=CARTESIAN_POINT('Origin',(53.074,8.276,1.6));
#19438=CARTESIAN_POINT('',(53.074,8.276,8.85));
#19439=CARTESIAN_POINT('',(53.074,8.276,1.6));
#19440=CARTESIAN_POINT('',(53.074,8.276,8.85));
#19441=CARTESIAN_POINT('Origin',(61.374,8.276,1.6));
#19442=CARTESIAN_POINT('',(61.374,8.276,8.85));
#19443=CARTESIAN_POINT('',(61.374,8.276,1.6));
#19444=CARTESIAN_POINT('',(61.374,8.276,8.85));
#19445=CARTESIAN_POINT('Origin',(61.374,2.126,1.6));
#19446=CARTESIAN_POINT('',(61.374,2.126,8.85));
#19447=CARTESIAN_POINT('Origin',(57.224,5.201,8.85));
#19448=CARTESIAN_POINT('',(59.874,6.776,8.85));
#19449=CARTESIAN_POINT('',(59.874,3.626,8.85));
#19450=CARTESIAN_POINT('',(59.874,5.9885,8.85));
#19451=CARTESIAN_POINT('',(54.574,6.776,8.85));
#19452=CARTESIAN_POINT('',(55.899,6.776,8.85));
#19453=CARTESIAN_POINT('',(54.574,3.626,8.85));
#19454=CARTESIAN_POINT('',(54.574,4.4135,8.85));
#19455=CARTESIAN_POINT('',(58.549,3.626,8.85));
#19456=CARTESIAN_POINT('Origin',(29.278,2.126,1.6));
#19457=CARTESIAN_POINT('',(29.278,2.126,8.85));
#19458=CARTESIAN_POINT('',(29.278,2.126,1.6));
#19459=CARTESIAN_POINT('',(40.078,2.126,8.85));
#19460=CARTESIAN_POINT('',(29.278,2.126,8.85));
#19461=CARTESIAN_POINT('',(40.078,2.126,1.6));
#19462=CARTESIAN_POINT('Origin',(29.278,8.276,1.6));
#19463=CARTESIAN_POINT('',(29.278,8.276,8.85));
#19464=CARTESIAN_POINT('',(29.278,8.276,1.6));
#19465=CARTESIAN_POINT('',(29.278,8.276,8.85));
#19466=CARTESIAN_POINT('Origin',(40.078,8.276,1.6));
#19467=CARTESIAN_POINT('',(40.078,8.276,8.85));
#19468=CARTESIAN_POINT('',(40.078,8.276,1.6));
#19469=CARTESIAN_POINT('',(40.078,8.276,8.85));
#19470=CARTESIAN_POINT('Origin',(40.078,2.126,1.6));
#19471=CARTESIAN_POINT('',(40.078,2.126,8.85));
#19472=CARTESIAN_POINT('Origin',(34.678,5.201,8.85));
#19473=CARTESIAN_POINT('',(38.578,6.776,8.85));
#19474=CARTESIAN_POINT('',(38.578,3.626,8.85));
#19475=CARTESIAN_POINT('',(38.578,5.9885,8.85));
#19476=CARTESIAN_POINT('',(30.778,6.776,8.85));
#19477=CARTESIAN_POINT('',(32.728,6.776,8.85));
#19478=CARTESIAN_POINT('',(30.778,3.626,8.85));
#19479=CARTESIAN_POINT('',(30.778,4.4135,8.85));
#19480=CARTESIAN_POINT('',(36.628,3.626,8.85));
#19481=CARTESIAN_POINT('Origin',(0.87,27.78,1.6));
#19482=CARTESIAN_POINT('',(0.87,27.78,8.85));
#19483=CARTESIAN_POINT('',(0.87,27.78,1.6));
#19484=CARTESIAN_POINT('',(14.17,27.78,8.85));
#19485=CARTESIAN_POINT('',(0.87,27.78,8.85));
#19486=CARTESIAN_POINT('',(14.17,27.78,1.6));
#19487=CARTESIAN_POINT('Origin',(0.87,33.93,1.6));
#19488=CARTESIAN_POINT('',(0.87,33.93,8.85));
#19489=CARTESIAN_POINT('',(0.87,33.93,1.6));
#19490=CARTESIAN_POINT('',(0.87,33.93,8.85));
#19491=CARTESIAN_POINT('Origin',(14.17,33.93,1.6));
#19492=CARTESIAN_POINT('',(14.17,33.93,8.85));
#19493=CARTESIAN_POINT('',(14.17,33.93,1.6));
#19494=CARTESIAN_POINT('',(14.17,33.93,8.85));
#19495=CARTESIAN_POINT('Origin',(14.17,27.78,1.6));
#19496=CARTESIAN_POINT('',(14.17,27.78,8.85));
#19497=CARTESIAN_POINT('Origin',(7.52,30.855,8.85));
#19498=CARTESIAN_POINT('',(2.37,29.28,8.85));
#19499=CARTESIAN_POINT('',(2.37,32.43,8.85));
#19500=CARTESIAN_POINT('',(2.37,30.0675,8.85));
#19501=CARTESIAN_POINT('',(12.67,29.28,8.85));
#19502=CARTESIAN_POINT('',(10.095,29.28,8.85));
#19503=CARTESIAN_POINT('',(12.67,32.43,8.85));
#19504=CARTESIAN_POINT('',(12.67,31.6425,8.85));
#19505=CARTESIAN_POINT('',(4.945,32.43,8.85));
#19506=CARTESIAN_POINT('Origin',(3.56,6.776,1.6));
#19507=CARTESIAN_POINT('',(11.36,6.776,12.6));
#19508=CARTESIAN_POINT('',(11.36,6.776,1.6));
#19509=CARTESIAN_POINT('',(3.56,6.776,12.6));
#19510=CARTESIAN_POINT('',(11.36,6.776,12.6));
#19511=CARTESIAN_POINT('',(3.56,6.776,1.6));
#19512=CARTESIAN_POINT('Origin',(11.36,6.776,1.6));
#19513=CARTESIAN_POINT('',(11.36,3.626,12.6));
#19514=CARTESIAN_POINT('',(11.36,3.626,1.6));
#19515=CARTESIAN_POINT('',(11.36,3.626,12.6));
#19516=CARTESIAN_POINT('Origin',(44.2,-3.13,1.6));
#19517=CARTESIAN_POINT('',(49.5,-3.13,12.6));
#19518=CARTESIAN_POINT('',(49.5,-3.13,1.6));
#19519=CARTESIAN_POINT('',(44.2,-3.13,12.6));
#19520=CARTESIAN_POINT('',(49.5,-3.13,12.6));
#19521=CARTESIAN_POINT('',(44.2,-3.13,1.6));
#19522=CARTESIAN_POINT('Origin',(49.5,-3.13,1.6));
#19523=CARTESIAN_POINT('',(49.5,-6.28,12.6));
#19524=CARTESIAN_POINT('',(49.5,-6.28,1.6));
#19525=CARTESIAN_POINT('',(49.5,-6.28,12.6));
#19526=CARTESIAN_POINT('Origin',(64.48,6.776,1.6));
#19527=CARTESIAN_POINT('',(74.78,6.776,12.6));
#19528=CARTESIAN_POINT('',(74.78,6.776,1.6));
#19529=CARTESIAN_POINT('',(64.48,6.776,12.6));
#19530=CARTESIAN_POINT('',(74.78,6.776,12.6));
#19531=CARTESIAN_POINT('',(64.48,6.776,1.6));
#19532=CARTESIAN_POINT('Origin',(74.78,6.776,1.6));
#19533=CARTESIAN_POINT('',(74.78,3.626,12.6));
#19534=CARTESIAN_POINT('',(74.78,3.626,1.6));
#19535=CARTESIAN_POINT('',(74.78,3.626,12.6));
#19536=CARTESIAN_POINT('Origin',(72.066,18.358,1.6));
#19537=CARTESIAN_POINT('',(66.766,18.358,12.6));
#19538=CARTESIAN_POINT('',(66.766,18.358,1.6));
#19539=CARTESIAN_POINT('',(72.066,18.358,12.6));
#19540=CARTESIAN_POINT('',(66.766,18.358,12.6));
#19541=CARTESIAN_POINT('',(72.066,18.358,1.6));
#19542=CARTESIAN_POINT('Origin',(66.766,18.358,1.6));
#19543=CARTESIAN_POINT('',(66.766,21.508,12.6));
#19544=CARTESIAN_POINT('',(66.766,21.508,1.6));
#19545=CARTESIAN_POINT('',(66.766,21.508,12.6));
#19546=CARTESIAN_POINT('Origin',(79.25,4.7,1.6));
#19547=CARTESIAN_POINT('',(79.25,15.,12.6));
#19548=CARTESIAN_POINT('',(79.25,15.,1.6));
#19549=CARTESIAN_POINT('',(79.25,4.7,12.6));
#19550=CARTESIAN_POINT('',(79.25,15.,12.6));
#19551=CARTESIAN_POINT('',(79.25,4.7,1.6));
#19552=CARTESIAN_POINT('Origin',(79.25,15.,1.6));
#19553=CARTESIAN_POINT('',(82.4,15.,12.6));
#19554=CARTESIAN_POINT('',(82.4,15.,1.6));
#19555=CARTESIAN_POINT('',(82.4,15.,12.6));
#19556=CARTESIAN_POINT('Origin',(30.778,-3.13,1.6));
#19557=CARTESIAN_POINT('',(38.578,-3.13,12.6));
#19558=CARTESIAN_POINT('',(38.578,-3.13,1.6));
#19559=CARTESIAN_POINT('',(30.778,-3.13,12.6));
#19560=CARTESIAN_POINT('',(38.578,-3.13,12.6));
#19561=CARTESIAN_POINT('',(30.778,-3.13,1.6));
#19562=CARTESIAN_POINT('Origin',(38.578,-3.13,1.6));
#19563=CARTESIAN_POINT('',(38.578,-6.28,12.6));
#19564=CARTESIAN_POINT('',(38.578,-6.28,1.6));
#19565=CARTESIAN_POINT('',(38.578,-6.28,12.6));
#19566=CARTESIAN_POINT('Origin',(12.67,15.31,1.6));
#19567=CARTESIAN_POINT('',(2.37,15.31,12.6));
#19568=CARTESIAN_POINT('',(2.37,15.31,1.6));
#19569=CARTESIAN_POINT('',(12.67,15.31,12.6));
#19570=CARTESIAN_POINT('',(2.37,15.31,12.6));
#19571=CARTESIAN_POINT('',(12.67,15.31,1.6));
#19572=CARTESIAN_POINT('Origin',(2.37,15.31,1.6));
#19573=CARTESIAN_POINT('',(2.37,18.46,12.6));
#19574=CARTESIAN_POINT('',(2.37,18.46,1.6));
#19575=CARTESIAN_POINT('',(2.37,18.46,12.6));
#19576=CARTESIAN_POINT('Origin',(17.53,6.776,1.6));
#19577=CARTESIAN_POINT('',(22.83,6.776,12.6));
#19578=CARTESIAN_POINT('',(22.83,6.776,1.6));
#19579=CARTESIAN_POINT('',(17.53,6.776,12.6));
#19580=CARTESIAN_POINT('',(22.83,6.776,12.6));
#19581=CARTESIAN_POINT('',(17.53,6.776,1.6));
#19582=CARTESIAN_POINT('Origin',(22.83,6.776,1.6));
#19583=CARTESIAN_POINT('',(22.83,3.626,12.6));
#19584=CARTESIAN_POINT('',(22.83,3.626,1.6));
#19585=CARTESIAN_POINT('',(22.83,3.626,12.6));
#19586=CARTESIAN_POINT('Origin',(44.2,6.776,1.6));
#19587=CARTESIAN_POINT('',(49.5,6.776,12.6));
#19588=CARTESIAN_POINT('',(49.5,6.776,1.6));
#19589=CARTESIAN_POINT('',(44.2,6.776,12.6));
#19590=CARTESIAN_POINT('',(44.2,6.776,12.6));
#19591=CARTESIAN_POINT('',(44.2,6.776,1.6));
#19592=CARTESIAN_POINT('Origin',(49.5,6.776,1.6));
#19593=CARTESIAN_POINT('',(49.5,3.626,12.6));
#19594=CARTESIAN_POINT('',(49.5,3.626,1.6));
#19595=CARTESIAN_POINT('',(49.5,6.776,12.6));
#19596=CARTESIAN_POINT('Origin',(66.806,14.142,1.6));
#19597=CARTESIAN_POINT('',(72.106,14.142,12.6));
#19598=CARTESIAN_POINT('',(72.106,14.142,1.6));
#19599=CARTESIAN_POINT('',(66.806,14.142,12.6));
#19600=CARTESIAN_POINT('',(72.106,14.142,12.6));
#19601=CARTESIAN_POINT('',(66.806,14.142,1.6));
#19602=CARTESIAN_POINT('Origin',(72.106,14.142,1.6));
#19603=CARTESIAN_POINT('',(72.106,10.992,12.6));
#19604=CARTESIAN_POINT('',(72.106,10.992,1.6));
#19605=CARTESIAN_POINT('',(72.106,10.992,12.6));
#19606=CARTESIAN_POINT('Origin',(72.066,28.264,1.6));
#19607=CARTESIAN_POINT('',(66.766,28.264,12.6));
#19608=CARTESIAN_POINT('',(66.766,28.264,1.6));
#19609=CARTESIAN_POINT('',(72.066,28.264,12.6));
#19610=CARTESIAN_POINT('',(66.766,28.264,12.6));
#19611=CARTESIAN_POINT('',(72.066,28.264,1.6));
#19612=CARTESIAN_POINT('Origin',(66.766,28.264,1.6));
#19613=CARTESIAN_POINT('',(66.766,31.414,12.6));
#19614=CARTESIAN_POINT('',(66.766,31.414,1.6));
#19615=CARTESIAN_POINT('',(66.766,31.414,12.6));
#19616=CARTESIAN_POINT('Origin',(54.574,6.776,1.6));
#19617=CARTESIAN_POINT('',(59.874,6.776,12.6));
#19618=CARTESIAN_POINT('',(59.874,6.776,1.6));
#19619=CARTESIAN_POINT('',(54.574,6.776,12.6));
#19620=CARTESIAN_POINT('',(59.874,6.776,12.6));
#19621=CARTESIAN_POINT('',(54.574,6.776,1.6));
#19622=CARTESIAN_POINT('Origin',(59.874,6.776,1.6));
#19623=CARTESIAN_POINT('',(59.874,3.626,12.6));
#19624=CARTESIAN_POINT('',(59.874,3.626,1.6));
#19625=CARTESIAN_POINT('',(59.874,3.626,12.6));
#19626=CARTESIAN_POINT('Origin',(30.778,6.776,1.6));
#19627=CARTESIAN_POINT('',(38.578,6.776,12.6));
#19628=CARTESIAN_POINT('',(38.578,6.776,1.6));
#19629=CARTESIAN_POINT('',(30.778,6.776,12.6));
#19630=CARTESIAN_POINT('',(38.578,6.776,12.6));
#19631=CARTESIAN_POINT('',(30.778,6.776,1.6));
#19632=CARTESIAN_POINT('Origin',(38.578,6.776,1.6));
#19633=CARTESIAN_POINT('',(38.578,3.626,12.6));
#19634=CARTESIAN_POINT('',(38.578,3.626,1.6));
#19635=CARTESIAN_POINT('',(38.578,3.626,12.6));
#19636=CARTESIAN_POINT('Origin',(12.67,29.28,1.6));
#19637=CARTESIAN_POINT('',(2.37,29.28,12.6));
#19638=CARTESIAN_POINT('',(2.37,29.28,1.6));
#19639=CARTESIAN_POINT('',(12.67,29.28,12.6));
#19640=CARTESIAN_POINT('',(2.37,29.28,12.6));
#19641=CARTESIAN_POINT('',(12.67,29.28,1.6));
#19642=CARTESIAN_POINT('Origin',(2.37,29.28,1.6));
#19643=CARTESIAN_POINT('',(2.37,32.43,12.6));
#19644=CARTESIAN_POINT('',(2.37,32.43,1.6));
#19645=CARTESIAN_POINT('',(2.37,32.43,12.6));
#19646=CARTESIAN_POINT('Origin',(55.5,-5.,0.6));
#19647=CARTESIAN_POINT('',(54.9432592941636,-0.750714593887809,1.15674070583643));
#19648=CARTESIAN_POINT('',(56.5,-2.00521484199635,-0.4));
#19649=CARTESIAN_POINT('',(55.3484266678808,-1.07721891727841,0.751573332119215));
#19650=CARTESIAN_POINT('',(56.5,-2.07142969336707,-0.4));
#19651=CARTESIAN_POINT('',(56.5,-5.,-0.4));
#19652=CARTESIAN_POINT('',(56.5,-18.0714296933671,-0.4));
#19653=CARTESIAN_POINT('',(56.5,-18.0714296933671,-0.4));
#19654=CARTESIAN_POINT('',(56.5,-18.0714296933671,-0.4));
#19655=CARTESIAN_POINT('',(54.520357,-1.71537,1.57964300000001));
#19656=CARTESIAN_POINT('',(54.3988684838338,-3.414013039563,1.70113151616617));
#19657=CARTESIAN_POINT('',(54.581014,-1.436535,1.518986));
#19658=CARTESIAN_POINT('',(54.2358928339224,-3.02302724892839,1.86410716607764));
#19659=CARTESIAN_POINT('',(54.680736,-1.16917,1.419264));
#19660=CARTESIAN_POINT('',(54.1567218590639,-2.57410613035607,1.94327814093605));
#19661=CARTESIAN_POINT('',(54.817493,-0.918718,1.282507));
#19662=CARTESIAN_POINT('',(54.1616883610431,-2.11973574268255,1.93831163895693));
#19663=CARTESIAN_POINT('',(54.2355860712718,-1.69605143990778,1.86441392872822));
#19664=CARTESIAN_POINT('Origin',(56.3830508734773,-5.68896581107347,0.6));
#19665=CARTESIAN_POINT('',(56.4643427362095,-18.5699867986727,-0.4));
#19666=CARTESIAN_POINT('',(56.4643427362095,-18.5699867986727,-0.4));
#19667=CARTESIAN_POINT('',(56.4643427362095,-18.5699867986727,-0.4));
#19668=CARTESIAN_POINT('Origin',(57.8968758171233,-7.28033052226515,0.6));
#19669=CARTESIAN_POINT('',(56.3428735945521,-19.1283699714974,-0.4));
#19670=CARTESIAN_POINT('',(56.3428735945521,-19.1283699714975,-0.4));
#19671=CARTESIAN_POINT('',(56.3428735945521,-19.1283699714974,-0.4));
#19672=CARTESIAN_POINT('Origin',(58.9576444342984,-9.2563754696692,0.6));
#19673=CARTESIAN_POINT('',(56.1431752398615,-19.6637819227404,-0.4));
#19674=CARTESIAN_POINT('',(56.1431752398615,-19.6637819227404,-0.4));
#19675=CARTESIAN_POINT('',(56.1431752398615,-19.6637819227404,-0.4));
#19676=CARTESIAN_POINT('Origin',(59.4715442987176,-11.4817232383537,0.6));
#19677=CARTESIAN_POINT('',(55.8693111529875,-20.165327059631,-0.4));
#19678=CARTESIAN_POINT('',(55.8693111529875,-20.165327059631,-0.4));
#19679=CARTESIAN_POINT('',(55.8693111529875,-20.165327059631,-0.4));
#19680=CARTESIAN_POINT('Origin',(59.385607251565,-13.799453649067,0.6));
#19681=CARTESIAN_POINT('',(55.5268577037159,-20.6227894210303,-0.4));
#19682=CARTESIAN_POINT('',(55.5268577037159,-20.6227894210303,-0.4));
#19683=CARTESIAN_POINT('',(55.5268577037159,-20.6227894210303,-0.4));
#19684=CARTESIAN_POINT('Origin',(58.6922722811867,-16.0431612811862,0.6));
#19685=CARTESIAN_POINT('',(55.1227894210303,-21.0268577037159,-0.4));
#19686=CARTESIAN_POINT('',(55.1227894210303,-21.0268577037159,-0.4));
#19687=CARTESIAN_POINT('',(55.1227894210303,-21.0268577037159,-0.4));
#19688=CARTESIAN_POINT('Origin',(57.4302783779551,-18.050329233198,0.6));
#19689=CARTESIAN_POINT('',(54.6653270596311,-21.3693111529875,-0.4));
#19690=CARTESIAN_POINT('',(54.6653270596311,-21.3693111529875,-0.4));
#19691=CARTESIAN_POINT('',(54.665327059631,-21.3693111529876,-0.4));
#19692=CARTESIAN_POINT('Origin',(55.681812490515,-19.6749002078029,0.6));
#19693=CARTESIAN_POINT('',(54.1637819227404,-21.6431752398615,-0.4));
#19694=CARTESIAN_POINT('',(54.1637819227404,-21.6431752398615,-0.4));
#19695=CARTESIAN_POINT('',(54.1637819227404,-21.6431752398615,-0.4));
#19696=CARTESIAN_POINT('Origin',(53.5664605208585,-20.7986714891683,0.6));
#19697=CARTESIAN_POINT('',(53.6283699714975,-21.8428735945521,-0.4));
#19698=CARTESIAN_POINT('',(53.6283699714975,-21.8428735945521,-0.4));
#19699=CARTESIAN_POINT('',(53.6283699714975,-21.8428735945521,-0.4));
#19700=CARTESIAN_POINT('Origin',(51.2317341455322,-21.3408434338981,0.6));
#19701=CARTESIAN_POINT('',(53.0699867986727,-21.9643427362094,-0.4));
#19702=CARTESIAN_POINT('',(53.0699867986727,-21.9643427362094,-0.4));
#19703=CARTESIAN_POINT('',(53.0699867986727,-21.9643427362094,-0.4));
#19704=CARTESIAN_POINT('Origin',(48.8417095604619,-21.2641986635689,0.6));
#19705=CARTESIAN_POINT('',(52.5714296933671,-22.,-0.4));
#19706=CARTESIAN_POINT('',(52.5714296933671,-22.,-0.4));
#19707=CARTESIAN_POINT('',(52.5714296933671,-22.,-0.4));
#19708=CARTESIAN_POINT('Origin',(36.25,-21.,0.6));
#19709=CARTESIAN_POINT('',(29.4285703066329,-22.,-0.4));
#19710=CARTESIAN_POINT('',(29.4285703066329,-22.,-0.4));
#19711=CARTESIAN_POINT('',(29.4285703066329,-22.,-0.4));
#19712=CARTESIAN_POINT('Origin',(35.0057970200811,-21.3963340374231,0.6));
#19713=CARTESIAN_POINT('',(28.9300132013273,-21.9643427362094,-0.4));
#19714=CARTESIAN_POINT('',(28.9300132013273,-21.9643427362094,-0.4));
#19715=CARTESIAN_POINT('',(28.9300132013273,-21.9643427362094,-0.4));
#19716=CARTESIAN_POINT('Origin',(32.5384798987155,-21.725930934685,0.6));
#19717=CARTESIAN_POINT('',(28.3716300285026,-21.8428735945521,-0.4));
#19718=CARTESIAN_POINT('',(28.3716300285026,-21.8428735945521,-0.4));
#19719=CARTESIAN_POINT('',(28.3716300285025,-21.8428735945521,-0.4));
#19720=CARTESIAN_POINT('Origin',(30.0556065071486,-21.403671276601,0.6));
#19721=CARTESIAN_POINT('',(27.8362180772596,-21.6431752398615,-0.4));
#19722=CARTESIAN_POINT('',(27.8362180772596,-21.6431752398615,-0.4));
#19723=CARTESIAN_POINT('',(27.8362180772596,-21.6431752398615,-0.4));
#19724=CARTESIAN_POINT('Origin',(27.7336030441816,-20.4477747796909,0.6));
#19725=CARTESIAN_POINT('',(27.334672940369,-21.3693111529875,-0.4));
#19726=CARTESIAN_POINT('',(27.334672940369,-21.3693111529875,-0.4));
#19727=CARTESIAN_POINT('',(27.334672940369,-21.3693111529875,-0.4));
#19728=CARTESIAN_POINT('Origin',(25.7372308748352,-18.9243193237742,0.6));
#19729=CARTESIAN_POINT('',(26.8772105789697,-21.0268577037159,-0.4));
#19730=CARTESIAN_POINT('',(26.8772105789697,-21.0268577037159,-0.4));
#19731=CARTESIAN_POINT('',(26.8772105789697,-21.0268577037159,-0.4));
#19732=CARTESIAN_POINT('Origin',(24.2068387188134,-16.9422722811865,0.6));
#19733=CARTESIAN_POINT('',(26.4731422962841,-20.6227894210303,-0.4));
#19734=CARTESIAN_POINT('',(26.4731422962841,-20.6227894210303,-0.4));
#19735=CARTESIAN_POINT('',(26.4731422962841,-20.6227894210303,-0.4));
#19736=CARTESIAN_POINT('Origin',(23.2471599956445,-14.6447282396432,0.6));
#19737=CARTESIAN_POINT('',(26.1306888470125,-20.165327059631,-0.4));
#19738=CARTESIAN_POINT('',(26.1306888470125,-20.165327059631,-0.4));
#19739=CARTESIAN_POINT('',(26.1306888470125,-20.1653270596311,-0.4));
#19740=CARTESIAN_POINT('Origin',(22.9194356665859,-12.1977503102418,0.6));
#19741=CARTESIAN_POINT('',(25.8568247601385,-19.6637819227404,-0.4));
#19742=CARTESIAN_POINT('',(25.8568247601385,-19.6637819227404,-0.4));
#19743=CARTESIAN_POINT('',(25.8568247601385,-19.6637819227403,-0.4));
#19744=CARTESIAN_POINT('Origin',(23.2367450376944,-9.77755375710186,0.6));
#19745=CARTESIAN_POINT('',(25.6571264054479,-19.1283699714974,-0.4));
#19746=CARTESIAN_POINT('',(25.6571264054479,-19.1283699714975,-0.4));
#19747=CARTESIAN_POINT('',(25.6571264054479,-19.1283699714975,-0.4));
#19748=CARTESIAN_POINT('Origin',(24.1631641386295,-7.55632902305171,0.6));
#19749=CARTESIAN_POINT('',(25.5356572637906,-18.5699867986727,-0.4));
#19750=CARTESIAN_POINT('',(25.5356572637906,-18.5699867986727,-0.4));
#19751=CARTESIAN_POINT('',(25.5356572637906,-18.5699867986727,-0.4));
#19752=CARTESIAN_POINT('Origin',(25.6169490459793,-5.68896468492794,0.6));
#19753=CARTESIAN_POINT('',(25.5,-18.0714296933671,-0.4));
#19754=CARTESIAN_POINT('',(25.5,-18.0714296933671,-0.4));
#19755=CARTESIAN_POINT('',(25.5,-18.0714296933671,-0.4));
#19756=CARTESIAN_POINT('Origin',(26.5,3.,0.6));
#19757=CARTESIAN_POINT('',(27.479643,-1.71537,1.579643));
#19758=CARTESIAN_POINT('',(27.3078180024454,0.687073830327306,1.40781800244538));
#19759=CARTESIAN_POINT('',(25.5,-2.07142969336704,-0.4));
#19760=CARTESIAN_POINT('',(25.5,-2.07142969336704,-0.4));
#19761=CARTESIAN_POINT('',(25.5,-2.00580589616372,-0.4));
#19762=CARTESIAN_POINT('',(25.5,3.,-0.4));
#19763=CARTESIAN_POINT('',(27.219134265622,-0.985795896777274,1.31913426562204));
#19764=CARTESIAN_POINT('',(27.6387671816731,-0.736816059074535,1.73876718167311));
#19765=CARTESIAN_POINT('',(27.319264,-1.16917,1.419264));
#19766=CARTESIAN_POINT('',(26.4144568666841,0.487862226162028,0.514456866684085));
#19767=CARTESIAN_POINT('',(27.418986,-1.436535,1.518986));
#19768=CARTESIAN_POINT('',(26.6316642040495,0.674356197271362,0.731664204049546));
#19769=CARTESIAN_POINT('',(26.9401753858175,0.764516117028229,1.04017538581751));
#19770=CARTESIAN_POINT('Origin',(27.182507,-0.918718,1.6));
#19771=CARTESIAN_POINT('',(27.182507,-0.918718,1.36045357376021));
#19772=CARTESIAN_POINT('',(27.974482439303,-2.36911419708172,0.467024139193411));
#19773=CARTESIAN_POINT('',(27.182507,-0.918718,1.6));
#19774=CARTESIAN_POINT('',(27.319264,-1.16917,1.6));
#19775=CARTESIAN_POINT('Origin',(30.5513679775816,-3.62469022744528,0.6));
#19776=CARTESIAN_POINT('',(25.4978780772597,-2.00464723986151,-0.4));
#19777=CARTESIAN_POINT('',(30.0721193650101,-4.50236942131298,-0.4));
#19778=CARTESIAN_POINT('',(25.4978780772597,-2.00464723986151,-0.4));
#19779=CARTESIAN_POINT('',(26.809721,-0.488501,1.5593889102223));
#19780=CARTESIAN_POINT('',(28.6615652486404,-1.87477996844017,1.23017448958547));
#19781=CARTESIAN_POINT('',(27.011499,-0.690279,1.47899438438952));
#19782=CARTESIAN_POINT('',(28.4875242875869,-2.16630428758684,0.890900771048456));
#19783=CARTESIAN_POINT('',(28.2343566116314,-2.3238187755863,0.631323324748989));
#19784=CARTESIAN_POINT('Origin',(43.,8.,-0.4));
#19785=CARTESIAN_POINT('',(56.5007267986727,-2.00505673620944,-0.4));
#19786=CARTESIAN_POINT('',(51.0249084424369,-3.19625122052525,-0.4));
#19787=CARTESIAN_POINT('',(56.5047677254043,-2.00476772540428,-0.4));
#19788=CARTESIAN_POINT('',(50.0693423079203,-2.46503528407244,-0.4));
#19789=CARTESIAN_POINT('',(56.5,-2.07142969336707,-0.4));
#19790=CARTESIAN_POINT('Origin',(43.,8.,-0.4));
#19791=CARTESIAN_POINT('',(25.4952322745957,-2.00476772540428,-0.4));
#19792=CARTESIAN_POINT('',(25.4952322745957,-2.00476772540428,-0.4));
#19793=CARTESIAN_POINT('',(25.4285703066329,-2.,-0.4));
#19794=CARTESIAN_POINT('',(31.4756301097483,-4.23423371596663,-0.4));
#19795=CARTESIAN_POINT('Origin',(50.8123426223336,-2.21910446996841,0.6));
#19796=CARTESIAN_POINT('',(54.988501,-0.690279,1.20617830971788));
#19797=CARTESIAN_POINT('',(54.1180037652123,-1.85312236298697,0.254947654778963));
#19798=CARTESIAN_POINT('',(55.190279,-0.488501,1.36045392070292));
#19799=CARTESIAN_POINT('',(53.8534348402046,-1.82534515979544,0.338328369135259));
#19800=CARTESIAN_POINT('',(55.418718,-0.317493,1.47899550884354));
#19801=CARTESIAN_POINT('',(53.5660071927668,-1.70442066875772,0.517586636213509));
#19802=CARTESIAN_POINT('',(55.66917,-0.180736,1.55938963223291));
#19803=CARTESIAN_POINT('',(53.3176442698914,-1.46476489285155,0.804558967276662));
#19804=CARTESIAN_POINT('',(53.1925198767425,-1.10447883691389,1.18320848535172));
#19805=CARTESIAN_POINT('',(56.5007267986727,-2.00505673620944,-0.4));
#19806=CARTESIAN_POINT('Origin',(54.817493,-0.918718,1.6));
#19807=CARTESIAN_POINT('',(54.817493,-0.918718,1.6));
#19808=CARTESIAN_POINT('',(54.988501,-0.690279,1.6));
#19809=CARTESIAN_POINT('Origin',(54.680736,-1.16917,1.6));
#19810=CARTESIAN_POINT('',(54.680736,-1.16917,1.6));
#19811=CARTESIAN_POINT('Origin',(21.897389755585,-2.42563401745558,0.6));
#19812=CARTESIAN_POINT('',(1.43001320132729,-1.96434273620945,-0.4));
#19813=CARTESIAN_POINT('',(1.4300132013273,-1.96434273620944,-0.4));
#19814=CARTESIAN_POINT('',(1.4300132013273,-1.96434273620944,-0.4));
#19815=CARTESIAN_POINT('Origin',(20.244276769352,-5.03375821885742,0.6));
#19816=CARTESIAN_POINT('',(0.871630028502555,-1.84287359455209,-0.4));
#19817=CARTESIAN_POINT('',(0.871630028502559,-1.84287359455208,-0.4));
#19818=CARTESIAN_POINT('',(0.871630028502572,-1.84287359455209,-0.4));
#19819=CARTESIAN_POINT('Origin',(17.9006884493613,-7.12709155016458,0.6));
#19820=CARTESIAN_POINT('',(0.336218077259627,-1.6431752398615,-0.4));
#19821=CARTESIAN_POINT('',(0.33621807725962,-1.6431752398615,-0.4));
#19822=CARTESIAN_POINT('',(0.336218077259609,-1.64317523986149,-0.4));
#19823=CARTESIAN_POINT('Origin',(15.03177895466,-8.52818197543815,0.6));
#19824=CARTESIAN_POINT('',(-0.165327059631046,-1.36931115298754,-0.4));
#19825=CARTESIAN_POINT('',(-0.165327059631043,-1.36931115298754,-0.4));
#19826=CARTESIAN_POINT('',(-0.165327059631035,-1.36931115298754,-0.4));
#19827=CARTESIAN_POINT('Origin',(11.846586503152,-9.11219743253505,0.6));
#19828=CARTESIAN_POINT('',(-0.622789421030259,-1.02685770371593,-0.4));
#19829=CARTESIAN_POINT('',(-0.62278942103026,-1.02685770371593,-0.4));
#19830=CARTESIAN_POINT('',(-0.622789421030251,-1.02685770371594,-0.4));
#19831=CARTESIAN_POINT('Origin',(8.58183871881345,-8.81727228118655,0.6));
#19832=CARTESIAN_POINT('',(-1.02685770371593,-0.622789421030259,-0.4));
#19833=CARTESIAN_POINT('',(-1.02685770371593,-0.62278942103026,-0.4));
#19834=CARTESIAN_POINT('',(-1.02685770371593,-0.622789421030259,-0.4));
#19835=CARTESIAN_POINT('Origin',(5.48274527309223,-7.64989387630853,0.6));
#19836=CARTESIAN_POINT('',(-1.36931115298754,-0.165327059631042,-0.4));
#19837=CARTESIAN_POINT('',(-1.36931115298754,-0.165327059631042,-0.4));
#19838=CARTESIAN_POINT('',(-1.36931115298755,-0.16532705963103,-0.4));
#19839=CARTESIAN_POINT('Origin',(2.78379047498724,-5.68457285295453,0.6));
#19840=CARTESIAN_POINT('',(-1.64317523986149,0.336218077259618,-0.4));
#19841=CARTESIAN_POINT('',(-1.6431752398615,0.336218077259618,-0.4));
#19842=CARTESIAN_POINT('',(-1.64317523986151,0.336218077259643,-0.4));
#19843=CARTESIAN_POINT('Origin',(0.690270969808319,-3.05846931073729,0.6));
#19844=CARTESIAN_POINT('',(-1.84287359455208,0.871630028502559,-0.4));
#19845=CARTESIAN_POINT('',(-1.84287359455208,0.871630028502561,-0.4));
#19846=CARTESIAN_POINT('',(-1.84287359455209,0.871630028502566,-0.4));
#19847=CARTESIAN_POINT('Origin',(-0.638472724137889,0.0395282503002498,
0.6));
#19848=CARTESIAN_POINT('',(-1.96434273620945,1.4300132013273,-0.4));
#19849=CARTESIAN_POINT('',(-1.96434273620944,1.4300132013273,-0.4));
#19850=CARTESIAN_POINT('',(-1.96434273620944,1.43001320132724,-0.4));
#19851=CARTESIAN_POINT('Origin',(-1.10150495098269,3.38351952960984,0.6));
#19852=CARTESIAN_POINT('',(-1.99999999999999,1.92857030663289,-0.4));
#19853=CARTESIAN_POINT('',(-2.,1.92857030663289,-0.4));
#19854=CARTESIAN_POINT('',(-2.,1.92857030663296,-0.4));
#19855=CARTESIAN_POINT('Origin',(-1.,21.,0.6));
#19856=CARTESIAN_POINT('',(-1.99999999999999,34.0714296933671,-0.4));
#19857=CARTESIAN_POINT('',(-2.,34.0714296933671,-0.4));
#19858=CARTESIAN_POINT('',(-2.,34.0714296933671,-0.4));
#19859=CARTESIAN_POINT('Origin',(-1.80289582025357,22.8096875676752,0.6));
#19860=CARTESIAN_POINT('',(-1.96434273620945,34.5699867986727,-0.4));
#19861=CARTESIAN_POINT('',(-1.96434273620944,34.5699867986727,-0.4));
#19862=CARTESIAN_POINT('',(-1.96434273620944,34.5699867986727,-0.4));
#19863=CARTESIAN_POINT('Origin',(-2.68522422807254,26.551731528462,0.6));
#19864=CARTESIAN_POINT('',(-1.84287359455208,35.1283699714974,-0.4));
#19865=CARTESIAN_POINT('',(-1.84287359455208,35.1283699714974,-0.4));
#19866=CARTESIAN_POINT('',(-1.84287359455208,35.1283699714975,-0.4));
#19867=CARTESIAN_POINT('Origin',(-2.53417196735495,30.4134041707015,0.6));
#19868=CARTESIAN_POINT('',(-1.64317523986151,35.6637819227404,-0.4));
#19869=CARTESIAN_POINT('',(-1.6431752398615,35.6637819227404,-0.4));
#19870=CARTESIAN_POINT('',(-1.64317523986152,35.6637819227403,-0.4));
#19871=CARTESIAN_POINT('Origin',(-1.35409638445276,34.1065911794719,0.6));
#19872=CARTESIAN_POINT('',(-1.36931115298754,36.165327059631,-0.4));
#19873=CARTESIAN_POINT('',(-1.36931115298754,36.165327059631,-0.4));
#19874=CARTESIAN_POINT('',(-1.36931115298753,36.1653270596311,-0.4));
#19875=CARTESIAN_POINT('Origin',(0.770778820209902,37.3554696123561,0.6));
#19876=CARTESIAN_POINT('',(-1.02685770371593,36.6227894210303,-0.4));
#19877=CARTESIAN_POINT('',(-1.02685770371593,36.6227894210303,-0.4));
#19878=CARTESIAN_POINT('',(-1.02685770371596,36.6227894210302,-0.4));
#19879=CARTESIAN_POINT('Origin',(3.6827277188135,39.9181612811866,0.6));
#19880=CARTESIAN_POINT('',(-0.622789421030241,37.026857703716,-0.4));
#19881=CARTESIAN_POINT('',(-0.62278942103024,37.026857703716,-0.4));
#19882=CARTESIAN_POINT('',(-0.622789421030212,37.026857703716,-0.4));
#19883=CARTESIAN_POINT('Origin',(7.16333555027,41.6063451964875,0.6));
#19884=CARTESIAN_POINT('',(-0.165327059631029,37.3693111529875,-0.4));
#19885=CARTESIAN_POINT('',(-0.165327059631029,37.3693111529875,-0.4));
#19886=CARTESIAN_POINT('',(-0.165327059631064,37.3693111529875,-0.4));
#19887=CARTESIAN_POINT('Origin',(10.9507395952201,42.2997681489208,0.6));
#19888=CARTESIAN_POINT('',(0.336218077259609,37.6431752398615,-0.4));
#19889=CARTESIAN_POINT('',(0.336218077259617,37.6431752398615,-0.4));
#19890=CARTESIAN_POINT('',(0.336218077259633,37.6431752398615,-0.4));
#19891=CARTESIAN_POINT('Origin',(14.760067012198,41.9557001902005,0.6));
#19892=CARTESIAN_POINT('',(0.871630028502555,37.8428735945521,-0.4));
#19893=CARTESIAN_POINT('',(0.87163002850255,37.8428735945521,-0.4));
#19894=CARTESIAN_POINT('',(0.871630028502592,37.8428735945521,-0.4));
#19895=CARTESIAN_POINT('Origin',(18.3066142654169,40.6122444400955,0.6));
#19896=CARTESIAN_POINT('',(1.43001320132727,37.9643427362095,-0.4));
#19897=CARTESIAN_POINT('',(1.43001320132728,37.9643427362095,-0.4));
#19898=CARTESIAN_POINT('',(1.43001320132724,37.9643427362094,-0.4));
#19899=CARTESIAN_POINT('Origin',(21.3281353863144,38.3849204201702,0.6));
#19900=CARTESIAN_POINT('',(1.92857030663292,38.,-0.4));
#19901=CARTESIAN_POINT('Origin',(64.8141796136856,38.3747419201702,0.6));
#19902=CARTESIAN_POINT('',(84.5699867986727,37.9643427362095,-0.4));
#19903=CARTESIAN_POINT('',(84.5699867986727,37.9643427362095,-0.4));
#19904=CARTESIAN_POINT('',(84.5699867986727,37.9643427362095,-0.4));
#19905=CARTESIAN_POINT('Origin',(67.8328032345832,40.5819159400955,0.6));
#19906=CARTESIAN_POINT('',(85.1283699714975,37.8428735945521,-0.4));
#19907=CARTESIAN_POINT('',(85.1283699714975,37.8428735945521,-0.4));
#19908=CARTESIAN_POINT('',(85.1283699714975,37.8428735945521,-0.4));
#19909=CARTESIAN_POINT('Origin',(71.3736154878019,41.9058391902005,0.6));
#19910=CARTESIAN_POINT('',(85.6637819227404,37.6431752398615,-0.4));
#19911=CARTESIAN_POINT('',(85.6637819227404,37.6431752398615,-0.4));
#19912=CARTESIAN_POINT('',(85.6637819227403,37.6431752398615,-0.4));
#19913=CARTESIAN_POINT('Origin',(75.1744864047802,42.2313896489208,0.6));
#19914=CARTESIAN_POINT('',(86.1653270596311,37.3693111529875,-0.4));
#19915=CARTESIAN_POINT('',(86.1653270596311,37.3693111529875,-0.4));
#19916=CARTESIAN_POINT('',(86.1653270596311,37.3693111529875,-0.4));
#19917=CARTESIAN_POINT('Origin',(78.9508839497301,41.5208411964875,0.6));
#19918=CARTESIAN_POINT('',(86.6227894210302,37.026857703716,-0.4));
#19919=CARTESIAN_POINT('',(86.6227894210302,37.026857703716,-0.4));
#19920=CARTESIAN_POINT('',(86.6227894210301,37.026857703716,-0.4));
#19921=CARTESIAN_POINT('Origin',(82.4181612811861,39.8172722811869,0.6));
#19922=CARTESIAN_POINT('',(87.026857703716,36.6227894210302,-0.4));
#19923=CARTESIAN_POINT('',(87.026857703716,36.6227894210302,-0.4));
#19924=CARTESIAN_POINT('',(87.0268577037161,36.6227894210301,-0.4));
#19925=CARTESIAN_POINT('Origin',(85.3147251797903,37.2412501123559,0.6));
#19926=CARTESIAN_POINT('',(87.3693111529875,36.1653270596311,-0.4));
#19927=CARTESIAN_POINT('',(87.3693111529875,36.1653270596311,-0.4));
#19928=CARTESIAN_POINT('',(87.3693111529875,36.1653270596311,-0.4));
#19929=CARTESIAN_POINT('Origin',(87.4224748844527,33.9813651794721,0.6));
#19930=CARTESIAN_POINT('',(87.6431752398615,35.6637819227403,-0.4));
#19931=CARTESIAN_POINT('',(87.6431752398615,35.6637819227403,-0.4));
#19932=CARTESIAN_POINT('',(87.6431752398615,35.6637819227404,-0.4));
#19933=CARTESIAN_POINT('Origin',(88.584032967355,30.2797216707015,0.6));
#19934=CARTESIAN_POINT('',(87.8428735945521,35.1283699714975,-0.4));
#19935=CARTESIAN_POINT('',(87.8428735945521,35.1283699714975,-0.4));
#19936=CARTESIAN_POINT('',(87.8428735945521,35.1283699714974,-0.4));
#19937=CARTESIAN_POINT('Origin',(88.7155527280724,26.4123140284609,0.6));
#19938=CARTESIAN_POINT('',(87.9643427362094,34.5699867986726,-0.4));
#19939=CARTESIAN_POINT('',(87.9643427362094,34.5699867986726,-0.4));
#19940=CARTESIAN_POINT('',(87.9643427362094,34.5699867986727,-0.4));
#19941=CARTESIAN_POINT('Origin',(87.8130743202537,22.6673725676756,0.6));
#19942=CARTESIAN_POINT('',(88.,34.0714296933673,-0.4));
#19943=CARTESIAN_POINT('',(88.,34.0714296933673,-0.4));
#19944=CARTESIAN_POINT('',(88.,34.0714296933672,-0.4));
#19945=CARTESIAN_POINT('Origin',(87.,5.,0.6));
#19946=CARTESIAN_POINT('',(88.,1.92857030663271,-0.4));
#19947=CARTESIAN_POINT('',(88.,1.92857030663271,-0.4));
#19948=CARTESIAN_POINT('',(88.,1.92857030663278,-0.4));
#19949=CARTESIAN_POINT('Origin',(87.0913264509827,3.2412045296095,0.6));
#19950=CARTESIAN_POINT('',(87.9643427362094,1.43001320132736,-0.4));
#19951=CARTESIAN_POINT('',(87.9643427362094,1.43001320132736,-0.4));
#19952=CARTESIAN_POINT('',(87.9643427362094,1.43001320132726,-0.4));
#19953=CARTESIAN_POINT('Origin',(86.6081442241381,-0.0998892496988818,0.6));
#19954=CARTESIAN_POINT('',(87.8428735945521,0.871630028502555,-0.4));
#19955=CARTESIAN_POINT('',(87.8428735945521,0.871630028502556,-0.4));
#19956=CARTESIAN_POINT('',(87.8428735945521,0.871630028502627,-0.4));
#19957=CARTESIAN_POINT('Origin',(85.2598680301917,-3.19215181073728,0.6));
#19958=CARTESIAN_POINT('',(87.6431752398615,0.336218077259658,-0.4));
#19959=CARTESIAN_POINT('',(87.6431752398615,0.336218077259658,-0.4));
#19960=CARTESIAN_POINT('',(87.6431752398615,0.336218077259707,-0.4));
#19961=CARTESIAN_POINT('Origin',(83.1478310250126,-5.80979885295468,0.6));
#19962=CARTESIAN_POINT('',(87.3693111529875,-0.165327059631042,-0.4));
#19963=CARTESIAN_POINT('',(87.3693111529875,-0.165327059631041,-0.4));
#19964=CARTESIAN_POINT('',(87.3693111529875,-0.165327059631082,-0.4));
#19965=CARTESIAN_POINT('Origin',(80.4317507269079,-7.76411337630844,0.6));
#19966=CARTESIAN_POINT('',(87.0268577037159,-0.622789421030312,-0.4));
#19967=CARTESIAN_POINT('',(87.0268577037159,-0.622789421030311,-0.4));
#19968=CARTESIAN_POINT('',(87.0268577037159,-0.622789421030358,-0.4));
#19969=CARTESIAN_POINT('Origin',(77.3172722811861,-8.91816128118664,0.6));
#19970=CARTESIAN_POINT('',(86.6227894210303,-1.02685770371593,-0.4));
#19971=CARTESIAN_POINT('',(86.6227894210303,-1.02685770371593,-0.4));
#19972=CARTESIAN_POINT('',(86.6227894210303,-1.02685770371593,-0.4));
#19973=CARTESIAN_POINT('Origin',(74.0391939968481,-9.19770143253506,0.6));
#19974=CARTESIAN_POINT('',(86.1653270596311,-1.36931115298753,-0.4));
#19975=CARTESIAN_POINT('',(86.1653270596311,-1.36931115298753,-0.4));
#19976=CARTESIAN_POINT('',(86.1653270596311,-1.36931115298752,-0.4));
#19977=CARTESIAN_POINT('Origin',(70.8429950453403,-8.59656047543825,0.6));
#19978=CARTESIAN_POINT('',(85.6637819227404,-1.64317523986148,-0.4));
#19979=CARTESIAN_POINT('',(85.6637819227404,-1.64317523986148,-0.4));
#19980=CARTESIAN_POINT('',(85.6637819227404,-1.64317523986149,-0.4));
#19981=CARTESIAN_POINT('Origin',(67.9656290506387,-7.17695255016455,0.6));
#19982=CARTESIAN_POINT('',(85.1283699714974,-1.84287359455208,-0.4));
#19983=CARTESIAN_POINT('',(85.1283699714974,-1.84287359455208,-0.4));
#19984=CARTESIAN_POINT('',(85.1283699714975,-1.84287359455208,-0.4));
#19985=CARTESIAN_POINT('Origin',(65.616305730648,-5.06408671885746,0.6));
#19986=CARTESIAN_POINT('',(84.5699867986727,-1.96434273620945,-0.4));
#19987=CARTESIAN_POINT('',(84.5699867986727,-1.96434273620944,-0.4));
#19988=CARTESIAN_POINT('',(84.5699867986727,-1.96434273620944,-0.4));
#19989=CARTESIAN_POINT('Origin',(63.960295244415,-2.43581251745556,0.6));
#19990=CARTESIAN_POINT('',(84.0714296933671,-2.,-0.4));
#19991=CARTESIAN_POINT('Origin',(49.998003610648,-1.46758313470812,0.6));
#19992=CARTESIAN_POINT('',(56.5047677254043,-2.00476772540428,-0.4));
#19993=CARTESIAN_POINT('Origin',(54.581014,-1.436535,1.6));
#19994=CARTESIAN_POINT('',(54.581014,-1.436535,1.6));
#19995=CARTESIAN_POINT('Origin',(54.520357,-1.71537,1.6));
#19996=CARTESIAN_POINT('',(54.520357,-1.71537,1.6));
#19997=CARTESIAN_POINT('Origin',(54.5,-2.,1.6));
#19998=CARTESIAN_POINT('Origin',(31.8250943225033,-3.29728400333334,0.6));
#19999=CARTESIAN_POINT('',(28.8820994385381,-0.694171993574702,2.01051365922897));
#20000=CARTESIAN_POINT('Origin',(25.78463,-0.020357,1.6));
#20001=CARTESIAN_POINT('',(25.78463,-0.020357,1.6));
#20002=CARTESIAN_POINT('Origin',(25.5,0.,1.6));
#20003=CARTESIAN_POINT('Origin',(55.66917,-0.180736,1.6));
#20004=CARTESIAN_POINT('',(55.66917,-0.180736,1.6));
#20005=CARTESIAN_POINT('Origin',(55.418718,-0.317493,1.6));
#20006=CARTESIAN_POINT('',(55.418718,-0.317493,1.6));
#20007=CARTESIAN_POINT('Origin',(55.190279,-0.488501,1.6));
#20008=CARTESIAN_POINT('',(55.190279,-0.488501,1.6));
#20009=CARTESIAN_POINT('Origin',(54.988501,-0.690279,1.6));
#20010=CARTESIAN_POINT('Origin',(27.479643,-1.71537,1.6));
#20011=CARTESIAN_POINT('',(27.479643,-1.71537,1.6));
#20012=CARTESIAN_POINT('Origin',(27.418986,-1.436535,1.6));
#20013=CARTESIAN_POINT('',(27.418986,-1.436535,1.6));
#20014=CARTESIAN_POINT('Origin',(27.319264,-1.16917,1.6));
#20015=CARTESIAN_POINT('Origin',(27.011499,-0.690279,1.6));
#20016=CARTESIAN_POINT('',(27.011499,-0.690279,1.6));
#20017=CARTESIAN_POINT('Origin',(26.809721,-0.488501,1.6));
#20018=CARTESIAN_POINT('',(26.809721,-0.488501,1.6));
#20019=CARTESIAN_POINT('Origin',(26.581282,-0.317493,1.6));
#20020=CARTESIAN_POINT('Origin',(30.778,3.626,1.6));
#20021=CARTESIAN_POINT('',(30.778,3.626,12.6));
#20022=CARTESIAN_POINT('',(30.778,6.776,12.6));
#20023=CARTESIAN_POINT('',(30.778,3.626,1.6));
#20024=CARTESIAN_POINT('Origin',(38.578,3.626,1.6));
#20025=CARTESIAN_POINT('',(30.778,3.626,12.6));
#20026=CARTESIAN_POINT('Origin',(38.852,-16.332,1.6));
#20027=CARTESIAN_POINT('',(38.852,-16.332,12.6));
#20028=CARTESIAN_POINT('',(30.852,-16.332,12.6));
#20029=CARTESIAN_POINT('',(38.852,-16.332,1.6));
#20030=CARTESIAN_POINT('Origin',(38.852,-11.332,1.6));
#20031=CARTESIAN_POINT('',(38.852,-16.332,12.6));
#20032=CARTESIAN_POINT('Origin',(72.066,31.414,1.6));
#20033=CARTESIAN_POINT('',(72.066,31.414,12.6));
#20034=CARTESIAN_POINT('',(72.066,28.264,12.6));
#20035=CARTESIAN_POINT('',(72.066,31.414,1.6));
#20036=CARTESIAN_POINT('Origin',(66.766,31.414,1.6));
#20037=CARTESIAN_POINT('',(72.066,31.414,12.6));
#20038=CARTESIAN_POINT('Origin',(82.4,4.7,1.6));
#20039=CARTESIAN_POINT('',(82.4,4.7,12.6));
#20040=CARTESIAN_POINT('',(79.25,4.7,12.6));
#20041=CARTESIAN_POINT('',(82.4,4.7,1.6));
#20042=CARTESIAN_POINT('Origin',(82.4,15.,1.6));
#20043=CARTESIAN_POINT('',(82.4,4.7,12.6));
#20044=CARTESIAN_POINT('Origin',(43.044,-11.332,1.6));
#20045=CARTESIAN_POINT('',(43.044,-11.332,12.6));
#20046=CARTESIAN_POINT('',(43.044,-11.332,12.6));
#20047=CARTESIAN_POINT('',(43.044,-11.332,1.6));
#20048=CARTESIAN_POINT('Origin',(43.044,-16.332,1.6));
#20049=CARTESIAN_POINT('',(43.044,-16.332,12.6));
#20050=CARTESIAN_POINT('Origin',(43.595,10.59,1.6));
#20051=CARTESIAN_POINT('',(43.595,10.59,12.6));
#20052=CARTESIAN_POINT('',(43.595,10.59,12.6));
#20053=CARTESIAN_POINT('',(43.595,10.59,1.6));
#20054=CARTESIAN_POINT('Origin',(45.095,10.59,1.6));
#20055=CARTESIAN_POINT('',(45.095,10.59,12.6));
#20056=CARTESIAN_POINT('Origin',(30.778,-6.28,1.6));
#20057=CARTESIAN_POINT('',(30.778,-6.28,12.6));
#20058=CARTESIAN_POINT('',(30.778,-3.13,12.6));
#20059=CARTESIAN_POINT('',(30.778,-6.28,1.6));
#20060=CARTESIAN_POINT('Origin',(38.578,-6.28,1.6));
#20061=CARTESIAN_POINT('',(30.778,-6.28,12.6));
#20062=CARTESIAN_POINT('Origin',(44.2,3.626,1.6));
#20063=CARTESIAN_POINT('',(44.2,3.626,12.6));
#20064=CARTESIAN_POINT('',(44.2,3.626,12.6));
#20065=CARTESIAN_POINT('',(44.2,3.626,1.6));
#20066=CARTESIAN_POINT('Origin',(49.5,3.626,1.6));
#20067=CARTESIAN_POINT('',(49.5,3.626,12.6));
#20068=CARTESIAN_POINT('Origin',(64.48,3.626,1.6));
#20069=CARTESIAN_POINT('',(64.48,3.626,12.6));
#20070=CARTESIAN_POINT('',(64.48,6.776,12.6));
#20071=CARTESIAN_POINT('',(64.48,3.626,1.6));
#20072=CARTESIAN_POINT('Origin',(74.78,3.626,1.6));
#20073=CARTESIAN_POINT('',(64.48,3.626,12.6));
#20074=CARTESIAN_POINT('Origin',(54.574,3.626,1.6));
#20075=CARTESIAN_POINT('',(54.574,3.626,12.6));
#20076=CARTESIAN_POINT('',(54.574,6.776,12.6));
#20077=CARTESIAN_POINT('',(54.574,3.626,1.6));
#20078=CARTESIAN_POINT('Origin',(59.874,3.626,1.6));
#20079=CARTESIAN_POINT('',(54.574,3.626,12.6));
#20080=CARTESIAN_POINT('Origin',(28.355,33.59,1.6));
#20081=CARTESIAN_POINT('',(28.355,33.59,12.6));
#20082=CARTESIAN_POINT('',(29.855,33.59,12.6));
#20083=CARTESIAN_POINT('',(28.355,33.59,1.6));
#20084=CARTESIAN_POINT('Origin',(28.355,10.59,1.6));
#20085=CARTESIAN_POINT('',(28.355,33.59,12.6));
#20086=CARTESIAN_POINT('Origin',(3.56,3.626,1.6));
#20087=CARTESIAN_POINT('',(3.56,3.626,12.6));
#20088=CARTESIAN_POINT('',(3.56,6.776,12.6));
#20089=CARTESIAN_POINT('',(3.56,3.626,1.6));
#20090=CARTESIAN_POINT('Origin',(11.36,3.626,1.6));
#20091=CARTESIAN_POINT('',(3.56,3.626,12.6));
#20092=CARTESIAN_POINT('Origin',(66.806,10.992,1.6));
#20093=CARTESIAN_POINT('',(66.806,10.992,12.6));
#20094=CARTESIAN_POINT('',(66.806,14.142,12.6));
#20095=CARTESIAN_POINT('',(66.806,10.992,1.6));
#20096=CARTESIAN_POINT('Origin',(72.106,10.992,1.6));
#20097=CARTESIAN_POINT('',(66.806,10.992,12.6));
#20098=CARTESIAN_POINT('Origin',(72.066,21.508,1.6));
#20099=CARTESIAN_POINT('',(72.066,21.508,12.6));
#20100=CARTESIAN_POINT('',(72.066,18.358,12.6));
#20101=CARTESIAN_POINT('',(72.066,21.508,1.6));
#20102=CARTESIAN_POINT('Origin',(66.766,21.508,1.6));
#20103=CARTESIAN_POINT('',(72.066,21.508,12.6));
#20104=CARTESIAN_POINT('Origin',(12.67,18.46,1.6));
#20105=CARTESIAN_POINT('',(12.67,18.46,12.6));
#20106=CARTESIAN_POINT('',(12.67,15.31,12.6));
#20107=CARTESIAN_POINT('',(12.67,18.46,1.6));
#20108=CARTESIAN_POINT('Origin',(2.37,18.46,1.6));
#20109=CARTESIAN_POINT('',(12.67,18.46,12.6));
#20110=CARTESIAN_POINT('Origin',(22.21,30.98,1.6));
#20111=CARTESIAN_POINT('',(22.21,30.98,12.6));
#20112=CARTESIAN_POINT('',(22.21,19.08,12.6));
#20113=CARTESIAN_POINT('',(22.21,30.98,1.6));
#20114=CARTESIAN_POINT('Origin',(18.11,30.98,1.6));
#20115=CARTESIAN_POINT('',(22.21,30.98,12.6));
#20116=CARTESIAN_POINT('Origin',(44.2,-6.28,1.6));
#20117=CARTESIAN_POINT('',(44.2,-6.28,12.6));
#20118=CARTESIAN_POINT('',(44.2,-3.13,12.6));
#20119=CARTESIAN_POINT('',(44.2,-6.28,1.6));
#20120=CARTESIAN_POINT('Origin',(49.5,-6.28,1.6));
#20121=CARTESIAN_POINT('',(44.2,-6.28,12.6));
#20122=CARTESIAN_POINT('Origin',(60.,17.875,1.6));
#20123=CARTESIAN_POINT('',(61.6,17.875,12.6));
#20124=CARTESIAN_POINT('Origin',(60.,17.875,12.6));
#20125=CARTESIAN_POINT('',(61.6,17.875,1.6));
#20126=CARTESIAN_POINT('Origin',(12.67,32.43,1.6));
#20127=CARTESIAN_POINT('',(12.67,32.43,12.6));
#20128=CARTESIAN_POINT('',(12.67,29.28,12.6));
#20129=CARTESIAN_POINT('',(12.67,32.43,1.6));
#20130=CARTESIAN_POINT('Origin',(2.37,32.43,1.6));
#20131=CARTESIAN_POINT('',(12.67,32.43,12.6));
#20132=CARTESIAN_POINT('Origin',(17.53,3.626,1.6));
#20133=CARTESIAN_POINT('',(17.53,3.626,12.6));
#20134=CARTESIAN_POINT('',(17.53,6.776,12.6));
#20135=CARTESIAN_POINT('',(17.53,3.626,1.6));
#20136=CARTESIAN_POINT('Origin',(22.83,3.626,1.6));
#20137=CARTESIAN_POINT('',(17.53,3.626,12.6));
#20138=CARTESIAN_POINT('Origin',(1.4300132013273,-1.96434273620944,1.6));
#20139=CARTESIAN_POINT('',(1.4300132013273,-1.96434273620944,12.6));
#20140=CARTESIAN_POINT('',(1.4300132013273,-1.96434273620944,12.6));
#20141=CARTESIAN_POINT('',(1.4300132013273,-1.96434273620944,1.6));
#20142=CARTESIAN_POINT('Origin',(0.871630028502559,-1.84287359455208,1.6));
#20143=CARTESIAN_POINT('',(0.871630028502559,-1.84287359455208,12.6));
#20144=CARTESIAN_POINT('',(0.871630028502559,-1.84287359455208,12.6));
#20145=CARTESIAN_POINT('',(0.871630028502559,-1.84287359455208,1.6));
#20146=CARTESIAN_POINT('Origin',(0.33621807725962,-1.6431752398615,1.6));
#20147=CARTESIAN_POINT('',(0.336218077259618,-1.6431752398615,12.6));
#20148=CARTESIAN_POINT('',(0.33621807725962,-1.6431752398615,12.6));
#20149=CARTESIAN_POINT('',(0.33621807725962,-1.6431752398615,1.6));
#20150=CARTESIAN_POINT('Origin',(-0.165327059631043,-1.36931115298754,1.6));
#20151=CARTESIAN_POINT('',(-0.165327059631042,-1.36931115298754,12.6));
#20152=CARTESIAN_POINT('',(-0.165327059631043,-1.36931115298754,12.6));
#20153=CARTESIAN_POINT('',(-0.165327059631043,-1.36931115298754,1.6));
#20154=CARTESIAN_POINT('Origin',(-0.62278942103026,-1.02685770371593,1.6));
#20155=CARTESIAN_POINT('',(-0.622789421030259,-1.02685770371593,12.6));
#20156=CARTESIAN_POINT('',(-0.62278942103026,-1.02685770371593,12.6));
#20157=CARTESIAN_POINT('',(-0.62278942103026,-1.02685770371593,1.6));
#20158=CARTESIAN_POINT('Origin',(-1.02685770371593,-0.62278942103026,1.6));
#20159=CARTESIAN_POINT('',(-1.02685770371593,-0.62278942103026,12.6));
#20160=CARTESIAN_POINT('',(-1.02685770371593,-0.62278942103026,12.6));
#20161=CARTESIAN_POINT('',(-1.02685770371593,-0.62278942103026,1.6));
#20162=CARTESIAN_POINT('Origin',(-1.36931115298754,-0.165327059631042,1.6));
#20163=CARTESIAN_POINT('',(-1.36931115298754,-0.165327059631042,12.6));
#20164=CARTESIAN_POINT('',(-1.36931115298754,-0.165327059631042,12.6));
#20165=CARTESIAN_POINT('',(-1.36931115298754,-0.165327059631042,1.6));
#20166=CARTESIAN_POINT('Origin',(-1.6431752398615,0.336218077259618,1.6));
#20167=CARTESIAN_POINT('',(-1.6431752398615,0.336218077259618,12.6));
#20168=CARTESIAN_POINT('',(-1.6431752398615,0.336218077259618,12.6));
#20169=CARTESIAN_POINT('',(-1.6431752398615,0.336218077259618,1.6));
#20170=CARTESIAN_POINT('Origin',(-1.84287359455208,0.871630028502561,1.6));
#20171=CARTESIAN_POINT('',(-1.84287359455209,0.871630028502561,12.6));
#20172=CARTESIAN_POINT('',(-1.84287359455208,0.871630028502561,12.6));
#20173=CARTESIAN_POINT('',(-1.84287359455208,0.871630028502561,1.6));
#20174=CARTESIAN_POINT('Origin',(-1.96434273620944,1.4300132013273,1.6));
#20175=CARTESIAN_POINT('',(-1.96434273620945,1.4300132013273,12.6));
#20176=CARTESIAN_POINT('',(-1.96434273620944,1.4300132013273,12.6));
#20177=CARTESIAN_POINT('',(-1.96434273620944,1.4300132013273,1.6));
#20178=CARTESIAN_POINT('Origin',(-2.,1.92857030663289,1.6));
#20179=CARTESIAN_POINT('',(-2.,1.92857030663289,12.6));
#20180=CARTESIAN_POINT('',(-2.,1.92857030663289,12.6));
#20181=CARTESIAN_POINT('',(-2.,1.92857030663289,1.6));
#20182=CARTESIAN_POINT('Origin',(-2.,34.0714296933671,1.6));
#20183=CARTESIAN_POINT('',(-2.,34.0714296933671,12.6));
#20184=CARTESIAN_POINT('',(-2.,34.0714296933671,12.6));
#20185=CARTESIAN_POINT('',(-2.,34.0714296933671,1.6));
#20186=CARTESIAN_POINT('Origin',(-1.96434273620944,34.5699867986727,1.6));
#20187=CARTESIAN_POINT('',(-1.96434273620945,34.5699867986727,12.6));
#20188=CARTESIAN_POINT('',(-1.96434273620944,34.5699867986727,12.6));
#20189=CARTESIAN_POINT('',(-1.96434273620944,34.5699867986727,1.6));
#20190=CARTESIAN_POINT('Origin',(-1.84287359455208,35.1283699714974,1.6));
#20191=CARTESIAN_POINT('',(-1.84287359455209,35.1283699714974,12.6));
#20192=CARTESIAN_POINT('',(-1.84287359455208,35.1283699714974,12.6));
#20193=CARTESIAN_POINT('',(-1.84287359455208,35.1283699714974,1.6));
#20194=CARTESIAN_POINT('Origin',(-1.6431752398615,35.6637819227404,1.6));
#20195=CARTESIAN_POINT('',(-1.6431752398615,35.6637819227404,12.6));
#20196=CARTESIAN_POINT('',(-1.6431752398615,35.6637819227404,12.6));
#20197=CARTESIAN_POINT('',(-1.6431752398615,35.6637819227404,1.6));
#20198=CARTESIAN_POINT('Origin',(-1.36931115298754,36.165327059631,1.6));
#20199=CARTESIAN_POINT('',(-1.36931115298754,36.165327059631,12.6));
#20200=CARTESIAN_POINT('',(-1.36931115298754,36.165327059631,12.6));
#20201=CARTESIAN_POINT('',(-1.36931115298754,36.165327059631,1.6));
#20202=CARTESIAN_POINT('Origin',(-1.02685770371593,36.6227894210303,1.6));
#20203=CARTESIAN_POINT('',(-1.02685770371593,36.6227894210303,12.6));
#20204=CARTESIAN_POINT('',(-1.02685770371593,36.6227894210303,12.6));
#20205=CARTESIAN_POINT('',(-1.02685770371593,36.6227894210303,1.6));
#20206=CARTESIAN_POINT('Origin',(-0.62278942103024,37.026857703716,1.6));
#20207=CARTESIAN_POINT('',(-0.622789421030241,37.026857703716,12.6));
#20208=CARTESIAN_POINT('',(-0.62278942103024,37.026857703716,12.6));
#20209=CARTESIAN_POINT('',(-0.62278942103024,37.026857703716,1.6));
#20210=CARTESIAN_POINT('Origin',(-0.165327059631029,37.3693111529875,1.6));
#20211=CARTESIAN_POINT('',(-0.165327059631029,37.3693111529875,12.6));
#20212=CARTESIAN_POINT('',(-0.165327059631029,37.3693111529875,12.6));
#20213=CARTESIAN_POINT('',(-0.165327059631029,37.3693111529875,1.6));
#20214=CARTESIAN_POINT('Origin',(0.336218077259617,37.6431752398615,1.6));
#20215=CARTESIAN_POINT('',(0.336218077259618,37.6431752398615,12.6));
#20216=CARTESIAN_POINT('',(0.336218077259617,37.6431752398615,12.6));
#20217=CARTESIAN_POINT('',(0.336218077259617,37.6431752398615,1.6));
#20218=CARTESIAN_POINT('Origin',(0.87163002850255,37.8428735945521,1.6));
#20219=CARTESIAN_POINT('',(0.87163002850255,37.8428735945521,12.6));
#20220=CARTESIAN_POINT('',(0.87163002850255,37.8428735945521,12.6));
#20221=CARTESIAN_POINT('',(0.87163002850255,37.8428735945521,1.6));
#20222=CARTESIAN_POINT('Origin',(1.43001320132728,37.9643427362095,1.6));
#20223=CARTESIAN_POINT('',(1.43001320132727,37.9643427362095,12.6));
#20224=CARTESIAN_POINT('',(1.43001320132728,37.9643427362095,12.6));
#20225=CARTESIAN_POINT('',(1.43001320132728,37.9643427362095,1.6));
#20226=CARTESIAN_POINT('Origin',(1.92857030663292,38.,1.6));
#20227=CARTESIAN_POINT('',(1.92857030663292,38.,12.6));
#20228=CARTESIAN_POINT('Origin',(84.5699867986727,37.9643427362095,1.6));
#20229=CARTESIAN_POINT('',(84.5699867986727,37.9643427362095,12.6));
#20230=CARTESIAN_POINT('',(84.5699867986727,37.9643427362095,12.6));
#20231=CARTESIAN_POINT('',(84.5699867986727,37.9643427362095,1.6));
#20232=CARTESIAN_POINT('Origin',(85.1283699714975,37.8428735945521,1.6));
#20233=CARTESIAN_POINT('',(85.1283699714975,37.8428735945521,12.6));
#20234=CARTESIAN_POINT('',(85.1283699714975,37.8428735945521,12.6));
#20235=CARTESIAN_POINT('',(85.1283699714975,37.8428735945521,1.6));
#20236=CARTESIAN_POINT('Origin',(85.6637819227404,37.6431752398615,1.6));
#20237=CARTESIAN_POINT('',(85.6637819227404,37.6431752398615,12.6));
#20238=CARTESIAN_POINT('',(85.6637819227404,37.6431752398615,12.6));
#20239=CARTESIAN_POINT('',(85.6637819227404,37.6431752398615,1.6));
#20240=CARTESIAN_POINT('Origin',(86.1653270596311,37.3693111529875,1.6));
#20241=CARTESIAN_POINT('',(86.1653270596311,37.3693111529875,12.6));
#20242=CARTESIAN_POINT('',(86.1653270596311,37.3693111529875,12.6));
#20243=CARTESIAN_POINT('',(86.1653270596311,37.3693111529875,1.6));
#20244=CARTESIAN_POINT('Origin',(86.6227894210302,37.026857703716,1.6));
#20245=CARTESIAN_POINT('',(86.6227894210302,37.026857703716,12.6));
#20246=CARTESIAN_POINT('',(86.6227894210302,37.026857703716,12.6));
#20247=CARTESIAN_POINT('',(86.6227894210302,37.026857703716,1.6));
#20248=CARTESIAN_POINT('Origin',(87.026857703716,36.6227894210302,1.6));
#20249=CARTESIAN_POINT('',(87.026857703716,36.6227894210302,12.6));
#20250=CARTESIAN_POINT('',(87.026857703716,36.6227894210302,12.6));
#20251=CARTESIAN_POINT('',(87.026857703716,36.6227894210302,1.6));
#20252=CARTESIAN_POINT('Origin',(87.3693111529875,36.1653270596311,1.6));
#20253=CARTESIAN_POINT('',(87.3693111529875,36.1653270596311,12.6));
#20254=CARTESIAN_POINT('',(87.3693111529875,36.1653270596311,12.6));
#20255=CARTESIAN_POINT('',(87.3693111529875,36.1653270596311,1.6));
#20256=CARTESIAN_POINT('Origin',(87.6431752398615,35.6637819227403,1.6));
#20257=CARTESIAN_POINT('',(87.6431752398615,35.6637819227403,12.6));
#20258=CARTESIAN_POINT('',(87.6431752398615,35.6637819227403,12.6));
#20259=CARTESIAN_POINT('',(87.6431752398615,35.6637819227403,1.6));
#20260=CARTESIAN_POINT('Origin',(87.8428735945521,35.1283699714975,1.6));
#20261=CARTESIAN_POINT('',(87.8428735945521,35.1283699714975,12.6));
#20262=CARTESIAN_POINT('',(87.8428735945521,35.1283699714975,12.6));
#20263=CARTESIAN_POINT('',(87.8428735945521,35.1283699714975,1.6));
#20264=CARTESIAN_POINT('Origin',(87.9643427362094,34.5699867986726,1.6));
#20265=CARTESIAN_POINT('',(87.9643427362094,34.5699867986726,12.6));
#20266=CARTESIAN_POINT('',(87.9643427362094,34.5699867986726,12.6));
#20267=CARTESIAN_POINT('',(87.9643427362094,34.5699867986726,1.6));
#20268=CARTESIAN_POINT('Origin',(88.,34.0714296933673,1.6));
#20269=CARTESIAN_POINT('',(88.,34.0714296933673,12.6));
#20270=CARTESIAN_POINT('',(88.,34.0714296933673,12.6));
#20271=CARTESIAN_POINT('',(88.,34.0714296933673,1.6));
#20272=CARTESIAN_POINT('Origin',(88.,1.92857030663271,1.6));
#20273=CARTESIAN_POINT('',(88.,1.92857030663271,12.6));
#20274=CARTESIAN_POINT('',(88.,1.92857030663271,12.6));
#20275=CARTESIAN_POINT('',(88.,1.92857030663271,1.6));
#20276=CARTESIAN_POINT('Origin',(87.9643427362094,1.43001320132736,1.6));
#20277=CARTESIAN_POINT('',(87.9643427362094,1.43001320132736,12.6));
#20278=CARTESIAN_POINT('',(87.9643427362094,1.43001320132736,12.6));
#20279=CARTESIAN_POINT('',(87.9643427362094,1.43001320132736,1.6));
#20280=CARTESIAN_POINT('Origin',(87.8428735945521,0.871630028502556,1.6));
#20281=CARTESIAN_POINT('',(87.8428735945521,0.871630028502556,12.6));
#20282=CARTESIAN_POINT('',(87.8428735945521,0.871630028502556,12.6));
#20283=CARTESIAN_POINT('',(87.8428735945521,0.871630028502556,1.6));
#20284=CARTESIAN_POINT('Origin',(87.6431752398615,0.336218077259658,1.6));
#20285=CARTESIAN_POINT('',(87.6431752398615,0.336218077259658,12.6));
#20286=CARTESIAN_POINT('',(87.6431752398615,0.336218077259658,12.6));
#20287=CARTESIAN_POINT('',(87.6431752398615,0.336218077259658,1.6));
#20288=CARTESIAN_POINT('Origin',(87.3693111529875,-0.165327059631041,1.6));
#20289=CARTESIAN_POINT('',(87.3693111529875,-0.165327059631041,12.6));
#20290=CARTESIAN_POINT('',(87.3693111529875,-0.165327059631041,12.6));
#20291=CARTESIAN_POINT('',(87.3693111529875,-0.165327059631041,1.6));
#20292=CARTESIAN_POINT('Origin',(87.0268577037159,-0.622789421030311,1.6));
#20293=CARTESIAN_POINT('',(87.0268577037159,-0.622789421030311,12.6));
#20294=CARTESIAN_POINT('',(87.0268577037159,-0.622789421030311,12.6));
#20295=CARTESIAN_POINT('',(87.0268577037159,-0.622789421030311,1.6));
#20296=CARTESIAN_POINT('Origin',(86.6227894210303,-1.02685770371593,1.6));
#20297=CARTESIAN_POINT('',(86.6227894210303,-1.02685770371593,12.6));
#20298=CARTESIAN_POINT('',(86.6227894210303,-1.02685770371593,12.6));
#20299=CARTESIAN_POINT('',(86.6227894210303,-1.02685770371593,1.6));
#20300=CARTESIAN_POINT('Origin',(86.1653270596311,-1.36931115298753,1.6));
#20301=CARTESIAN_POINT('',(86.1653270596311,-1.36931115298753,12.6));
#20302=CARTESIAN_POINT('',(86.1653270596311,-1.36931115298753,12.6));
#20303=CARTESIAN_POINT('',(86.1653270596311,-1.36931115298753,1.6));
#20304=CARTESIAN_POINT('Origin',(85.6637819227404,-1.64317523986148,1.6));
#20305=CARTESIAN_POINT('',(85.6637819227404,-1.64317523986148,12.6));
#20306=CARTESIAN_POINT('',(85.6637819227404,-1.64317523986148,12.6));
#20307=CARTESIAN_POINT('',(85.6637819227404,-1.64317523986148,1.6));
#20308=CARTESIAN_POINT('Origin',(85.1283699714974,-1.84287359455208,1.6));
#20309=CARTESIAN_POINT('',(85.1283699714974,-1.84287359455208,12.6));
#20310=CARTESIAN_POINT('',(85.1283699714974,-1.84287359455208,12.6));
#20311=CARTESIAN_POINT('',(85.1283699714974,-1.84287359455208,1.6));
#20312=CARTESIAN_POINT('Origin',(84.5699867986727,-1.96434273620944,1.6));
#20313=CARTESIAN_POINT('',(84.5699867986727,-1.96434273620944,12.6));
#20314=CARTESIAN_POINT('',(84.5699867986727,-1.96434273620944,12.6));
#20315=CARTESIAN_POINT('',(84.5699867986727,-1.96434273620944,1.6));
#20316=CARTESIAN_POINT('Origin',(84.0714296933671,-2.,1.6));
#20317=CARTESIAN_POINT('',(84.0714296933671,-2.,12.6));
#20318=CARTESIAN_POINT('Origin',(56.5047677254043,-2.00476772540428,1.6));
#20319=CARTESIAN_POINT('',(56.5047677254043,-2.00476772540428,12.6));
#20320=CARTESIAN_POINT('',(56.5047677254043,-2.00476772540428,12.6));
#20321=CARTESIAN_POINT('',(56.5047677254043,-2.00476772540428,1.6));
#20322=CARTESIAN_POINT('Origin',(56.5,-2.07142969336707,1.6));
#20323=CARTESIAN_POINT('',(56.5,-2.07142969336707,12.6));
#20324=CARTESIAN_POINT('',(56.5,-2.07142969336707,12.6));
#20325=CARTESIAN_POINT('',(56.5,-2.07142969336707,1.6));
#20326=CARTESIAN_POINT('Origin',(56.5,-18.0714296933671,1.6));
#20327=CARTESIAN_POINT('',(56.5,-18.0714296933671,12.6));
#20328=CARTESIAN_POINT('',(56.5,-18.0714296933671,12.6));
#20329=CARTESIAN_POINT('',(56.5,-18.0714296933671,1.6));
#20330=CARTESIAN_POINT('Origin',(56.4643427362095,-18.5699867986727,1.6));
#20331=CARTESIAN_POINT('',(56.4643427362095,-18.5699867986727,12.6));
#20332=CARTESIAN_POINT('',(56.4643427362095,-18.5699867986727,12.6));
#20333=CARTESIAN_POINT('',(56.4643427362095,-18.5699867986727,1.6));
#20334=CARTESIAN_POINT('Origin',(56.3428735945521,-19.1283699714975,1.6));
#20335=CARTESIAN_POINT('',(56.3428735945521,-19.1283699714975,12.6));
#20336=CARTESIAN_POINT('',(56.3428735945521,-19.1283699714975,12.6));
#20337=CARTESIAN_POINT('',(56.3428735945521,-19.1283699714975,1.6));
#20338=CARTESIAN_POINT('Origin',(56.1431752398615,-19.6637819227404,1.6));
#20339=CARTESIAN_POINT('',(56.1431752398615,-19.6637819227404,12.6));
#20340=CARTESIAN_POINT('',(56.1431752398615,-19.6637819227404,12.6));
#20341=CARTESIAN_POINT('',(56.1431752398615,-19.6637819227404,1.6));
#20342=CARTESIAN_POINT('Origin',(55.8693111529875,-20.165327059631,1.6));
#20343=CARTESIAN_POINT('',(55.8693111529875,-20.165327059631,12.6));
#20344=CARTESIAN_POINT('',(55.8693111529875,-20.165327059631,12.6));
#20345=CARTESIAN_POINT('',(55.8693111529875,-20.165327059631,1.6));
#20346=CARTESIAN_POINT('Origin',(55.5268577037159,-20.6227894210303,1.6));
#20347=CARTESIAN_POINT('',(55.5268577037159,-20.6227894210303,12.6));
#20348=CARTESIAN_POINT('',(55.5268577037159,-20.6227894210303,12.6));
#20349=CARTESIAN_POINT('',(55.5268577037159,-20.6227894210303,1.6));
#20350=CARTESIAN_POINT('Origin',(55.1227894210303,-21.0268577037159,1.6));
#20351=CARTESIAN_POINT('',(55.1227894210303,-21.0268577037159,12.6));
#20352=CARTESIAN_POINT('',(55.1227894210303,-21.0268577037159,12.6));
#20353=CARTESIAN_POINT('',(55.1227894210303,-21.0268577037159,1.6));
#20354=CARTESIAN_POINT('Origin',(54.6653270596311,-21.3693111529875,1.6));
#20355=CARTESIAN_POINT('',(54.6653270596311,-21.3693111529875,12.6));
#20356=CARTESIAN_POINT('',(54.6653270596311,-21.3693111529875,12.6));
#20357=CARTESIAN_POINT('',(54.6653270596311,-21.3693111529875,1.6));
#20358=CARTESIAN_POINT('Origin',(54.1637819227404,-21.6431752398615,1.6));
#20359=CARTESIAN_POINT('',(54.1637819227404,-21.6431752398615,12.6));
#20360=CARTESIAN_POINT('',(54.1637819227404,-21.6431752398615,12.6));
#20361=CARTESIAN_POINT('',(54.1637819227404,-21.6431752398615,1.6));
#20362=CARTESIAN_POINT('Origin',(53.6283699714975,-21.8428735945521,1.6));
#20363=CARTESIAN_POINT('',(53.6283699714975,-21.8428735945521,12.6));
#20364=CARTESIAN_POINT('',(53.6283699714975,-21.8428735945521,12.6));
#20365=CARTESIAN_POINT('',(53.6283699714975,-21.8428735945521,1.6));
#20366=CARTESIAN_POINT('Origin',(53.0699867986727,-21.9643427362094,1.6));
#20367=CARTESIAN_POINT('',(53.0699867986727,-21.9643427362094,12.6));
#20368=CARTESIAN_POINT('',(53.0699867986727,-21.9643427362094,12.6));
#20369=CARTESIAN_POINT('',(53.0699867986727,-21.9643427362094,1.6));
#20370=CARTESIAN_POINT('Origin',(52.5714296933671,-22.,1.6));
#20371=CARTESIAN_POINT('',(52.5714296933671,-22.,12.6));
#20372=CARTESIAN_POINT('',(52.5714296933671,-22.,12.6));
#20373=CARTESIAN_POINT('',(52.5714296933671,-22.,1.6));
#20374=CARTESIAN_POINT('Origin',(29.4285703066329,-22.,1.6));
#20375=CARTESIAN_POINT('',(29.4285703066329,-22.,12.6));
#20376=CARTESIAN_POINT('',(29.4285703066329,-22.,12.6));
#20377=CARTESIAN_POINT('',(29.4285703066329,-22.,1.6));
#20378=CARTESIAN_POINT('Origin',(28.9300132013273,-21.9643427362094,1.6));
#20379=CARTESIAN_POINT('',(28.9300132013273,-21.9643427362094,12.6));
#20380=CARTESIAN_POINT('',(28.9300132013273,-21.9643427362094,12.6));
#20381=CARTESIAN_POINT('',(28.9300132013273,-21.9643427362094,1.6));
#20382=CARTESIAN_POINT('Origin',(28.3716300285026,-21.8428735945521,1.6));
#20383=CARTESIAN_POINT('',(28.3716300285026,-21.8428735945521,12.6));
#20384=CARTESIAN_POINT('',(28.3716300285026,-21.8428735945521,12.6));
#20385=CARTESIAN_POINT('',(28.3716300285026,-21.8428735945521,1.6));
#20386=CARTESIAN_POINT('Origin',(27.8362180772596,-21.6431752398615,1.6));
#20387=CARTESIAN_POINT('',(27.8362180772596,-21.6431752398615,12.6));
#20388=CARTESIAN_POINT('',(27.8362180772596,-21.6431752398615,12.6));
#20389=CARTESIAN_POINT('',(27.8362180772596,-21.6431752398615,1.6));
#20390=CARTESIAN_POINT('Origin',(27.334672940369,-21.3693111529875,1.6));
#20391=CARTESIAN_POINT('',(27.334672940369,-21.3693111529875,12.6));
#20392=CARTESIAN_POINT('',(27.334672940369,-21.3693111529875,12.6));
#20393=CARTESIAN_POINT('',(27.334672940369,-21.3693111529875,1.6));
#20394=CARTESIAN_POINT('Origin',(26.8772105789697,-21.0268577037159,1.6));
#20395=CARTESIAN_POINT('',(26.8772105789697,-21.0268577037159,12.6));
#20396=CARTESIAN_POINT('',(26.8772105789697,-21.0268577037159,12.6));
#20397=CARTESIAN_POINT('',(26.8772105789697,-21.0268577037159,1.6));
#20398=CARTESIAN_POINT('Origin',(26.4731422962841,-20.6227894210303,1.6));
#20399=CARTESIAN_POINT('',(26.4731422962841,-20.6227894210303,12.6));
#20400=CARTESIAN_POINT('',(26.4731422962841,-20.6227894210303,12.6));
#20401=CARTESIAN_POINT('',(26.4731422962841,-20.6227894210303,1.6));
#20402=CARTESIAN_POINT('Origin',(26.1306888470125,-20.165327059631,1.6));
#20403=CARTESIAN_POINT('',(26.1306888470125,-20.165327059631,12.6));
#20404=CARTESIAN_POINT('',(26.1306888470125,-20.165327059631,12.6));
#20405=CARTESIAN_POINT('',(26.1306888470125,-20.165327059631,1.6));
#20406=CARTESIAN_POINT('Origin',(25.8568247601385,-19.6637819227404,1.6));
#20407=CARTESIAN_POINT('',(25.8568247601385,-19.6637819227404,12.6));
#20408=CARTESIAN_POINT('',(25.8568247601385,-19.6637819227404,12.6));
#20409=CARTESIAN_POINT('',(25.8568247601385,-19.6637819227404,1.6));
#20410=CARTESIAN_POINT('Origin',(25.6571264054479,-19.1283699714975,1.6));
#20411=CARTESIAN_POINT('',(25.6571264054479,-19.1283699714975,12.6));
#20412=CARTESIAN_POINT('',(25.6571264054479,-19.1283699714975,12.6));
#20413=CARTESIAN_POINT('',(25.6571264054479,-19.1283699714975,1.6));
#20414=CARTESIAN_POINT('Origin',(25.5356572637906,-18.5699867986727,1.6));
#20415=CARTESIAN_POINT('',(25.5356572637906,-18.5699867986727,12.6));
#20416=CARTESIAN_POINT('',(25.5356572637906,-18.5699867986727,12.6));
#20417=CARTESIAN_POINT('',(25.5356572637906,-18.5699867986727,1.6));
#20418=CARTESIAN_POINT('Origin',(25.5,-18.0714296933671,1.6));
#20419=CARTESIAN_POINT('',(25.5,-18.0714296933671,12.6));
#20420=CARTESIAN_POINT('',(25.5,-18.0714296933671,12.6));
#20421=CARTESIAN_POINT('',(25.5,-18.0714296933671,1.6));
#20422=CARTESIAN_POINT('Origin',(25.5,-2.07142969336704,1.6));
#20423=CARTESIAN_POINT('',(25.5,-2.07142969336704,12.6));
#20424=CARTESIAN_POINT('',(25.5,-2.07142969336704,12.6));
#20425=CARTESIAN_POINT('',(25.5,-2.07142969336704,1.6));
#20426=CARTESIAN_POINT('Origin',(25.4952322745957,-2.00476772540428,1.6));
#20427=CARTESIAN_POINT('',(25.4952322745957,-2.00476772540428,12.6));
#20428=CARTESIAN_POINT('',(25.4952322745957,-2.00476772540428,12.6));
#20429=CARTESIAN_POINT('',(25.4952322745957,-2.00476772540428,1.6));
#20430=CARTESIAN_POINT('Origin',(25.4285703066329,-2.,1.6));
#20431=CARTESIAN_POINT('',(25.4285703066329,-2.,12.6));
#20432=CARTESIAN_POINT('Origin',(43.,8.,12.6));
#20433=CARTESIAN_POINT('',(0.,0.,0.));
#20434=CARTESIAN_POINT('Origin',(138.099999725307,-148.849999999995,-0.400000000000011));
#20435=CARTESIAN_POINT('',(127.662997282113,-148.849999999996,1.6));
#20436=CARTESIAN_POINT('',(114.882002443194,-148.849999999994,1.6));
#20437=CARTESIAN_POINT('',(138.099999862653,-148.849999999995,1.6));
#20438=CARTESIAN_POINT('Origin',(121.272499862653,-148.849999999995,-0.400000000000022));
#20439=CARTESIAN_POINT('Origin',(121.272499862653,-151.849999999995,-0.400000000000022));
#20440=CARTESIAN_POINT('',(127.943235302315,-149.849999999993,1.6));
#20441=CARTESIAN_POINT('Ctrl Pts',(127.943235302317,-149.85,1.6));
#20442=CARTESIAN_POINT('Ctrl Pts',(127.80036782391,-149.33927214525,1.6));
#20443=CARTESIAN_POINT('Ctrl Pts',(127.662997282112,-148.849999999993,1.6));
#20444=CARTESIAN_POINT('',(128.772499862653,-151.849999999995,-0.400000000000023));
#20445=CARTESIAN_POINT('Origin',(121.272499862654,-154.015063509453,-2.56506350946092));
#20446=CARTESIAN_POINT('',(113.772499862653,-151.849999999994,-0.400000000002532));
#20447=CARTESIAN_POINT('Origin',(121.272499862653,-151.84999999999,-0.400000000000022));
#20448=CARTESIAN_POINT('',(114.601764422992,-149.849999999991,1.6));
#20449=CARTESIAN_POINT('Origin',(121.272499862654,-154.015063509453,-2.56506350946092));
#20450=CARTESIAN_POINT('Ctrl Pts',(114.882002443194,-148.849999999993,1.6));
#20451=CARTESIAN_POINT('Ctrl Pts',(114.74463190143,-149.33927214513,1.6));
#20452=CARTESIAN_POINT('Ctrl Pts',(114.60176442299,-149.85,1.6));
#20453=CARTESIAN_POINT('Origin',(138.099999725307,-148.849999999995,-0.400000000000011));
#20454=CARTESIAN_POINT('',(161.31799700742,-148.849999999996,1.6));
#20455=CARTESIAN_POINT('',(148.537002168501,-148.849999999994,1.6));
#20456=CARTESIAN_POINT('',(138.099999862653,-148.849999999995,1.6));
#20457=CARTESIAN_POINT('Origin',(154.92749958796,-148.849999999995,-0.4));
#20458=CARTESIAN_POINT('Origin',(154.92749958796,-151.849999999995,-0.4));
#20459=CARTESIAN_POINT('',(161.598235027623,-149.849999999998,1.6));
#20460=CARTESIAN_POINT('Ctrl Pts',(161.598235027624,-149.85,1.6));
#20461=CARTESIAN_POINT('Ctrl Pts',(161.455367549202,-149.339272145196,1.6));
#20462=CARTESIAN_POINT('Ctrl Pts',(161.31799700742,-148.849999999995,1.6));
#20463=CARTESIAN_POINT('',(162.42749958796,-151.849999999995,-0.400000000000001));
#20464=CARTESIAN_POINT('Origin',(154.927499587961,-154.015063509459,-2.56506350946128));
#20465=CARTESIAN_POINT('',(147.42749958796,-151.849999999994,-0.399999999997527));
#20466=CARTESIAN_POINT('Origin',(154.92749958796,-151.84999999999,-0.4));
#20467=CARTESIAN_POINT('',(148.256764148298,-149.849999999996,1.6));
#20468=CARTESIAN_POINT('Origin',(154.927499587961,-154.015063509459,-2.56506350946128));
#20469=CARTESIAN_POINT('Ctrl Pts',(148.537002168501,-148.849999999995,1.6));
#20470=CARTESIAN_POINT('Ctrl Pts',(148.399631626715,-149.33927214521,1.6));
#20471=CARTESIAN_POINT('Ctrl Pts',(148.256764148297,-149.85,1.6));
#20472=CARTESIAN_POINT('Origin',(138.100000000005,-114.925,1.6));
#20473=CARTESIAN_POINT('',(104.445,-149.84999999999,1.6));
#20474=CARTESIAN_POINT('',(121.2725,-149.849999999992,1.6));
#20475=CARTESIAN_POINT('',(100.,-145.405,1.6));
#20476=CARTESIAN_POINT('Origin',(104.44499877899,-145.405001221,1.6));
#20477=CARTESIAN_POINT('',(100.,-84.445,1.6));
#20478=CARTESIAN_POINT('',(100.,-99.6849999999999,1.6));
#20479=CARTESIAN_POINT('',(104.445,-80.,1.6));
#20480=CARTESIAN_POINT('Origin',(104.44499877899,-84.44499877899,1.6));
#20481=CARTESIAN_POINT('',(114.601764422991,-80.,1.6));
#20482=CARTESIAN_POINT('',(154.927500000003,-80.0000000000002,1.6));
#20483=CARTESIAN_POINT('',(114.882002443194,-81.,1.6));
#20484=CARTESIAN_POINT('Ctrl Pts',(114.601764422991,-79.9999999999997,1.6));
#20485=CARTESIAN_POINT('Ctrl Pts',(114.744631901394,-80.5107278547334,1.6));
#20486=CARTESIAN_POINT('Ctrl Pts',(114.882002443194,-81.0000000000001,1.6));
#20487=CARTESIAN_POINT('',(127.662997282113,-81.0000000000001,1.6));
#20488=CARTESIAN_POINT('',(129.686249931329,-81.0000000000001,1.6));
#20489=CARTESIAN_POINT('',(127.943235302316,-80.0000000000001,1.6));
#20490=CARTESIAN_POINT('Ctrl Pts',(127.662997282113,-81.0000000000002,1.6));
#20491=CARTESIAN_POINT('Ctrl Pts',(127.800367823891,-80.5107278548142,1.6));
#20492=CARTESIAN_POINT('Ctrl Pts',(127.943235302316,-79.9999999999998,1.6));
#20493=CARTESIAN_POINT('',(148.256764148298,-80.0000000000001,1.6));
#20494=CARTESIAN_POINT('',(154.927500000003,-80.0000000000002,1.6));
#20495=CARTESIAN_POINT('',(148.537002168501,-81.0000000000002,1.6));
#20496=CARTESIAN_POINT('Ctrl Pts',(148.256764148298,-79.9999999999998,1.6));
#20497=CARTESIAN_POINT('Ctrl Pts',(148.399631626755,-80.510727854928,1.6));
#20498=CARTESIAN_POINT('Ctrl Pts',(148.537002168501,-81.0000000000002,1.6));
#20499=CARTESIAN_POINT('',(161.31799700742,-81.0000000000002,1.6));
#20500=CARTESIAN_POINT('',(146.513749793983,-81.0000000000002,1.6));
#20501=CARTESIAN_POINT('',(161.598235027623,-80.0000000000002,1.6));
#20502=CARTESIAN_POINT('Ctrl Pts',(161.31799700742,-81.0000000000002,1.6));
#20503=CARTESIAN_POINT('Ctrl Pts',(161.455367549166,-80.510727854928,1.6));
#20504=CARTESIAN_POINT('Ctrl Pts',(161.598235027623,-79.9999999999998,1.6));
#20505=CARTESIAN_POINT('',(171.755,-80.0000000000002,1.6));
#20506=CARTESIAN_POINT('',(154.927500000003,-80.0000000000002,1.6));
#20507=CARTESIAN_POINT('',(176.2,-84.445,1.6));
#20508=CARTESIAN_POINT('Origin',(171.75500122101,-84.44499877899,1.6));
#20509=CARTESIAN_POINT('',(176.2,-145.405,1.6));
#20510=CARTESIAN_POINT('',(176.2,-130.165,1.6));
#20511=CARTESIAN_POINT('',(171.755,-149.85,1.6));
#20512=CARTESIAN_POINT('Origin',(171.75500122101,-145.405001221,1.6));
#20513=CARTESIAN_POINT('',(121.2725,-149.849999999992,1.6));
#20514=CARTESIAN_POINT('',(121.2725,-149.849999999992,1.6));
#20515=CARTESIAN_POINT('',(173.355,-145.405,1.6));
#20516=CARTESIAN_POINT('Origin',(171.755,-145.405,1.6));
#20517=CARTESIAN_POINT('',(106.045,-145.405,1.6));
#20518=CARTESIAN_POINT('Origin',(104.445,-145.405,1.6));
#20519=CARTESIAN_POINT('',(173.355,-84.445,1.6));
#20520=CARTESIAN_POINT('Origin',(171.755,-84.445,1.6));
#20521=CARTESIAN_POINT('',(106.045,-84.445,1.6));
#20522=CARTESIAN_POINT('Origin',(104.445,-84.445,1.6));
#20523=CARTESIAN_POINT('',(155.92,-114.91,1.6));
#20524=CARTESIAN_POINT('',(155.92,-128.91,1.6));
#20525=CARTESIAN_POINT('',(155.92,-114.9175,1.6));
#20526=CARTESIAN_POINT('',(160.92,-128.91,1.6));
#20527=CARTESIAN_POINT('',(147.010000000003,-128.91,1.6));
#20528=CARTESIAN_POINT('',(160.92,-114.91,1.6));
#20529=CARTESIAN_POINT('',(160.92,-121.9175,1.6));
#20530=CARTESIAN_POINT('',(149.510000000003,-114.91,1.6));
#20531=CARTESIAN_POINT('',(136.85,-103.41,1.6));
#20532=CARTESIAN_POINT('',(136.85,-140.41,1.6));
#20533=CARTESIAN_POINT('',(136.85,-109.1675,1.6));
#20534=CARTESIAN_POINT('',(139.35,-140.41,1.6));
#20535=CARTESIAN_POINT('',(137.475000000003,-140.41,1.6));
#20536=CARTESIAN_POINT('',(139.35,-103.41,1.6));
#20537=CARTESIAN_POINT('',(139.35,-127.6675,1.6));
#20538=CARTESIAN_POINT('',(138.725000000003,-103.41,1.6));
#20539=CARTESIAN_POINT('',(152.09,-103.41,1.6));
#20540=CARTESIAN_POINT('',(152.09,-140.41,1.6));
#20541=CARTESIAN_POINT('',(152.09,-109.1675,1.6));
#20542=CARTESIAN_POINT('',(154.59,-140.41,1.6));
#20543=CARTESIAN_POINT('',(145.095000000002,-140.41,1.6));
#20544=CARTESIAN_POINT('',(154.59,-103.41,1.6));
#20545=CARTESIAN_POINT('',(154.59,-127.6675,1.6));
#20546=CARTESIAN_POINT('',(146.345000000002,-103.41,1.6));
#20547=CARTESIAN_POINT('',(119.96,-141.585,1.6));
#20548=CARTESIAN_POINT('',(119.96,-147.735,1.6));
#20549=CARTESIAN_POINT('',(119.96,-128.255,1.6));
#20550=CARTESIAN_POINT('',(133.26,-147.735,1.6));
#20551=CARTESIAN_POINT('',(129.030000000003,-147.735,1.6));
#20552=CARTESIAN_POINT('',(133.26,-141.585,1.6));
#20553=CARTESIAN_POINT('',(133.26,-131.33,1.6));
#20554=CARTESIAN_POINT('',(135.680000000003,-141.585,1.6));
#20555=CARTESIAN_POINT('',(101.35,-99.675,1.6));
#20556=CARTESIAN_POINT('',(101.35,-105.825,1.6));
#20557=CARTESIAN_POINT('',(101.35,-107.3,1.6));
#20558=CARTESIAN_POINT('',(112.15,-105.825,1.6));
#20559=CARTESIAN_POINT('',(119.725000000002,-105.825,1.6));
#20560=CARTESIAN_POINT('',(112.15,-99.675,1.6));
#20561=CARTESIAN_POINT('',(112.15,-110.375,1.6));
#20562=CARTESIAN_POINT('',(125.125000000003,-99.675,1.6));
#20563=CARTESIAN_POINT('',(151.71,-81.895,1.6));
#20564=CARTESIAN_POINT('',(151.71,-88.045,1.6));
#20565=CARTESIAN_POINT('',(151.71,-98.41,1.6));
#20566=CARTESIAN_POINT('',(162.51,-88.045,1.6));
#20567=CARTESIAN_POINT('',(144.905000000003,-88.045,1.6));
#20568=CARTESIAN_POINT('',(162.51,-81.895,1.6));
#20569=CARTESIAN_POINT('',(162.51,-101.485,1.6));
#20570=CARTESIAN_POINT('',(150.305000000002,-81.895,1.6));
#20571=CARTESIAN_POINT('',(166.25,-121.59,1.6));
#20572=CARTESIAN_POINT('',(166.25,-129.89,1.6));
#20573=CARTESIAN_POINT('',(166.25,-118.2575,1.6));
#20574=CARTESIAN_POINT('',(172.4,-129.89,1.6));
#20575=CARTESIAN_POINT('',(152.175000000003,-129.89,1.6));
#20576=CARTESIAN_POINT('',(172.4,-121.59,1.6));
#20577=CARTESIAN_POINT('',(172.4,-122.4075,1.6));
#20578=CARTESIAN_POINT('',(155.250000000003,-121.59,1.6));
#20579=CARTESIAN_POINT('',(166.25,-111.43,1.6));
#20580=CARTESIAN_POINT('',(166.25,-119.73,1.6));
#20581=CARTESIAN_POINT('',(166.25,-113.1775,1.6));
#20582=CARTESIAN_POINT('',(172.4,-119.73,1.6));
#20583=CARTESIAN_POINT('',(152.175000000002,-119.73,1.6));
#20584=CARTESIAN_POINT('',(172.4,-111.43,1.6));
#20585=CARTESIAN_POINT('',(172.4,-117.3275,1.6));
#20586=CARTESIAN_POINT('',(155.250000000002,-111.43,1.6));
#20587=CARTESIAN_POINT('',(113.69,-81.895,1.6));
#20588=CARTESIAN_POINT('',(113.69,-88.045,1.6));
#20589=CARTESIAN_POINT('',(113.69,-98.41,1.6));
#20590=CARTESIAN_POINT('',(124.49,-88.045,1.6));
#20591=CARTESIAN_POINT('',(125.895000000002,-88.045,1.6));
#20592=CARTESIAN_POINT('',(124.49,-81.895,1.6));
#20593=CARTESIAN_POINT('',(124.49,-101.485,1.6));
#20594=CARTESIAN_POINT('',(131.295000000002,-81.895,1.6));
#20595=CARTESIAN_POINT('',(114.92,-106.025,1.6));
#20596=CARTESIAN_POINT('',(114.92,-112.175,1.6));
#20597=CARTESIAN_POINT('',(114.92,-110.475,1.6));
#20598=CARTESIAN_POINT('',(123.22,-112.175,1.6));
#20599=CARTESIAN_POINT('',(126.510000000002,-112.175,1.6));
#20600=CARTESIAN_POINT('',(123.22,-106.025,1.6));
#20601=CARTESIAN_POINT('',(123.22,-113.55,1.6));
#20602=CARTESIAN_POINT('',(130.660000000002,-106.025,1.6));
#20603=CARTESIAN_POINT('',(109.84,-141.585,1.6));
#20604=CARTESIAN_POINT('',(109.84,-147.735,1.6));
#20605=CARTESIAN_POINT('',(109.84,-128.255,1.6));
#20606=CARTESIAN_POINT('',(118.14,-147.735,1.6));
#20607=CARTESIAN_POINT('',(123.970000000002,-147.735,1.6));
#20608=CARTESIAN_POINT('',(118.14,-141.585,1.6));
#20609=CARTESIAN_POINT('',(118.14,-131.33,1.6));
#20610=CARTESIAN_POINT('',(128.120000000003,-141.585,1.6));
#20611=CARTESIAN_POINT('',(113.69,-93.27,1.6));
#20612=CARTESIAN_POINT('',(113.69,-99.42,1.6));
#20613=CARTESIAN_POINT('',(113.69,-104.0975,1.6));
#20614=CARTESIAN_POINT('',(124.49,-99.42,1.6));
#20615=CARTESIAN_POINT('',(125.895000000002,-99.42,1.6));
#20616=CARTESIAN_POINT('',(124.49,-93.27,1.6));
#20617=CARTESIAN_POINT('',(124.49,-107.1725,1.6));
#20618=CARTESIAN_POINT('',(131.295000000003,-93.27,1.6));
#20619=CARTESIAN_POINT('',(154.185,-89.92,1.6));
#20620=CARTESIAN_POINT('',(154.185,-103.22,1.6));
#20621=CARTESIAN_POINT('',(154.185,-102.4225,1.6));
#20622=CARTESIAN_POINT('',(160.335,-103.22,1.6));
#20623=CARTESIAN_POINT('',(146.142500000003,-103.22,1.6));
#20624=CARTESIAN_POINT('',(160.335,-89.92,1.6));
#20625=CARTESIAN_POINT('',(160.335,-109.0725,1.6));
#20626=CARTESIAN_POINT('',(149.217500000003,-89.92,1.6));
#20627=CARTESIAN_POINT('',(166.14,-131.73,1.6));
#20628=CARTESIAN_POINT('',(166.14,-140.03,1.6));
#20629=CARTESIAN_POINT('',(166.14,-123.3275,1.6));
#20630=CARTESIAN_POINT('',(172.29,-140.03,1.6));
#20631=CARTESIAN_POINT('',(152.120000000003,-140.03,1.6));
#20632=CARTESIAN_POINT('',(172.29,-131.73,1.6));
#20633=CARTESIAN_POINT('',(172.29,-127.4775,1.6));
#20634=CARTESIAN_POINT('',(155.195000000003,-131.73,1.6));
#20635=CARTESIAN_POINT('',(165.615,-89.9199999999999,1.6));
#20636=CARTESIAN_POINT('',(165.615,-103.22,1.6));
#20637=CARTESIAN_POINT('',(165.615,-102.4225,1.6));
#20638=CARTESIAN_POINT('',(171.765,-103.22,1.6));
#20639=CARTESIAN_POINT('',(151.857500000002,-103.22,1.6));
#20640=CARTESIAN_POINT('',(171.765,-89.9199999999999,1.6));
#20641=CARTESIAN_POINT('',(171.765,-109.0725,1.6));
#20642=CARTESIAN_POINT('',(154.932500000002,-89.9199999999999,1.6));
#20643=CARTESIAN_POINT('',(102.6,-89.515,1.6));
#20644=CARTESIAN_POINT('',(102.6,-95.665,1.6));
#20645=CARTESIAN_POINT('',(102.6,-102.22,1.6));
#20646=CARTESIAN_POINT('',(110.9,-95.665,1.6));
#20647=CARTESIAN_POINT('',(120.350000000003,-95.665,1.6));
#20648=CARTESIAN_POINT('',(110.9,-89.515,1.6));
#20649=CARTESIAN_POINT('',(110.9,-105.295,1.6));
#20650=CARTESIAN_POINT('',(124.500000000003,-89.515,1.6));
#20651=CARTESIAN_POINT('',(101.35,-109.95,1.6));
#20652=CARTESIAN_POINT('',(101.35,-116.1,1.6));
#20653=CARTESIAN_POINT('',(101.35,-112.4375,1.6));
#20654=CARTESIAN_POINT('',(112.15,-116.1,1.6));
#20655=CARTESIAN_POINT('',(119.725000000003,-116.1,1.6));
#20656=CARTESIAN_POINT('',(112.15,-109.95,1.6));
#20657=CARTESIAN_POINT('',(112.15,-115.5125,1.6));
#20658=CARTESIAN_POINT('',(125.125000000003,-109.95,1.6));
#20659=CARTESIAN_POINT('',(114.,-116.135,1.6));
#20660=CARTESIAN_POINT('',(114.,-134.035,1.6));
#20661=CARTESIAN_POINT('',(114.,-115.53,1.6));
#20662=CARTESIAN_POINT('',(124.1,-134.035,1.6));
#20663=CARTESIAN_POINT('',(126.050000000002,-134.035,1.6));
#20664=CARTESIAN_POINT('',(124.1,-116.135,1.6));
#20665=CARTESIAN_POINT('',(124.1,-124.48,1.6));
#20666=CARTESIAN_POINT('',(131.100000000002,-116.135,1.6));
#20667=CARTESIAN_POINT('',(102.75,-119.,1.6));
#20668=CARTESIAN_POINT('',(102.75,-130.,1.6));
#20669=CARTESIAN_POINT('',(102.75,-116.9625,1.6));
#20670=CARTESIAN_POINT('',(110.75,-130.,1.6));
#20671=CARTESIAN_POINT('',(120.425000000002,-130.,1.6));
#20672=CARTESIAN_POINT('',(110.75,-119.,1.6));
#20673=CARTESIAN_POINT('',(110.75,-122.4625,1.6));
#20674=CARTESIAN_POINT('',(124.425000000002,-119.,1.6));
#20675=CARTESIAN_POINT('',(126.845,-82.35,1.6));
#20676=CARTESIAN_POINT('',(126.845,-90.35,1.6));
#20677=CARTESIAN_POINT('',(126.845,-98.6375,1.6));
#20678=CARTESIAN_POINT('',(137.845,-90.35,1.6));
#20679=CARTESIAN_POINT('',(132.472500000003,-90.35,1.6));
#20680=CARTESIAN_POINT('',(137.845,-82.35,1.6));
#20681=CARTESIAN_POINT('',(137.845,-102.6375,1.6));
#20682=CARTESIAN_POINT('',(137.972500000002,-82.35,1.6));
#20683=CARTESIAN_POINT('',(138.91,-90.35,1.6));
#20684=CARTESIAN_POINT('',(149.91,-90.35,1.6));
#20685=CARTESIAN_POINT('',(138.505000000002,-90.35,1.6));
#20686=CARTESIAN_POINT('',(149.91,-82.35,1.6));
#20687=CARTESIAN_POINT('',(149.91,-102.6375,1.6));
#20688=CARTESIAN_POINT('',(138.91,-82.35,1.6));
#20689=CARTESIAN_POINT('',(144.005000000002,-82.35,1.6));
#20690=CARTESIAN_POINT('',(138.91,-98.6375,1.6));
#20691=CARTESIAN_POINT('',(139.605,-94.74,1.6));
#20692=CARTESIAN_POINT('',(139.605,-95.74,1.6));
#20693=CARTESIAN_POINT('',(139.605,-104.8325,1.6));
#20694=CARTESIAN_POINT('',(140.715,-95.74,1.6));
#20695=CARTESIAN_POINT('',(138.852500000003,-95.74,1.6));
#20696=CARTESIAN_POINT('',(140.715,-96.49,1.6));
#20697=CARTESIAN_POINT('',(140.715,-105.3325,1.6));
#20698=CARTESIAN_POINT('',(146.915,-96.49,1.6));
#20699=CARTESIAN_POINT('',(139.407500000002,-96.49,1.6));
#20700=CARTESIAN_POINT('',(146.915,-95.74,1.6));
#20701=CARTESIAN_POINT('',(146.915,-105.7075,1.6));
#20702=CARTESIAN_POINT('',(148.025,-95.74,1.6));
#20703=CARTESIAN_POINT('',(142.507500000002,-95.74,1.6));
#20704=CARTESIAN_POINT('',(148.025,-94.74,1.6));
#20705=CARTESIAN_POINT('',(148.025,-105.3325,1.6));
#20706=CARTESIAN_POINT('',(146.915,-94.74,1.6));
#20707=CARTESIAN_POINT('',(143.062500000003,-94.74,1.6));
#20708=CARTESIAN_POINT('',(146.915,-93.99,1.6));
#20709=CARTESIAN_POINT('',(146.915,-104.8325,1.6));
#20710=CARTESIAN_POINT('',(140.715,-93.99,1.6));
#20711=CARTESIAN_POINT('',(142.507500000003,-93.99,1.6));
#20712=CARTESIAN_POINT('',(140.715,-94.74,1.6));
#20713=CARTESIAN_POINT('',(140.715,-104.4575,1.6));
#20714=CARTESIAN_POINT('',(139.407500000002,-94.74,1.6));
#20715=CARTESIAN_POINT('',(139.605,-99.82,1.6));
#20716=CARTESIAN_POINT('',(139.605,-100.82,1.6));
#20717=CARTESIAN_POINT('',(139.605,-107.3725,1.6));
#20718=CARTESIAN_POINT('',(140.715,-100.82,1.6));
#20719=CARTESIAN_POINT('',(138.852500000003,-100.82,1.6));
#20720=CARTESIAN_POINT('',(140.715,-101.57,1.6));
#20721=CARTESIAN_POINT('',(140.715,-107.8725,1.6));
#20722=CARTESIAN_POINT('',(146.915,-101.57,1.6));
#20723=CARTESIAN_POINT('',(139.407500000002,-101.57,1.6));
#20724=CARTESIAN_POINT('',(146.915,-100.82,1.6));
#20725=CARTESIAN_POINT('',(146.915,-108.2475,1.6));
#20726=CARTESIAN_POINT('',(148.025,-100.82,1.6));
#20727=CARTESIAN_POINT('',(142.507500000002,-100.82,1.6));
#20728=CARTESIAN_POINT('',(148.025,-99.82,1.6));
#20729=CARTESIAN_POINT('',(148.025,-107.8725,1.6));
#20730=CARTESIAN_POINT('',(146.915,-99.82,1.6));
#20731=CARTESIAN_POINT('',(143.062500000003,-99.82,1.6));
#20732=CARTESIAN_POINT('',(146.915,-99.07,1.6));
#20733=CARTESIAN_POINT('',(146.915,-107.3725,1.6));
#20734=CARTESIAN_POINT('',(140.715,-99.07,1.6));
#20735=CARTESIAN_POINT('',(142.507500000002,-99.07,1.6));
#20736=CARTESIAN_POINT('',(140.715,-99.82,1.6));
#20737=CARTESIAN_POINT('',(140.715,-106.9975,1.6));
#20738=CARTESIAN_POINT('',(139.407500000002,-99.82,1.6));
#20739=CARTESIAN_POINT('',(112.3,-138.555,1.6));
#20740=CARTESIAN_POINT('',(112.3,-139.555,1.6));
#20741=CARTESIAN_POINT('',(112.3,-126.74,1.6));
#20742=CARTESIAN_POINT('',(113.41,-139.555,1.6));
#20743=CARTESIAN_POINT('',(125.200000000003,-139.555,1.6));
#20744=CARTESIAN_POINT('',(113.41,-140.305,1.6));
#20745=CARTESIAN_POINT('',(113.41,-127.24,1.6));
#20746=CARTESIAN_POINT('',(119.61,-140.305,1.6));
#20747=CARTESIAN_POINT('',(125.755000000002,-140.305,1.6));
#20748=CARTESIAN_POINT('',(119.61,-139.555,1.6));
#20749=CARTESIAN_POINT('',(119.61,-127.615,1.6));
#20750=CARTESIAN_POINT('',(120.72,-139.555,1.6));
#20751=CARTESIAN_POINT('',(128.855000000002,-139.555,1.6));
#20752=CARTESIAN_POINT('',(120.72,-138.555,1.6));
#20753=CARTESIAN_POINT('',(120.72,-127.24,1.6));
#20754=CARTESIAN_POINT('',(119.61,-138.555,1.6));
#20755=CARTESIAN_POINT('',(129.410000000002,-138.555,1.6));
#20756=CARTESIAN_POINT('',(119.61,-137.805,1.6));
#20757=CARTESIAN_POINT('',(119.61,-126.74,1.6));
#20758=CARTESIAN_POINT('',(113.41,-137.805,1.6));
#20759=CARTESIAN_POINT('',(128.855000000003,-137.805,1.6));
#20760=CARTESIAN_POINT('',(113.41,-138.555,1.6));
#20761=CARTESIAN_POINT('',(113.41,-126.365,1.6));
#20762=CARTESIAN_POINT('',(125.755000000002,-138.555,1.6));
#20763=CARTESIAN_POINT('',(110.445,-135.88,1.6));
#20764=CARTESIAN_POINT('Origin',(106.62,-135.88,1.6));
#20765=CARTESIAN_POINT('Origin',(121.2725,-150.849999999992,0.6));
#20766=CARTESIAN_POINT('',(171.755,-151.85,-0.4));
#20767=CARTESIAN_POINT('',(171.755,-149.85,1.6));
#20768=CARTESIAN_POINT('',(104.445000549386,-151.84999999999,-0.4));
#20769=CARTESIAN_POINT('Origin',(121.2725,-150.849999999992,0.6));
#20770=CARTESIAN_POINT('',(104.445000549386,-151.84999999999,-0.4));
#20771=CARTESIAN_POINT('',(104.445000549386,-151.84999999999,-0.4));
#20772=CARTESIAN_POINT('',(104.445,-149.84999999999,1.6));
#20773=CARTESIAN_POINT('Origin',(121.272499862654,-78.0000000000001,-0.400000000000022));
#20774=CARTESIAN_POINT('Origin',(121.272499862654,-81.0000000000001,-0.400000000000022));
#20775=CARTESIAN_POINT('',(113.772499862654,-78.,-0.400000000000021));
#20776=CARTESIAN_POINT('Origin',(121.272499862654,-75.834936490539,-2.56506350946109));
#20777=CARTESIAN_POINT('',(128.772499862654,-78.0000000000001,-0.400000000000023));
#20778=CARTESIAN_POINT('Origin',(121.272499862654,-78.,-0.400000000000022));
#20779=CARTESIAN_POINT('Origin',(121.272499862654,-75.834936490539,-2.56506350946109));
#20780=CARTESIAN_POINT('Origin',(121.272499862654,-81.0000000000001,-0.400000000000023));
#20781=CARTESIAN_POINT('Origin',(154.927499587961,-78.0000000000002,-0.4));
#20782=CARTESIAN_POINT('Origin',(154.927499587961,-81.0000000000002,-0.4));
#20783=CARTESIAN_POINT('',(147.427499587961,-78.0000000000002,-0.399999999999981));
#20784=CARTESIAN_POINT('Origin',(154.927499587961,-75.8349364905391,-2.56506350946107));
#20785=CARTESIAN_POINT('',(162.427499587961,-78.0000000000002,-0.400000000000001));
#20786=CARTESIAN_POINT('Origin',(154.927499587961,-78.0000000000003,-0.4));
#20787=CARTESIAN_POINT('Origin',(154.927499587961,-75.8349364905391,-2.56506350946107));
#20788=CARTESIAN_POINT('Origin',(154.927499587961,-81.0000000000002,-0.4));
#20789=CARTESIAN_POINT('Origin',(171.754999450614,-78.0000000000003,1.6));
#20790=CARTESIAN_POINT('',(104.445,-78.,-0.4));
#20791=CARTESIAN_POINT('',(171.754999450614,-78.0000000000003,-0.4));
#20792=CARTESIAN_POINT('',(104.445,-78.,12.6));
#20793=CARTESIAN_POINT('',(104.445,-78.,1.6));
#20794=CARTESIAN_POINT('',(171.754999450614,-78.0000000000003,12.6));
#20795=CARTESIAN_POINT('',(171.754999450614,-78.0000000000003,12.6));
#20796=CARTESIAN_POINT('',(171.754999450614,-78.0000000000003,-0.4));
#20797=CARTESIAN_POINT('',(171.754999450614,-78.0000000000003,1.6));
#20798=CARTESIAN_POINT('',(171.754999450614,-78.0000000000003,-0.4));
#20799=CARTESIAN_POINT('',(171.754999450614,-78.0000000000003,-0.4));
#20800=CARTESIAN_POINT('Origin',(154.927500000003,-79.0000000000002,0.6));
#20801=CARTESIAN_POINT('',(171.755,-80.0000000000002,1.6));
#20802=CARTESIAN_POINT('Origin',(154.927500000003,-79.0000000000002,0.6));
#20803=CARTESIAN_POINT('',(104.445,-80.,1.6));
#20804=CARTESIAN_POINT('Origin',(154.927500000003,-79.0000000000002,0.6));
#20805=CARTESIAN_POINT('Origin',(106.62,-135.88,1.6));
#20806=CARTESIAN_POINT('',(110.445,-135.88,10.1));
#20807=CARTESIAN_POINT('',(110.445,-135.88,1.6));
#20808=CARTESIAN_POINT('Origin',(106.62,-135.88,10.1));
#20809=CARTESIAN_POINT('Origin',(106.62,-135.88,10.1));
#20810=CARTESIAN_POINT('Origin',(112.3,-138.555,1.6));
#20811=CARTESIAN_POINT('',(112.3,-138.555,4.35));
#20812=CARTESIAN_POINT('',(112.3,-138.555,1.6));
#20813=CARTESIAN_POINT('',(112.3,-139.555,4.35));
#20814=CARTESIAN_POINT('',(112.3,-139.555,4.35));
#20815=CARTESIAN_POINT('',(112.3,-139.555,1.6));
#20816=CARTESIAN_POINT('Origin',(113.41,-138.555,1.6));
#20817=CARTESIAN_POINT('',(113.41,-138.555,4.35));
#20818=CARTESIAN_POINT('',(113.41,-138.555,1.6));
#20819=CARTESIAN_POINT('',(112.3,-138.555,4.35));
#20820=CARTESIAN_POINT('Origin',(113.41,-137.805,1.6));
#20821=CARTESIAN_POINT('',(113.41,-137.805,4.35));
#20822=CARTESIAN_POINT('',(113.41,-137.805,1.6));
#20823=CARTESIAN_POINT('',(113.41,-140.305,4.35));
#20824=CARTESIAN_POINT('Origin',(119.61,-137.805,1.6));
#20825=CARTESIAN_POINT('',(119.61,-137.805,4.35));
#20826=CARTESIAN_POINT('',(119.61,-137.805,1.6));
#20827=CARTESIAN_POINT('',(113.41,-137.805,4.35));
#20828=CARTESIAN_POINT('Origin',(119.61,-138.555,1.6));
#20829=CARTESIAN_POINT('',(119.61,-138.555,4.35));
#20830=CARTESIAN_POINT('',(119.61,-138.555,1.6));
#20831=CARTESIAN_POINT('',(119.61,-137.805,4.35));
#20832=CARTESIAN_POINT('Origin',(120.72,-138.555,1.6));
#20833=CARTESIAN_POINT('',(120.72,-138.555,4.35));
#20834=CARTESIAN_POINT('',(120.72,-138.555,1.6));
#20835=CARTESIAN_POINT('',(112.3,-138.555,4.35));
#20836=CARTESIAN_POINT('Origin',(120.72,-139.555,1.6));
#20837=CARTESIAN_POINT('',(120.72,-139.555,4.35));
#20838=CARTESIAN_POINT('',(120.72,-139.555,1.6));
#20839=CARTESIAN_POINT('',(120.72,-138.555,4.35));
#20840=CARTESIAN_POINT('Origin',(119.61,-139.555,1.6));
#20841=CARTESIAN_POINT('',(119.61,-139.555,4.35));
#20842=CARTESIAN_POINT('',(119.61,-139.555,1.6));
#20843=CARTESIAN_POINT('',(120.72,-139.555,4.35));
#20844=CARTESIAN_POINT('Origin',(119.61,-140.305,1.6));
#20845=CARTESIAN_POINT('',(119.61,-140.305,4.35));
#20846=CARTESIAN_POINT('',(119.61,-140.305,1.6));
#20847=CARTESIAN_POINT('',(119.61,-137.805,4.35));
#20848=CARTESIAN_POINT('Origin',(113.41,-140.305,1.6));
#20849=CARTESIAN_POINT('',(113.41,-140.305,4.35));
#20850=CARTESIAN_POINT('',(113.41,-140.305,1.6));
#20851=CARTESIAN_POINT('',(119.61,-140.305,4.35));
#20852=CARTESIAN_POINT('Origin',(113.41,-139.555,1.6));
#20853=CARTESIAN_POINT('',(113.41,-139.555,4.35));
#20854=CARTESIAN_POINT('',(113.41,-139.555,1.6));
#20855=CARTESIAN_POINT('',(113.41,-140.305,4.35));
#20856=CARTESIAN_POINT('Origin',(112.3,-139.555,1.6));
#20857=CARTESIAN_POINT('',(120.72,-139.555,4.35));
#20858=CARTESIAN_POINT('Origin',(116.51,-139.055,4.35));
#20859=CARTESIAN_POINT('Origin',(139.605,-99.82,1.6));
#20860=CARTESIAN_POINT('',(139.605,-99.82,4.35));
#20861=CARTESIAN_POINT('',(139.605,-99.82,1.6));
#20862=CARTESIAN_POINT('',(139.605,-100.82,4.35));
#20863=CARTESIAN_POINT('',(139.605,-100.82,4.35));
#20864=CARTESIAN_POINT('',(139.605,-100.82,1.6));
#20865=CARTESIAN_POINT('Origin',(140.715,-99.82,1.6));
#20866=CARTESIAN_POINT('',(140.715,-99.82,4.35));
#20867=CARTESIAN_POINT('',(140.715,-99.82,1.6));
#20868=CARTESIAN_POINT('',(139.605,-99.82,4.35));
#20869=CARTESIAN_POINT('Origin',(140.715,-99.07,1.6));
#20870=CARTESIAN_POINT('',(140.715,-99.07,4.35));
#20871=CARTESIAN_POINT('',(140.715,-99.07,1.6));
#20872=CARTESIAN_POINT('',(140.715,-101.57,4.35));
#20873=CARTESIAN_POINT('Origin',(146.915,-99.07,1.6));
#20874=CARTESIAN_POINT('',(146.915,-99.07,4.35));
#20875=CARTESIAN_POINT('',(146.915,-99.07,1.6));
#20876=CARTESIAN_POINT('',(140.715,-99.07,4.35));
#20877=CARTESIAN_POINT('Origin',(146.915,-99.82,1.6));
#20878=CARTESIAN_POINT('',(146.915,-99.82,4.35));
#20879=CARTESIAN_POINT('',(146.915,-99.82,1.6));
#20880=CARTESIAN_POINT('',(146.915,-99.07,4.35));
#20881=CARTESIAN_POINT('Origin',(148.025,-99.82,1.6));
#20882=CARTESIAN_POINT('',(148.025,-99.82,4.35));
#20883=CARTESIAN_POINT('',(148.025,-99.82,1.6));
#20884=CARTESIAN_POINT('',(139.605,-99.82,4.35));
#20885=CARTESIAN_POINT('Origin',(148.025,-100.82,1.6));
#20886=CARTESIAN_POINT('',(148.025,-100.82,4.35));
#20887=CARTESIAN_POINT('',(148.025,-100.82,1.6));
#20888=CARTESIAN_POINT('',(148.025,-99.82,4.35));
#20889=CARTESIAN_POINT('Origin',(146.915,-100.82,1.6));
#20890=CARTESIAN_POINT('',(146.915,-100.82,4.35));
#20891=CARTESIAN_POINT('',(146.915,-100.82,1.6));
#20892=CARTESIAN_POINT('',(148.025,-100.82,4.35));
#20893=CARTESIAN_POINT('Origin',(146.915,-101.57,1.6));
#20894=CARTESIAN_POINT('',(146.915,-101.57,4.35));
#20895=CARTESIAN_POINT('',(146.915,-101.57,1.6));
#20896=CARTESIAN_POINT('',(146.915,-99.07,4.35));
#20897=CARTESIAN_POINT('Origin',(140.715,-101.57,1.6));
#20898=CARTESIAN_POINT('',(140.715,-101.57,4.35));
#20899=CARTESIAN_POINT('',(140.715,-101.57,1.6));
#20900=CARTESIAN_POINT('',(146.915,-101.57,4.35));
#20901=CARTESIAN_POINT('Origin',(140.715,-100.82,1.6));
#20902=CARTESIAN_POINT('',(140.715,-100.82,4.35));
#20903=CARTESIAN_POINT('',(140.715,-100.82,1.6));
#20904=CARTESIAN_POINT('',(140.715,-101.57,4.35));
#20905=CARTESIAN_POINT('Origin',(139.605,-100.82,1.6));
#20906=CARTESIAN_POINT('',(148.025,-100.82,4.35));
#20907=CARTESIAN_POINT('Origin',(143.815,-100.32,4.35));
#20908=CARTESIAN_POINT('Origin',(139.605,-94.74,1.6));
#20909=CARTESIAN_POINT('',(139.605,-94.74,4.35));
#20910=CARTESIAN_POINT('',(139.605,-94.74,1.6));
#20911=CARTESIAN_POINT('',(139.605,-95.74,4.35));
#20912=CARTESIAN_POINT('',(139.605,-95.74,4.35));
#20913=CARTESIAN_POINT('',(139.605,-95.74,1.6));
#20914=CARTESIAN_POINT('Origin',(140.715,-94.74,1.6));
#20915=CARTESIAN_POINT('',(140.715,-94.74,4.35));
#20916=CARTESIAN_POINT('',(140.715,-94.74,1.6));
#20917=CARTESIAN_POINT('',(139.605,-94.74,4.35));
#20918=CARTESIAN_POINT('Origin',(140.715,-93.99,1.6));
#20919=CARTESIAN_POINT('',(140.715,-93.99,4.35));
#20920=CARTESIAN_POINT('',(140.715,-93.99,1.6));
#20921=CARTESIAN_POINT('',(140.715,-96.49,4.35));
#20922=CARTESIAN_POINT('Origin',(146.915,-93.99,1.6));
#20923=CARTESIAN_POINT('',(146.915,-93.99,4.35));
#20924=CARTESIAN_POINT('',(146.915,-93.99,1.6));
#20925=CARTESIAN_POINT('',(140.715,-93.99,4.35));
#20926=CARTESIAN_POINT('Origin',(146.915,-94.74,1.6));
#20927=CARTESIAN_POINT('',(146.915,-94.74,4.35));
#20928=CARTESIAN_POINT('',(146.915,-94.74,1.6));
#20929=CARTESIAN_POINT('',(146.915,-93.99,4.35));
#20930=CARTESIAN_POINT('Origin',(148.025,-94.74,1.6));
#20931=CARTESIAN_POINT('',(148.025,-94.74,4.35));
#20932=CARTESIAN_POINT('',(148.025,-94.74,1.6));
#20933=CARTESIAN_POINT('',(139.605,-94.74,4.35));
#20934=CARTESIAN_POINT('Origin',(148.025,-95.74,1.6));
#20935=CARTESIAN_POINT('',(148.025,-95.74,4.35));
#20936=CARTESIAN_POINT('',(148.025,-95.74,1.6));
#20937=CARTESIAN_POINT('',(148.025,-94.74,4.35));
#20938=CARTESIAN_POINT('Origin',(146.915,-95.74,1.6));
#20939=CARTESIAN_POINT('',(146.915,-95.74,4.35));
#20940=CARTESIAN_POINT('',(146.915,-95.74,1.6));
#20941=CARTESIAN_POINT('',(148.025,-95.74,4.35));
#20942=CARTESIAN_POINT('Origin',(146.915,-96.49,1.6));
#20943=CARTESIAN_POINT('',(146.915,-96.49,4.35));
#20944=CARTESIAN_POINT('',(146.915,-96.49,1.6));
#20945=CARTESIAN_POINT('',(146.915,-93.99,4.35));
#20946=CARTESIAN_POINT('Origin',(140.715,-96.49,1.6));
#20947=CARTESIAN_POINT('',(140.715,-96.49,4.35));
#20948=CARTESIAN_POINT('',(140.715,-96.49,1.6));
#20949=CARTESIAN_POINT('',(146.915,-96.49,4.35));
#20950=CARTESIAN_POINT('Origin',(140.715,-95.74,1.6));
#20951=CARTESIAN_POINT('',(140.715,-95.74,4.35));
#20952=CARTESIAN_POINT('',(140.715,-95.74,1.6));
#20953=CARTESIAN_POINT('',(140.715,-96.49,4.35));
#20954=CARTESIAN_POINT('Origin',(139.605,-95.74,1.6));
#20955=CARTESIAN_POINT('',(148.025,-95.74,4.35));
#20956=CARTESIAN_POINT('Origin',(143.815,-95.24,4.35));
#20957=CARTESIAN_POINT('Origin',(138.91,-90.35,1.6));
#20958=CARTESIAN_POINT('',(138.91,-90.35,11.6));
#20959=CARTESIAN_POINT('',(138.91,-90.35,1.6));
#20960=CARTESIAN_POINT('',(149.91,-90.35,11.6));
#20961=CARTESIAN_POINT('',(138.91,-90.35,11.6));
#20962=CARTESIAN_POINT('',(149.91,-90.35,1.6));
#20963=CARTESIAN_POINT('Origin',(138.91,-82.35,1.6));
#20964=CARTESIAN_POINT('',(138.91,-82.35,11.6));
#20965=CARTESIAN_POINT('',(138.91,-82.35,1.6));
#20966=CARTESIAN_POINT('',(138.91,-82.35,11.6));
#20967=CARTESIAN_POINT('Origin',(149.91,-82.35,1.6));
#20968=CARTESIAN_POINT('',(149.91,-82.35,11.6));
#20969=CARTESIAN_POINT('',(149.91,-82.35,1.6));
#20970=CARTESIAN_POINT('',(149.91,-82.35,11.6));
#20971=CARTESIAN_POINT('Origin',(149.91,-90.35,1.6));
#20972=CARTESIAN_POINT('',(149.91,-90.35,11.6));
#20973=CARTESIAN_POINT('Origin',(144.41,-86.35,11.6));
#20974=CARTESIAN_POINT('',(148.41,-88.85,11.6));
#20975=CARTESIAN_POINT('',(140.41,-88.85,11.6));
#20976=CARTESIAN_POINT('',(146.41,-88.85,11.6));
#20977=CARTESIAN_POINT('',(148.41,-83.85,11.6));
#20978=CARTESIAN_POINT('',(148.41,-85.1,11.6));
#20979=CARTESIAN_POINT('',(140.41,-83.85,11.6));
#20980=CARTESIAN_POINT('',(142.41,-83.85,11.6));
#20981=CARTESIAN_POINT('',(140.41,-87.6,11.6));
#20982=CARTESIAN_POINT('Origin',(126.845,-82.35,1.6));
#20983=CARTESIAN_POINT('',(126.845,-82.35,11.6));
#20984=CARTESIAN_POINT('',(126.845,-82.35,1.6));
#20985=CARTESIAN_POINT('',(126.845,-90.35,11.6));
#20986=CARTESIAN_POINT('',(126.845,-90.35,11.6));
#20987=CARTESIAN_POINT('',(126.845,-90.35,1.6));
#20988=CARTESIAN_POINT('Origin',(137.845,-82.35,1.6));
#20989=CARTESIAN_POINT('',(137.845,-82.35,11.6));
#20990=CARTESIAN_POINT('',(137.845,-82.35,1.6));
#20991=CARTESIAN_POINT('',(126.845,-82.35,11.6));
#20992=CARTESIAN_POINT('Origin',(137.845,-90.35,1.6));
#20993=CARTESIAN_POINT('',(137.845,-90.35,11.6));
#20994=CARTESIAN_POINT('',(137.845,-90.35,1.6));
#20995=CARTESIAN_POINT('',(137.845,-82.35,11.6));
#20996=CARTESIAN_POINT('Origin',(126.845,-90.35,1.6));
#20997=CARTESIAN_POINT('',(137.845,-90.35,11.6));
#20998=CARTESIAN_POINT('Origin',(132.345,-86.35,11.6));
#20999=CARTESIAN_POINT('',(128.345,-88.85,11.6));
#21000=CARTESIAN_POINT('',(128.345,-83.85,11.6));
#21001=CARTESIAN_POINT('',(128.345,-87.6,11.6));
#21002=CARTESIAN_POINT('',(136.345,-88.85,11.6));
#21003=CARTESIAN_POINT('',(134.345,-88.85,11.6));
#21004=CARTESIAN_POINT('',(136.345,-83.85,11.6));
#21005=CARTESIAN_POINT('',(136.345,-85.1,11.6));
#21006=CARTESIAN_POINT('',(130.345,-83.85,11.6));
#21007=CARTESIAN_POINT('Origin',(102.75,-119.,1.6));
#21008=CARTESIAN_POINT('',(102.75,-119.,11.6));
#21009=CARTESIAN_POINT('',(102.75,-119.,1.6));
#21010=CARTESIAN_POINT('',(102.75,-130.,11.6));
#21011=CARTESIAN_POINT('',(102.75,-130.,11.6));
#21012=CARTESIAN_POINT('',(102.75,-130.,1.6));
#21013=CARTESIAN_POINT('Origin',(110.75,-119.,1.6));
#21014=CARTESIAN_POINT('',(110.75,-119.,11.6));
#21015=CARTESIAN_POINT('',(110.75,-119.,1.6));
#21016=CARTESIAN_POINT('',(102.75,-119.,11.6));
#21017=CARTESIAN_POINT('Origin',(110.75,-130.,1.6));
#21018=CARTESIAN_POINT('',(110.75,-130.,11.6));
#21019=CARTESIAN_POINT('',(110.75,-130.,1.6));
#21020=CARTESIAN_POINT('',(110.75,-119.,11.6));
#21021=CARTESIAN_POINT('Origin',(102.75,-130.,1.6));
#21022=CARTESIAN_POINT('',(110.75,-130.,11.6));
#21023=CARTESIAN_POINT('Origin',(106.75,-124.5,11.6));
#21024=CARTESIAN_POINT('',(109.25,-128.5,11.6));
#21025=CARTESIAN_POINT('',(104.25,-128.5,11.6));
#21026=CARTESIAN_POINT('',(108.,-128.5,11.6));
#21027=CARTESIAN_POINT('',(109.25,-120.5,11.6));
#21028=CARTESIAN_POINT('',(109.25,-122.5,11.6));
#21029=CARTESIAN_POINT('',(104.25,-120.5,11.6));
#21030=CARTESIAN_POINT('',(105.5,-120.5,11.6));
#21031=CARTESIAN_POINT('',(104.25,-126.5,11.6));
#21032=CARTESIAN_POINT('Origin',(140.41,-83.85,1.6));
#21033=CARTESIAN_POINT('',(148.41,-83.85,12.6));
#21034=CARTESIAN_POINT('',(148.41,-83.85,1.6));
#21035=CARTESIAN_POINT('',(140.41,-83.85,12.6));
#21036=CARTESIAN_POINT('',(148.41,-83.85,12.6));
#21037=CARTESIAN_POINT('',(140.41,-83.85,1.6));
#21038=CARTESIAN_POINT('Origin',(148.41,-83.85,1.6));
#21039=CARTESIAN_POINT('',(148.41,-88.85,12.6));
#21040=CARTESIAN_POINT('',(148.41,-88.85,1.6));
#21041=CARTESIAN_POINT('',(148.41,-88.85,12.6));
#21042=CARTESIAN_POINT('Origin',(136.345,-83.85,1.6));
#21043=CARTESIAN_POINT('',(136.345,-88.85,12.6));
#21044=CARTESIAN_POINT('',(136.345,-88.85,1.6));
#21045=CARTESIAN_POINT('',(136.345,-83.85,12.6));
#21046=CARTESIAN_POINT('',(136.345,-83.85,12.6));
#21047=CARTESIAN_POINT('',(136.345,-83.85,1.6));
#21048=CARTESIAN_POINT('Origin',(136.345,-88.85,1.6));
#21049=CARTESIAN_POINT('',(128.345,-88.85,12.6));
#21050=CARTESIAN_POINT('',(128.345,-88.85,1.6));
#21051=CARTESIAN_POINT('',(136.345,-88.85,12.6));
#21052=CARTESIAN_POINT('Origin',(104.25,-120.5,1.6));
#21053=CARTESIAN_POINT('',(109.25,-120.5,12.6));
#21054=CARTESIAN_POINT('',(109.25,-120.5,1.6));
#21055=CARTESIAN_POINT('',(104.25,-120.5,12.6));
#21056=CARTESIAN_POINT('',(104.25,-120.5,12.6));
#21057=CARTESIAN_POINT('',(104.25,-120.5,1.6));
#21058=CARTESIAN_POINT('Origin',(109.25,-120.5,1.6));
#21059=CARTESIAN_POINT('',(109.25,-128.5,12.6));
#21060=CARTESIAN_POINT('',(109.25,-128.5,1.6));
#21061=CARTESIAN_POINT('',(109.25,-120.5,12.6));
#21062=CARTESIAN_POINT('Origin',(114.,-116.135,1.6));
#21063=CARTESIAN_POINT('',(114.,-116.135,6.6));
#21064=CARTESIAN_POINT('',(114.,-116.135,1.6));
#21065=CARTESIAN_POINT('',(114.,-134.035,6.6));
#21066=CARTESIAN_POINT('',(114.,-134.035,6.6));
#21067=CARTESIAN_POINT('',(114.,-134.035,1.6));
#21068=CARTESIAN_POINT('Origin',(124.1,-116.135,1.6));
#21069=CARTESIAN_POINT('',(124.1,-116.135,6.6));
#21070=CARTESIAN_POINT('',(124.1,-116.135,1.6));
#21071=CARTESIAN_POINT('',(114.,-116.135,6.6));
#21072=CARTESIAN_POINT('Origin',(124.1,-134.035,1.6));
#21073=CARTESIAN_POINT('',(124.1,-134.035,6.6));
#21074=CARTESIAN_POINT('',(124.1,-134.035,1.6));
#21075=CARTESIAN_POINT('',(124.1,-116.135,6.6));
#21076=CARTESIAN_POINT('Origin',(114.,-134.035,1.6));
#21077=CARTESIAN_POINT('',(124.1,-134.035,6.6));
#21078=CARTESIAN_POINT('Origin',(119.05,-125.085,6.6));
#21079=CARTESIAN_POINT('',(121.1,-131.035,6.6));
#21080=CARTESIAN_POINT('',(117.,-131.035,6.6));
#21081=CARTESIAN_POINT('',(120.075,-131.035,6.6));
#21082=CARTESIAN_POINT('',(121.1,-119.135,6.6));
#21083=CARTESIAN_POINT('',(121.1,-122.11,6.6));
#21084=CARTESIAN_POINT('',(117.,-119.135,6.6));
#21085=CARTESIAN_POINT('',(118.025,-119.135,6.6));
#21086=CARTESIAN_POINT('',(117.,-128.06,6.6));
#21087=CARTESIAN_POINT('Origin',(117.,-119.135,1.6));
#21088=CARTESIAN_POINT('',(121.1,-119.135,12.6));
#21089=CARTESIAN_POINT('',(121.1,-119.135,1.6));
#21090=CARTESIAN_POINT('',(117.,-119.135,12.6));
#21091=CARTESIAN_POINT('',(117.,-119.135,12.6));
#21092=CARTESIAN_POINT('',(117.,-119.135,1.6));
#21093=CARTESIAN_POINT('Origin',(121.1,-119.135,1.6));
#21094=CARTESIAN_POINT('',(121.1,-131.035,12.6));
#21095=CARTESIAN_POINT('',(121.1,-131.035,1.6));
#21096=CARTESIAN_POINT('',(121.1,-119.135,12.6));
#21097=CARTESIAN_POINT('Origin',(101.35,-109.95,1.6));
#21098=CARTESIAN_POINT('',(101.35,-109.95,8.85));
#21099=CARTESIAN_POINT('',(101.35,-109.95,1.6));
#21100=CARTESIAN_POINT('',(101.35,-116.1,8.85));
#21101=CARTESIAN_POINT('',(101.35,-116.1,8.85));
#21102=CARTESIAN_POINT('',(101.35,-116.1,1.6));
#21103=CARTESIAN_POINT('Origin',(112.15,-109.95,1.6));
#21104=CARTESIAN_POINT('',(112.15,-109.95,8.85));
#21105=CARTESIAN_POINT('',(112.15,-109.95,1.6));
#21106=CARTESIAN_POINT('',(101.35,-109.95,8.85));
#21107=CARTESIAN_POINT('Origin',(112.15,-116.1,1.6));
#21108=CARTESIAN_POINT('',(112.15,-116.1,8.85));
#21109=CARTESIAN_POINT('',(112.15,-116.1,1.6));
#21110=CARTESIAN_POINT('',(112.15,-109.95,8.85));
#21111=CARTESIAN_POINT('Origin',(101.35,-116.1,1.6));
#21112=CARTESIAN_POINT('',(112.15,-116.1,8.85));
#21113=CARTESIAN_POINT('Origin',(106.75,-113.025,8.85));
#21114=CARTESIAN_POINT('',(110.65,-114.6,8.85));
#21115=CARTESIAN_POINT('',(102.85,-114.6,8.85));
#21116=CARTESIAN_POINT('',(108.7,-114.6,8.85));
#21117=CARTESIAN_POINT('',(110.65,-111.45,8.85));
#21118=CARTESIAN_POINT('',(110.65,-112.2375,8.85));
#21119=CARTESIAN_POINT('',(102.85,-111.45,8.85));
#21120=CARTESIAN_POINT('',(104.8,-111.45,8.85));
#21121=CARTESIAN_POINT('',(102.85,-113.8125,8.85));
#21122=CARTESIAN_POINT('Origin',(102.6,-89.515,1.6));
#21123=CARTESIAN_POINT('',(102.6,-89.515,8.85));
#21124=CARTESIAN_POINT('',(102.6,-89.515,1.6));
#21125=CARTESIAN_POINT('',(102.6,-95.665,8.85));
#21126=CARTESIAN_POINT('',(102.6,-95.665,8.85));
#21127=CARTESIAN_POINT('',(102.6,-95.665,1.6));
#21128=CARTESIAN_POINT('Origin',(110.9,-89.515,1.6));
#21129=CARTESIAN_POINT('',(110.9,-89.515,8.85));
#21130=CARTESIAN_POINT('',(110.9,-89.515,1.6));
#21131=CARTESIAN_POINT('',(102.6,-89.515,8.85));
#21132=CARTESIAN_POINT('Origin',(110.9,-95.665,1.6));
#21133=CARTESIAN_POINT('',(110.9,-95.665,8.85));
#21134=CARTESIAN_POINT('',(110.9,-95.665,1.6));
#21135=CARTESIAN_POINT('',(110.9,-89.515,8.85));
#21136=CARTESIAN_POINT('Origin',(102.6,-95.665,1.6));
#21137=CARTESIAN_POINT('',(110.9,-95.665,8.85));
#21138=CARTESIAN_POINT('Origin',(106.75,-92.59,8.85));
#21139=CARTESIAN_POINT('',(109.4,-94.165,8.85));
#21140=CARTESIAN_POINT('',(104.1,-94.165,8.85));
#21141=CARTESIAN_POINT('',(108.075,-94.165,8.85));
#21142=CARTESIAN_POINT('',(109.4,-91.015,8.85));
#21143=CARTESIAN_POINT('',(109.4,-91.8025,8.85));
#21144=CARTESIAN_POINT('',(104.1,-91.015,8.85));
#21145=CARTESIAN_POINT('',(105.425,-91.015,8.85));
#21146=CARTESIAN_POINT('',(104.1,-93.3775,8.85));
#21147=CARTESIAN_POINT('Origin',(165.615,-89.9199999999999,1.6));
#21148=CARTESIAN_POINT('',(165.615,-89.9199999999999,8.85));
#21149=CARTESIAN_POINT('',(165.615,-89.9199999999999,1.6));
#21150=CARTESIAN_POINT('',(165.615,-103.22,8.85));
#21151=CARTESIAN_POINT('',(165.615,-103.22,8.85));
#21152=CARTESIAN_POINT('',(165.615,-103.22,1.6));
#21153=CARTESIAN_POINT('Origin',(171.765,-89.9199999999999,1.6));
#21154=CARTESIAN_POINT('',(171.765,-89.9199999999999,8.85));
#21155=CARTESIAN_POINT('',(171.765,-89.9199999999999,1.6));
#21156=CARTESIAN_POINT('',(165.615,-89.9199999999999,8.85));
#21157=CARTESIAN_POINT('Origin',(171.765,-103.22,1.6));
#21158=CARTESIAN_POINT('',(171.765,-103.22,8.85));
#21159=CARTESIAN_POINT('',(171.765,-103.22,1.6));
#21160=CARTESIAN_POINT('',(171.765,-89.9199999999999,8.85));
#21161=CARTESIAN_POINT('Origin',(165.615,-103.22,1.6));
#21162=CARTESIAN_POINT('',(171.765,-103.22,8.85));
#21163=CARTESIAN_POINT('Origin',(168.69,-96.5699999999999,8.85));
#21164=CARTESIAN_POINT('',(167.115,-91.4199999999999,8.85));
#21165=CARTESIAN_POINT('',(170.265,-91.4199999999999,8.85));
#21166=CARTESIAN_POINT('',(167.9025,-91.4199999999999,8.85));
#21167=CARTESIAN_POINT('',(167.115,-101.72,8.85));
#21168=CARTESIAN_POINT('',(167.115,-99.1449999999999,8.85));
#21169=CARTESIAN_POINT('',(170.265,-101.72,8.85));
#21170=CARTESIAN_POINT('',(169.4775,-101.72,8.85));
#21171=CARTESIAN_POINT('',(170.265,-93.9949999999999,8.85));
#21172=CARTESIAN_POINT('Origin',(166.14,-131.73,1.6));
#21173=CARTESIAN_POINT('',(166.14,-131.73,8.85));
#21174=CARTESIAN_POINT('',(166.14,-131.73,1.6));
#21175=CARTESIAN_POINT('',(166.14,-140.03,8.85));
#21176=CARTESIAN_POINT('',(166.14,-140.03,8.85));
#21177=CARTESIAN_POINT('',(166.14,-140.03,1.6));
#21178=CARTESIAN_POINT('Origin',(172.29,-131.73,1.6));
#21179=CARTESIAN_POINT('',(172.29,-131.73,8.85));
#21180=CARTESIAN_POINT('',(172.29,-131.73,1.6));
#21181=CARTESIAN_POINT('',(166.14,-131.73,8.85));
#21182=CARTESIAN_POINT('Origin',(172.29,-140.03,1.6));
#21183=CARTESIAN_POINT('',(172.29,-140.03,8.85));
#21184=CARTESIAN_POINT('',(172.29,-140.03,1.6));
#21185=CARTESIAN_POINT('',(172.29,-131.73,8.85));
#21186=CARTESIAN_POINT('Origin',(166.14,-140.03,1.6));
#21187=CARTESIAN_POINT('',(172.29,-140.03,8.85));
#21188=CARTESIAN_POINT('Origin',(169.215,-135.88,8.85));
#21189=CARTESIAN_POINT('',(167.64,-133.23,8.85));
#21190=CARTESIAN_POINT('',(170.79,-133.23,8.85));
#21191=CARTESIAN_POINT('',(168.4275,-133.23,8.85));
#21192=CARTESIAN_POINT('',(167.64,-138.53,8.85));
#21193=CARTESIAN_POINT('',(167.64,-137.205,8.85));
#21194=CARTESIAN_POINT('',(170.79,-138.53,8.85));
#21195=CARTESIAN_POINT('',(170.0025,-138.53,8.85));
#21196=CARTESIAN_POINT('',(170.79,-134.555,8.85));
#21197=CARTESIAN_POINT('Origin',(154.185,-89.92,1.6));
#21198=CARTESIAN_POINT('',(154.185,-89.92,8.85));
#21199=CARTESIAN_POINT('',(154.185,-89.92,1.6));
#21200=CARTESIAN_POINT('',(154.185,-103.22,8.85));
#21201=CARTESIAN_POINT('',(154.185,-103.22,8.85));
#21202=CARTESIAN_POINT('',(154.185,-103.22,1.6));
#21203=CARTESIAN_POINT('Origin',(160.335,-89.92,1.6));
#21204=CARTESIAN_POINT('',(160.335,-89.92,8.85));
#21205=CARTESIAN_POINT('',(160.335,-89.92,1.6));
#21206=CARTESIAN_POINT('',(154.185,-89.92,8.85));
#21207=CARTESIAN_POINT('Origin',(160.335,-103.22,1.6));
#21208=CARTESIAN_POINT('',(160.335,-103.22,8.85));
#21209=CARTESIAN_POINT('',(160.335,-103.22,1.6));
#21210=CARTESIAN_POINT('',(160.335,-89.92,8.85));
#21211=CARTESIAN_POINT('Origin',(154.185,-103.22,1.6));
#21212=CARTESIAN_POINT('',(160.335,-103.22,8.85));
#21213=CARTESIAN_POINT('Origin',(157.26,-96.57,8.85));
#21214=CARTESIAN_POINT('',(158.835,-101.72,8.85));
#21215=CARTESIAN_POINT('',(155.685,-101.72,8.85));
#21216=CARTESIAN_POINT('',(158.0475,-101.72,8.85));
#21217=CARTESIAN_POINT('',(158.835,-91.42,8.85));
#21218=CARTESIAN_POINT('',(158.835,-93.995,8.85));
#21219=CARTESIAN_POINT('',(155.685,-91.42,8.85));
#21220=CARTESIAN_POINT('',(156.4725,-91.42,8.85));
#21221=CARTESIAN_POINT('',(155.685,-99.145,8.85));
#21222=CARTESIAN_POINT('Origin',(113.69,-93.27,1.6));
#21223=CARTESIAN_POINT('',(113.69,-93.27,8.85));
#21224=CARTESIAN_POINT('',(113.69,-93.27,1.6));
#21225=CARTESIAN_POINT('',(113.69,-99.42,8.85));
#21226=CARTESIAN_POINT('',(113.69,-99.42,8.85));
#21227=CARTESIAN_POINT('',(113.69,-99.42,1.6));
#21228=CARTESIAN_POINT('Origin',(124.49,-93.27,1.6));
#21229=CARTESIAN_POINT('',(124.49,-93.27,8.85));
#21230=CARTESIAN_POINT('',(124.49,-93.27,1.6));
#21231=CARTESIAN_POINT('',(113.69,-93.27,8.85));
#21232=CARTESIAN_POINT('Origin',(124.49,-99.42,1.6));
#21233=CARTESIAN_POINT('',(124.49,-99.42,8.85));
#21234=CARTESIAN_POINT('',(124.49,-99.42,1.6));
#21235=CARTESIAN_POINT('',(124.49,-93.27,8.85));
#21236=CARTESIAN_POINT('Origin',(113.69,-99.42,1.6));
#21237=CARTESIAN_POINT('',(124.49,-99.42,8.85));
#21238=CARTESIAN_POINT('Origin',(119.09,-96.345,8.85));
#21239=CARTESIAN_POINT('',(122.99,-97.92,8.85));
#21240=CARTESIAN_POINT('',(115.19,-97.92,8.85));
#21241=CARTESIAN_POINT('',(121.04,-97.92,8.85));
#21242=CARTESIAN_POINT('',(122.99,-94.77,8.85));
#21243=CARTESIAN_POINT('',(122.99,-95.5575,8.85));
#21244=CARTESIAN_POINT('',(115.19,-94.77,8.85));
#21245=CARTESIAN_POINT('',(117.14,-94.77,8.85));
#21246=CARTESIAN_POINT('',(115.19,-97.1325,8.85));
#21247=CARTESIAN_POINT('Origin',(109.84,-141.585,1.6));
#21248=CARTESIAN_POINT('',(109.84,-141.585,8.85));
#21249=CARTESIAN_POINT('',(109.84,-141.585,1.6));
#21250=CARTESIAN_POINT('',(109.84,-147.735,8.85));
#21251=CARTESIAN_POINT('',(109.84,-147.735,8.85));
#21252=CARTESIAN_POINT('',(109.84,-147.735,1.6));
#21253=CARTESIAN_POINT('Origin',(118.14,-141.585,1.6));
#21254=CARTESIAN_POINT('',(118.14,-141.585,8.85));
#21255=CARTESIAN_POINT('',(118.14,-141.585,1.6));
#21256=CARTESIAN_POINT('',(109.84,-141.585,8.85));
#21257=CARTESIAN_POINT('Origin',(118.14,-147.735,1.6));
#21258=CARTESIAN_POINT('',(118.14,-147.735,8.85));
#21259=CARTESIAN_POINT('',(118.14,-147.735,1.6));
#21260=CARTESIAN_POINT('',(118.14,-141.585,8.85));
#21261=CARTESIAN_POINT('Origin',(109.84,-147.735,1.6));
#21262=CARTESIAN_POINT('',(118.14,-147.735,8.85));
#21263=CARTESIAN_POINT('Origin',(113.99,-144.66,8.85));
#21264=CARTESIAN_POINT('',(116.64,-146.235,8.85));
#21265=CARTESIAN_POINT('',(111.34,-146.235,8.85));
#21266=CARTESIAN_POINT('',(115.315,-146.235,8.85));
#21267=CARTESIAN_POINT('',(116.64,-143.085,8.85));
#21268=CARTESIAN_POINT('',(116.64,-143.8725,8.85));
#21269=CARTESIAN_POINT('',(111.34,-143.085,8.85));
#21270=CARTESIAN_POINT('',(112.665,-143.085,8.85));
#21271=CARTESIAN_POINT('',(111.34,-145.4475,8.85));
#21272=CARTESIAN_POINT('Origin',(114.92,-106.025,1.6));
#21273=CARTESIAN_POINT('',(114.92,-106.025,8.85));
#21274=CARTESIAN_POINT('',(114.92,-106.025,1.6));
#21275=CARTESIAN_POINT('',(114.92,-112.175,8.85));
#21276=CARTESIAN_POINT('',(114.92,-112.175,8.85));
#21277=CARTESIAN_POINT('',(114.92,-112.175,1.6));
#21278=CARTESIAN_POINT('Origin',(123.22,-106.025,1.6));
#21279=CARTESIAN_POINT('',(123.22,-106.025,8.85));
#21280=CARTESIAN_POINT('',(123.22,-106.025,1.6));
#21281=CARTESIAN_POINT('',(114.92,-106.025,8.85));
#21282=CARTESIAN_POINT('Origin',(123.22,-112.175,1.6));
#21283=CARTESIAN_POINT('',(123.22,-112.175,8.85));
#21284=CARTESIAN_POINT('',(123.22,-112.175,1.6));
#21285=CARTESIAN_POINT('',(123.22,-106.025,8.85));
#21286=CARTESIAN_POINT('Origin',(114.92,-112.175,1.6));
#21287=CARTESIAN_POINT('',(123.22,-112.175,8.85));
#21288=CARTESIAN_POINT('Origin',(119.07,-109.1,8.85));
#21289=CARTESIAN_POINT('',(121.72,-110.675,8.85));
#21290=CARTESIAN_POINT('',(116.42,-110.675,8.85));
#21291=CARTESIAN_POINT('',(120.395,-110.675,8.85));
#21292=CARTESIAN_POINT('',(121.72,-107.525,8.85));
#21293=CARTESIAN_POINT('',(121.72,-108.3125,8.85));
#21294=CARTESIAN_POINT('',(116.42,-107.525,8.85));
#21295=CARTESIAN_POINT('',(117.745,-107.525,8.85));
#21296=CARTESIAN_POINT('',(116.42,-109.8875,8.85));
#21297=CARTESIAN_POINT('Origin',(113.69,-81.895,1.6));
#21298=CARTESIAN_POINT('',(113.69,-81.895,8.85));
#21299=CARTESIAN_POINT('',(113.69,-81.895,1.6));
#21300=CARTESIAN_POINT('',(113.69,-88.045,8.85));
#21301=CARTESIAN_POINT('',(113.69,-88.045,8.85));
#21302=CARTESIAN_POINT('',(113.69,-88.045,1.6));
#21303=CARTESIAN_POINT('Origin',(124.49,-81.895,1.6));
#21304=CARTESIAN_POINT('',(124.49,-81.895,8.85));
#21305=CARTESIAN_POINT('',(124.49,-81.895,1.6));
#21306=CARTESIAN_POINT('',(113.69,-81.895,8.85));
#21307=CARTESIAN_POINT('Origin',(124.49,-88.045,1.6));
#21308=CARTESIAN_POINT('',(124.49,-88.045,8.85));
#21309=CARTESIAN_POINT('',(124.49,-88.045,1.6));
#21310=CARTESIAN_POINT('',(124.49,-81.895,8.85));
#21311=CARTESIAN_POINT('Origin',(113.69,-88.045,1.6));
#21312=CARTESIAN_POINT('',(124.49,-88.045,8.85));
#21313=CARTESIAN_POINT('Origin',(119.09,-84.97,8.85));
#21314=CARTESIAN_POINT('',(122.99,-86.545,8.85));
#21315=CARTESIAN_POINT('',(115.19,-86.545,8.85));
#21316=CARTESIAN_POINT('',(121.04,-86.545,8.85));
#21317=CARTESIAN_POINT('',(122.99,-83.395,8.85));
#21318=CARTESIAN_POINT('',(122.99,-84.1825,8.85));
#21319=CARTESIAN_POINT('',(115.19,-83.395,8.85));
#21320=CARTESIAN_POINT('',(117.14,-83.395,8.85));
#21321=CARTESIAN_POINT('',(115.19,-85.7575,8.85));
#21322=CARTESIAN_POINT('Origin',(166.25,-111.43,1.6));
#21323=CARTESIAN_POINT('',(166.25,-111.43,8.85));
#21324=CARTESIAN_POINT('',(166.25,-111.43,1.6));
#21325=CARTESIAN_POINT('',(166.25,-119.73,8.85));
#21326=CARTESIAN_POINT('',(166.25,-119.73,8.85));
#21327=CARTESIAN_POINT('',(166.25,-119.73,1.6));
#21328=CARTESIAN_POINT('Origin',(172.4,-111.43,1.6));
#21329=CARTESIAN_POINT('',(172.4,-111.43,8.85));
#21330=CARTESIAN_POINT('',(172.4,-111.43,1.6));
#21331=CARTESIAN_POINT('',(166.25,-111.43,8.85));
#21332=CARTESIAN_POINT('Origin',(172.4,-119.73,1.6));
#21333=CARTESIAN_POINT('',(172.4,-119.73,8.85));
#21334=CARTESIAN_POINT('',(172.4,-119.73,1.6));
#21335=CARTESIAN_POINT('',(172.4,-111.43,8.85));
#21336=CARTESIAN_POINT('Origin',(166.25,-119.73,1.6));
#21337=CARTESIAN_POINT('',(172.4,-119.73,8.85));
#21338=CARTESIAN_POINT('Origin',(169.325,-115.58,8.85));
#21339=CARTESIAN_POINT('',(167.75,-112.93,8.85));
#21340=CARTESIAN_POINT('',(170.9,-112.93,8.85));
#21341=CARTESIAN_POINT('',(168.5375,-112.93,8.85));
#21342=CARTESIAN_POINT('',(167.75,-118.23,8.85));
#21343=CARTESIAN_POINT('',(167.75,-116.905,8.85));
#21344=CARTESIAN_POINT('',(170.9,-118.23,8.85));
#21345=CARTESIAN_POINT('',(170.1125,-118.23,8.85));
#21346=CARTESIAN_POINT('',(170.9,-114.255,8.85));
#21347=CARTESIAN_POINT('Origin',(166.25,-121.59,1.6));
#21348=CARTESIAN_POINT('',(166.25,-121.59,8.85));
#21349=CARTESIAN_POINT('',(166.25,-121.59,1.6));
#21350=CARTESIAN_POINT('',(166.25,-129.89,8.85));
#21351=CARTESIAN_POINT('',(166.25,-129.89,8.85));
#21352=CARTESIAN_POINT('',(166.25,-129.89,1.6));
#21353=CARTESIAN_POINT('Origin',(172.4,-121.59,1.6));
#21354=CARTESIAN_POINT('',(172.4,-121.59,8.85));
#21355=CARTESIAN_POINT('',(172.4,-121.59,1.6));
#21356=CARTESIAN_POINT('',(166.25,-121.59,8.85));
#21357=CARTESIAN_POINT('Origin',(172.4,-129.89,1.6));
#21358=CARTESIAN_POINT('',(172.4,-129.89,8.85));
#21359=CARTESIAN_POINT('',(172.4,-129.89,1.6));
#21360=CARTESIAN_POINT('',(172.4,-121.59,8.85));
#21361=CARTESIAN_POINT('Origin',(166.25,-129.89,1.6));
#21362=CARTESIAN_POINT('',(172.4,-129.89,8.85));
#21363=CARTESIAN_POINT('Origin',(169.325,-125.74,8.85));
#21364=CARTESIAN_POINT('',(167.75,-123.09,8.85));
#21365=CARTESIAN_POINT('',(170.9,-123.09,8.85));
#21366=CARTESIAN_POINT('',(168.5375,-123.09,8.85));
#21367=CARTESIAN_POINT('',(167.75,-128.39,8.85));
#21368=CARTESIAN_POINT('',(167.75,-127.065,8.85));
#21369=CARTESIAN_POINT('',(170.9,-128.39,8.85));
#21370=CARTESIAN_POINT('',(170.1125,-128.39,8.85));
#21371=CARTESIAN_POINT('',(170.9,-124.415,8.85));
#21372=CARTESIAN_POINT('Origin',(151.71,-81.895,1.6));
#21373=CARTESIAN_POINT('',(151.71,-81.895,8.85));
#21374=CARTESIAN_POINT('',(151.71,-81.895,1.6));
#21375=CARTESIAN_POINT('',(151.71,-88.045,8.85));
#21376=CARTESIAN_POINT('',(151.71,-88.045,8.85));
#21377=CARTESIAN_POINT('',(151.71,-88.045,1.6));
#21378=CARTESIAN_POINT('Origin',(162.51,-81.895,1.6));
#21379=CARTESIAN_POINT('',(162.51,-81.895,8.85));
#21380=CARTESIAN_POINT('',(162.51,-81.895,1.6));
#21381=CARTESIAN_POINT('',(151.71,-81.895,8.85));
#21382=CARTESIAN_POINT('Origin',(162.51,-88.045,1.6));
#21383=CARTESIAN_POINT('',(162.51,-88.045,8.85));
#21384=CARTESIAN_POINT('',(162.51,-88.045,1.6));
#21385=CARTESIAN_POINT('',(162.51,-81.895,8.85));
#21386=CARTESIAN_POINT('Origin',(151.71,-88.045,1.6));
#21387=CARTESIAN_POINT('',(162.51,-88.045,8.85));
#21388=CARTESIAN_POINT('Origin',(157.11,-84.97,8.85));
#21389=CARTESIAN_POINT('',(161.01,-86.545,8.85));
#21390=CARTESIAN_POINT('',(153.21,-86.545,8.85));
#21391=CARTESIAN_POINT('',(159.06,-86.545,8.85));
#21392=CARTESIAN_POINT('',(161.01,-83.395,8.85));
#21393=CARTESIAN_POINT('',(161.01,-84.1825,8.85));
#21394=CARTESIAN_POINT('',(153.21,-83.395,8.85));
#21395=CARTESIAN_POINT('',(155.16,-83.395,8.85));
#21396=CARTESIAN_POINT('',(153.21,-85.7575,8.85));
#21397=CARTESIAN_POINT('Origin',(101.35,-99.675,1.6));
#21398=CARTESIAN_POINT('',(101.35,-99.675,8.85));
#21399=CARTESIAN_POINT('',(101.35,-99.675,1.6));
#21400=CARTESIAN_POINT('',(101.35,-105.825,8.85));
#21401=CARTESIAN_POINT('',(101.35,-105.825,8.85));
#21402=CARTESIAN_POINT('',(101.35,-105.825,1.6));
#21403=CARTESIAN_POINT('Origin',(112.15,-99.675,1.6));
#21404=CARTESIAN_POINT('',(112.15,-99.675,8.85));
#21405=CARTESIAN_POINT('',(112.15,-99.675,1.6));
#21406=CARTESIAN_POINT('',(101.35,-99.675,8.85));
#21407=CARTESIAN_POINT('Origin',(112.15,-105.825,1.6));
#21408=CARTESIAN_POINT('',(112.15,-105.825,8.85));
#21409=CARTESIAN_POINT('',(112.15,-105.825,1.6));
#21410=CARTESIAN_POINT('',(112.15,-99.675,8.85));
#21411=CARTESIAN_POINT('Origin',(101.35,-105.825,1.6));
#21412=CARTESIAN_POINT('',(112.15,-105.825,8.85));
#21413=CARTESIAN_POINT('Origin',(106.75,-102.75,8.85));
#21414=CARTESIAN_POINT('',(110.65,-104.325,8.85));
#21415=CARTESIAN_POINT('',(102.85,-104.325,8.85));
#21416=CARTESIAN_POINT('',(108.7,-104.325,8.85));
#21417=CARTESIAN_POINT('',(110.65,-101.175,8.85));
#21418=CARTESIAN_POINT('',(110.65,-101.9625,8.85));
#21419=CARTESIAN_POINT('',(102.85,-101.175,8.85));
#21420=CARTESIAN_POINT('',(104.8,-101.175,8.85));
#21421=CARTESIAN_POINT('',(102.85,-103.5375,8.85));
#21422=CARTESIAN_POINT('Origin',(119.96,-141.585,1.6));
#21423=CARTESIAN_POINT('',(119.96,-141.585,8.85));
#21424=CARTESIAN_POINT('',(119.96,-141.585,1.6));
#21425=CARTESIAN_POINT('',(119.96,-147.735,8.85));
#21426=CARTESIAN_POINT('',(119.96,-147.735,8.85));
#21427=CARTESIAN_POINT('',(119.96,-147.735,1.6));
#21428=CARTESIAN_POINT('Origin',(133.26,-141.585,1.6));
#21429=CARTESIAN_POINT('',(133.26,-141.585,8.85));
#21430=CARTESIAN_POINT('',(133.26,-141.585,1.6));
#21431=CARTESIAN_POINT('',(119.96,-141.585,8.85));
#21432=CARTESIAN_POINT('Origin',(133.26,-147.735,1.6));
#21433=CARTESIAN_POINT('',(133.26,-147.735,8.85));
#21434=CARTESIAN_POINT('',(133.26,-147.735,1.6));
#21435=CARTESIAN_POINT('',(133.26,-141.585,8.85));
#21436=CARTESIAN_POINT('Origin',(119.96,-147.735,1.6));
#21437=CARTESIAN_POINT('',(133.26,-147.735,8.85));
#21438=CARTESIAN_POINT('Origin',(126.61,-144.66,8.85));
#21439=CARTESIAN_POINT('',(131.76,-146.235,8.85));
#21440=CARTESIAN_POINT('',(121.46,-146.235,8.85));
#21441=CARTESIAN_POINT('',(129.185,-146.235,8.85));
#21442=CARTESIAN_POINT('',(131.76,-143.085,8.85));
#21443=CARTESIAN_POINT('',(131.76,-143.8725,8.85));
#21444=CARTESIAN_POINT('',(121.46,-143.085,8.85));
#21445=CARTESIAN_POINT('',(124.035,-143.085,8.85));
#21446=CARTESIAN_POINT('',(121.46,-145.4475,8.85));
#21447=CARTESIAN_POINT('Origin',(102.85,-111.45,1.6));
#21448=CARTESIAN_POINT('',(110.65,-111.45,12.6));
#21449=CARTESIAN_POINT('',(110.65,-111.45,1.6));
#21450=CARTESIAN_POINT('',(102.85,-111.45,12.6));
#21451=CARTESIAN_POINT('',(102.85,-111.45,12.6));
#21452=CARTESIAN_POINT('',(102.85,-111.45,1.6));
#21453=CARTESIAN_POINT('Origin',(110.65,-111.45,1.6));
#21454=CARTESIAN_POINT('',(110.65,-114.6,12.6));
#21455=CARTESIAN_POINT('',(110.65,-114.6,1.6));
#21456=CARTESIAN_POINT('',(110.65,-111.45,12.6));
#21457=CARTESIAN_POINT('Origin',(104.1,-91.015,1.6));
#21458=CARTESIAN_POINT('',(109.4,-91.015,12.6));
#21459=CARTESIAN_POINT('',(109.4,-91.015,1.6));
#21460=CARTESIAN_POINT('',(104.1,-91.015,12.6));
#21461=CARTESIAN_POINT('',(104.1,-91.015,12.6));
#21462=CARTESIAN_POINT('',(104.1,-91.015,1.6));
#21463=CARTESIAN_POINT('Origin',(109.4,-91.015,1.6));
#21464=CARTESIAN_POINT('',(109.4,-94.165,12.6));
#21465=CARTESIAN_POINT('',(109.4,-94.165,1.6));
#21466=CARTESIAN_POINT('',(109.4,-91.015,12.6));
#21467=CARTESIAN_POINT('Origin',(170.265,-101.72,1.6));
#21468=CARTESIAN_POINT('',(167.115,-101.72,12.6));
#21469=CARTESIAN_POINT('',(167.115,-101.72,1.6));
#21470=CARTESIAN_POINT('',(170.265,-101.72,12.6));
#21471=CARTESIAN_POINT('',(170.265,-101.72,12.6));
#21472=CARTESIAN_POINT('',(170.265,-101.72,1.6));
#21473=CARTESIAN_POINT('Origin',(167.115,-101.72,1.6));
#21474=CARTESIAN_POINT('',(167.115,-91.4199999999999,12.6));
#21475=CARTESIAN_POINT('',(167.115,-91.4199999999999,1.6));
#21476=CARTESIAN_POINT('',(167.115,-101.72,12.6));
#21477=CARTESIAN_POINT('Origin',(170.79,-138.53,1.6));
#21478=CARTESIAN_POINT('',(167.64,-138.53,12.6));
#21479=CARTESIAN_POINT('',(167.64,-138.53,1.6));
#21480=CARTESIAN_POINT('',(170.79,-138.53,12.6));
#21481=CARTESIAN_POINT('',(170.79,-138.53,12.6));
#21482=CARTESIAN_POINT('',(170.79,-138.53,1.6));
#21483=CARTESIAN_POINT('Origin',(167.64,-138.53,1.6));
#21484=CARTESIAN_POINT('',(167.64,-133.23,12.6));
#21485=CARTESIAN_POINT('',(167.64,-133.23,1.6));
#21486=CARTESIAN_POINT('',(167.64,-138.53,12.6));
#21487=CARTESIAN_POINT('Origin',(155.685,-91.42,1.6));
#21488=CARTESIAN_POINT('',(158.835,-91.42,12.6));
#21489=CARTESIAN_POINT('',(158.835,-91.42,1.6));
#21490=CARTESIAN_POINT('',(155.685,-91.42,12.6));
#21491=CARTESIAN_POINT('',(155.685,-91.42,12.6));
#21492=CARTESIAN_POINT('',(155.685,-91.42,1.6));
#21493=CARTESIAN_POINT('Origin',(158.835,-91.42,1.6));
#21494=CARTESIAN_POINT('',(158.835,-101.72,12.6));
#21495=CARTESIAN_POINT('',(158.835,-101.72,1.6));
#21496=CARTESIAN_POINT('',(158.835,-91.42,12.6));
#21497=CARTESIAN_POINT('Origin',(115.19,-94.77,1.6));
#21498=CARTESIAN_POINT('',(122.99,-94.77,12.6));
#21499=CARTESIAN_POINT('',(122.99,-94.77,1.6));
#21500=CARTESIAN_POINT('',(115.19,-94.77,12.6));
#21501=CARTESIAN_POINT('',(115.19,-94.77,12.6));
#21502=CARTESIAN_POINT('',(115.19,-94.77,1.6));
#21503=CARTESIAN_POINT('Origin',(122.99,-94.77,1.6));
#21504=CARTESIAN_POINT('',(122.99,-97.92,12.6));
#21505=CARTESIAN_POINT('',(122.99,-97.92,1.6));
#21506=CARTESIAN_POINT('',(122.99,-94.77,12.6));
#21507=CARTESIAN_POINT('Origin',(111.34,-143.085,1.6));
#21508=CARTESIAN_POINT('',(116.64,-143.085,12.6));
#21509=CARTESIAN_POINT('',(116.64,-143.085,1.6));
#21510=CARTESIAN_POINT('',(111.34,-143.085,12.6));
#21511=CARTESIAN_POINT('',(111.34,-143.085,12.6));
#21512=CARTESIAN_POINT('',(111.34,-143.085,1.6));
#21513=CARTESIAN_POINT('Origin',(116.64,-143.085,1.6));
#21514=CARTESIAN_POINT('',(116.64,-146.235,12.6));
#21515=CARTESIAN_POINT('',(116.64,-146.235,1.6));
#21516=CARTESIAN_POINT('',(116.64,-143.085,12.6));
#21517=CARTESIAN_POINT('Origin',(116.42,-107.525,1.6));
#21518=CARTESIAN_POINT('',(121.72,-107.525,12.6));
#21519=CARTESIAN_POINT('',(121.72,-107.525,1.6));
#21520=CARTESIAN_POINT('',(116.42,-107.525,12.6));
#21521=CARTESIAN_POINT('',(116.42,-107.525,12.6));
#21522=CARTESIAN_POINT('',(116.42,-107.525,1.6));
#21523=CARTESIAN_POINT('Origin',(121.72,-107.525,1.6));
#21524=CARTESIAN_POINT('',(121.72,-110.675,12.6));
#21525=CARTESIAN_POINT('',(121.72,-110.675,1.6));
#21526=CARTESIAN_POINT('',(121.72,-107.525,12.6));
#21527=CARTESIAN_POINT('Origin',(115.19,-83.395,1.6));
#21528=CARTESIAN_POINT('',(122.99,-83.395,12.6));
#21529=CARTESIAN_POINT('',(122.99,-83.395,1.6));
#21530=CARTESIAN_POINT('',(115.19,-83.395,12.6));
#21531=CARTESIAN_POINT('',(115.19,-83.395,12.6));
#21532=CARTESIAN_POINT('',(115.19,-83.395,1.6));
#21533=CARTESIAN_POINT('Origin',(122.99,-83.395,1.6));
#21534=CARTESIAN_POINT('',(122.99,-86.545,12.6));
#21535=CARTESIAN_POINT('',(122.99,-86.545,1.6));
#21536=CARTESIAN_POINT('',(122.99,-83.395,12.6));
#21537=CARTESIAN_POINT('Origin',(170.9,-118.23,1.6));
#21538=CARTESIAN_POINT('',(167.75,-118.23,12.6));
#21539=CARTESIAN_POINT('',(167.75,-118.23,1.6));
#21540=CARTESIAN_POINT('',(170.9,-118.23,12.6));
#21541=CARTESIAN_POINT('',(170.9,-118.23,12.6));
#21542=CARTESIAN_POINT('',(170.9,-118.23,1.6));
#21543=CARTESIAN_POINT('Origin',(167.75,-118.23,1.6));
#21544=CARTESIAN_POINT('',(167.75,-112.93,12.6));
#21545=CARTESIAN_POINT('',(167.75,-112.93,1.6));
#21546=CARTESIAN_POINT('',(167.75,-118.23,12.6));
#21547=CARTESIAN_POINT('Origin',(170.9,-128.39,1.6));
#21548=CARTESIAN_POINT('',(167.75,-128.39,12.6));
#21549=CARTESIAN_POINT('',(167.75,-128.39,1.6));
#21550=CARTESIAN_POINT('',(170.9,-128.39,12.6));
#21551=CARTESIAN_POINT('',(170.9,-128.39,12.6));
#21552=CARTESIAN_POINT('',(170.9,-128.39,1.6));
#21553=CARTESIAN_POINT('Origin',(167.75,-128.39,1.6));
#21554=CARTESIAN_POINT('',(167.75,-123.09,12.6));
#21555=CARTESIAN_POINT('',(167.75,-123.09,1.6));
#21556=CARTESIAN_POINT('',(167.75,-128.39,12.6));
#21557=CARTESIAN_POINT('Origin',(153.21,-83.395,1.6));
#21558=CARTESIAN_POINT('',(161.01,-83.395,12.6));
#21559=CARTESIAN_POINT('',(161.01,-83.395,1.6));
#21560=CARTESIAN_POINT('',(153.21,-83.395,12.6));
#21561=CARTESIAN_POINT('',(153.21,-83.395,12.6));
#21562=CARTESIAN_POINT('',(153.21,-83.395,1.6));
#21563=CARTESIAN_POINT('Origin',(161.01,-83.395,1.6));
#21564=CARTESIAN_POINT('',(161.01,-86.545,12.6));
#21565=CARTESIAN_POINT('',(161.01,-86.545,1.6));
#21566=CARTESIAN_POINT('',(161.01,-83.395,12.6));
#21567=CARTESIAN_POINT('Origin',(102.85,-101.175,1.6));
#21568=CARTESIAN_POINT('',(110.65,-101.175,12.6));
#21569=CARTESIAN_POINT('',(110.65,-101.175,1.6));
#21570=CARTESIAN_POINT('',(102.85,-101.175,12.6));
#21571=CARTESIAN_POINT('',(102.85,-101.175,12.6));
#21572=CARTESIAN_POINT('',(102.85,-101.175,1.6));
#21573=CARTESIAN_POINT('Origin',(110.65,-101.175,1.6));
#21574=CARTESIAN_POINT('',(110.65,-104.325,12.6));
#21575=CARTESIAN_POINT('',(110.65,-104.325,1.6));
#21576=CARTESIAN_POINT('',(110.65,-101.175,12.6));
#21577=CARTESIAN_POINT('Origin',(121.46,-143.085,1.6));
#21578=CARTESIAN_POINT('',(131.76,-143.085,12.6));
#21579=CARTESIAN_POINT('',(131.76,-143.085,1.6));
#21580=CARTESIAN_POINT('',(121.46,-143.085,12.6));
#21581=CARTESIAN_POINT('',(121.46,-143.085,12.6));
#21582=CARTESIAN_POINT('',(121.46,-143.085,1.6));
#21583=CARTESIAN_POINT('Origin',(131.76,-143.085,1.6));
#21584=CARTESIAN_POINT('',(131.76,-146.235,12.6));
#21585=CARTESIAN_POINT('',(131.76,-146.235,1.6));
#21586=CARTESIAN_POINT('',(131.76,-143.085,12.6));
#21587=CARTESIAN_POINT('Origin',(152.09,-103.41,1.6));
#21588=CARTESIAN_POINT('',(152.09,-103.41,10.1));
#21589=CARTESIAN_POINT('',(152.09,-103.41,1.6));
#21590=CARTESIAN_POINT('',(152.09,-140.41,10.1));
#21591=CARTESIAN_POINT('',(152.09,-140.41,10.1));
#21592=CARTESIAN_POINT('',(152.09,-140.41,1.6));
#21593=CARTESIAN_POINT('Origin',(154.59,-103.41,1.6));
#21594=CARTESIAN_POINT('',(154.59,-103.41,10.1));
#21595=CARTESIAN_POINT('',(154.59,-103.41,1.6));
#21596=CARTESIAN_POINT('',(152.09,-103.41,10.1));
#21597=CARTESIAN_POINT('Origin',(154.59,-140.41,1.6));
#21598=CARTESIAN_POINT('',(154.59,-140.41,10.1));
#21599=CARTESIAN_POINT('',(154.59,-140.41,1.6));
#21600=CARTESIAN_POINT('',(154.59,-103.41,10.1));
#21601=CARTESIAN_POINT('Origin',(152.09,-140.41,1.6));
#21602=CARTESIAN_POINT('',(154.59,-140.41,10.1));
#21603=CARTESIAN_POINT('Origin',(153.34,-121.91,10.1));
#21604=CARTESIAN_POINT('',(152.59,-103.91,10.1));
#21605=CARTESIAN_POINT('',(154.09,-103.91,10.1));
#21606=CARTESIAN_POINT('',(152.965,-103.91,10.1));
#21607=CARTESIAN_POINT('',(152.59,-139.91,10.1));
#21608=CARTESIAN_POINT('',(152.59,-130.91,10.1));
#21609=CARTESIAN_POINT('',(154.09,-139.91,10.1));
#21610=CARTESIAN_POINT('',(153.715,-139.91,10.1));
#21611=CARTESIAN_POINT('',(154.09,-112.91,10.1));
#21612=CARTESIAN_POINT('Origin',(136.85,-103.41,1.6));
#21613=CARTESIAN_POINT('',(136.85,-103.41,10.1));
#21614=CARTESIAN_POINT('',(136.85,-103.41,1.6));
#21615=CARTESIAN_POINT('',(136.85,-140.41,10.1));
#21616=CARTESIAN_POINT('',(136.85,-140.41,10.1));
#21617=CARTESIAN_POINT('',(136.85,-140.41,1.6));
#21618=CARTESIAN_POINT('Origin',(139.35,-103.41,1.6));
#21619=CARTESIAN_POINT('',(139.35,-103.41,10.1));
#21620=CARTESIAN_POINT('',(139.35,-103.41,1.6));
#21621=CARTESIAN_POINT('',(136.85,-103.41,10.1));
#21622=CARTESIAN_POINT('Origin',(139.35,-140.41,1.6));
#21623=CARTESIAN_POINT('',(139.35,-140.41,10.1));
#21624=CARTESIAN_POINT('',(139.35,-140.41,1.6));
#21625=CARTESIAN_POINT('',(139.35,-103.41,10.1));
#21626=CARTESIAN_POINT('Origin',(136.85,-140.41,1.6));
#21627=CARTESIAN_POINT('',(139.35,-140.41,10.1));
#21628=CARTESIAN_POINT('Origin',(138.1,-121.91,10.1));
#21629=CARTESIAN_POINT('',(138.85,-139.91,10.1));
#21630=CARTESIAN_POINT('',(137.35,-139.91,10.1));
#21631=CARTESIAN_POINT('',(138.475,-139.91,10.1));
#21632=CARTESIAN_POINT('',(138.85,-103.91,10.1));
#21633=CARTESIAN_POINT('',(138.85,-112.91,10.1));
#21634=CARTESIAN_POINT('',(137.35,-103.91,10.1));
#21635=CARTESIAN_POINT('',(137.725,-103.91,10.1));
#21636=CARTESIAN_POINT('',(137.35,-130.91,10.1));
#21637=CARTESIAN_POINT('Origin',(155.92,-114.91,1.6));
#21638=CARTESIAN_POINT('',(155.92,-114.91,10.1));
#21639=CARTESIAN_POINT('',(155.92,-114.91,1.6));
#21640=CARTESIAN_POINT('',(155.92,-128.91,10.1));
#21641=CARTESIAN_POINT('',(155.92,-128.91,10.1));
#21642=CARTESIAN_POINT('',(155.92,-128.91,1.6));
#21643=CARTESIAN_POINT('Origin',(160.92,-114.91,1.6));
#21644=CARTESIAN_POINT('',(160.92,-114.91,10.1));
#21645=CARTESIAN_POINT('',(160.92,-114.91,1.6));
#21646=CARTESIAN_POINT('',(155.92,-114.91,10.1));
#21647=CARTESIAN_POINT('Origin',(160.92,-128.91,1.6));
#21648=CARTESIAN_POINT('',(160.92,-128.91,10.1));
#21649=CARTESIAN_POINT('',(160.92,-128.91,1.6));
#21650=CARTESIAN_POINT('',(160.92,-114.91,10.1));
#21651=CARTESIAN_POINT('Origin',(155.92,-128.91,1.6));
#21652=CARTESIAN_POINT('',(160.92,-128.91,10.1));
#21653=CARTESIAN_POINT('Origin',(158.42,-121.91,10.1));
#21654=CARTESIAN_POINT('',(160.42,-115.41,10.1));
#21655=CARTESIAN_POINT('',(160.42,-128.41,10.1));
#21656=CARTESIAN_POINT('',(160.42,-118.66,10.1));
#21657=CARTESIAN_POINT('',(156.42,-115.41,10.1));
#21658=CARTESIAN_POINT('',(157.42,-115.41,10.1));
#21659=CARTESIAN_POINT('',(156.42,-128.41,10.1));
#21660=CARTESIAN_POINT('',(156.42,-125.16,10.1));
#21661=CARTESIAN_POINT('',(159.42,-128.41,10.1));
#21662=CARTESIAN_POINT('Origin',(154.09,-139.91,1.6));
#21663=CARTESIAN_POINT('',(152.59,-139.91,12.6));
#21664=CARTESIAN_POINT('',(152.59,-139.91,1.6));
#21665=CARTESIAN_POINT('',(154.09,-139.91,12.6));
#21666=CARTESIAN_POINT('',(154.09,-139.91,12.6));
#21667=CARTESIAN_POINT('',(154.09,-139.91,1.6));
#21668=CARTESIAN_POINT('Origin',(152.59,-139.91,1.6));
#21669=CARTESIAN_POINT('',(152.59,-103.91,12.6));
#21670=CARTESIAN_POINT('',(152.59,-103.91,1.6));
#21671=CARTESIAN_POINT('',(152.59,-139.91,12.6));
#21672=CARTESIAN_POINT('Origin',(137.35,-103.91,1.6));
#21673=CARTESIAN_POINT('',(138.85,-103.91,12.6));
#21674=CARTESIAN_POINT('',(138.85,-103.91,1.6));
#21675=CARTESIAN_POINT('',(137.35,-103.91,12.6));
#21676=CARTESIAN_POINT('',(137.35,-103.91,12.6));
#21677=CARTESIAN_POINT('',(137.35,-103.91,1.6));
#21678=CARTESIAN_POINT('Origin',(138.85,-103.91,1.6));
#21679=CARTESIAN_POINT('',(138.85,-139.91,12.6));
#21680=CARTESIAN_POINT('',(138.85,-139.91,1.6));
#21681=CARTESIAN_POINT('',(138.85,-103.91,12.6));
#21682=CARTESIAN_POINT('Origin',(156.42,-128.41,1.6));
#21683=CARTESIAN_POINT('',(156.42,-115.41,12.6));
#21684=CARTESIAN_POINT('',(156.42,-115.41,1.6));
#21685=CARTESIAN_POINT('',(156.42,-128.41,12.6));
#21686=CARTESIAN_POINT('',(156.42,-128.41,12.6));
#21687=CARTESIAN_POINT('',(156.42,-128.41,1.6));
#21688=CARTESIAN_POINT('Origin',(156.42,-115.41,1.6));
#21689=CARTESIAN_POINT('',(160.42,-115.41,12.6));
#21690=CARTESIAN_POINT('',(160.42,-115.41,1.6));
#21691=CARTESIAN_POINT('',(156.42,-115.41,12.6));
#21692=CARTESIAN_POINT('Origin',(177.2,-130.165,0.6));
#21693=CARTESIAN_POINT('',(178.2,-84.445,-0.4));
#21694=CARTESIAN_POINT('',(176.2,-84.445,1.6));
#21695=CARTESIAN_POINT('',(178.20000000001,-145.404999450619,-0.4));
#21696=CARTESIAN_POINT('',(178.20000000001,-145.404999450619,-0.4));
#21697=CARTESIAN_POINT('',(178.20000000001,-145.404999450619,-0.4));
#21698=CARTESIAN_POINT('Origin',(171.75500122101,-84.44499877899,0.6));
#21699=CARTESIAN_POINT('Origin',(171.75500122101,-84.44499877899,-0.4));
#21700=CARTESIAN_POINT('Origin',(104.44499877899,-84.44499877899,0.6));
#21701=CARTESIAN_POINT('',(98.0000000000001,-84.445000549386,-0.4));
#21702=CARTESIAN_POINT('',(100.,-84.445,1.6));
#21703=CARTESIAN_POINT('Origin',(104.44499877899,-84.44499877899,-0.4));
#21704=CARTESIAN_POINT('Origin',(99.0000000000001,-99.6849999999999,0.6));
#21705=CARTESIAN_POINT('',(98.,-145.405,-0.4));
#21706=CARTESIAN_POINT('',(100.,-145.405,1.6));
#21707=CARTESIAN_POINT('',(98.0000000000001,-84.445000549386,-0.4));
#21708=CARTESIAN_POINT('Origin',(104.44499877899,-145.405001221,0.6));
#21709=CARTESIAN_POINT('Origin',(104.44499877899,-145.405001221,-0.4));
#21710=CARTESIAN_POINT('Origin',(121.2725,-150.849999999992,0.6));
#21711=CARTESIAN_POINT('',(104.445000549386,-151.84999999999,-0.4));
#21712=CARTESIAN_POINT('Origin',(171.75500122101,-145.405001221,0.6));
#21713=CARTESIAN_POINT('Origin',(171.75500122101,-145.405001221,-0.4));
#21714=CARTESIAN_POINT('Origin',(148.41,-88.85,1.6));
#21715=CARTESIAN_POINT('',(140.41,-88.85,12.6));
#21716=CARTESIAN_POINT('',(140.41,-88.85,1.6));
#21717=CARTESIAN_POINT('',(140.41,-88.85,12.6));
#21718=CARTESIAN_POINT('Origin',(140.41,-88.85,1.6));
#21719=CARTESIAN_POINT('',(140.41,-83.85,12.6));
#21720=CARTESIAN_POINT('Origin',(110.65,-104.325,1.6));
#21721=CARTESIAN_POINT('',(102.85,-104.325,12.6));
#21722=CARTESIAN_POINT('',(102.85,-104.325,1.6));
#21723=CARTESIAN_POINT('',(110.65,-104.325,12.6));
#21724=CARTESIAN_POINT('Origin',(102.85,-104.325,1.6));
#21725=CARTESIAN_POINT('',(102.85,-104.325,12.6));
#21726=CARTESIAN_POINT('Origin',(171.755,-145.405,1.6));
#21727=CARTESIAN_POINT('',(173.355,-145.405,12.6));
#21728=CARTESIAN_POINT('Origin',(171.755,-145.405,12.6));
#21729=CARTESIAN_POINT('',(173.355,-145.405,1.6));
#21730=CARTESIAN_POINT('Origin',(128.345,-88.85,1.6));
#21731=CARTESIAN_POINT('',(128.345,-83.85,12.6));
#21732=CARTESIAN_POINT('',(128.345,-83.85,1.6));
#21733=CARTESIAN_POINT('',(128.345,-88.85,12.6));
#21734=CARTESIAN_POINT('Origin',(128.345,-83.85,1.6));
#21735=CARTESIAN_POINT('',(128.345,-83.85,12.6));
#21736=CARTESIAN_POINT('Origin',(122.99,-86.545,1.6));
#21737=CARTESIAN_POINT('',(115.19,-86.545,12.6));
#21738=CARTESIAN_POINT('',(115.19,-86.545,1.6));
#21739=CARTESIAN_POINT('',(122.99,-86.545,12.6));
#21740=CARTESIAN_POINT('Origin',(115.19,-86.545,1.6));
#21741=CARTESIAN_POINT('',(115.19,-86.545,12.6));
#21742=CARTESIAN_POINT('Origin',(109.4,-94.165,1.6));
#21743=CARTESIAN_POINT('',(104.1,-94.165,12.6));
#21744=CARTESIAN_POINT('',(104.1,-94.165,1.6));
#21745=CARTESIAN_POINT('',(109.4,-94.165,12.6));
#21746=CARTESIAN_POINT('Origin',(104.1,-94.165,1.6));
#21747=CARTESIAN_POINT('',(104.1,-94.165,12.6));
#21748=CARTESIAN_POINT('Origin',(104.445,-145.405,1.6));
#21749=CARTESIAN_POINT('',(106.045,-145.405,12.6));
#21750=CARTESIAN_POINT('Origin',(104.445,-145.405,12.6));
#21751=CARTESIAN_POINT('',(106.045,-145.405,1.6));
#21752=CARTESIAN_POINT('Origin',(171.755,-84.445,1.6));
#21753=CARTESIAN_POINT('',(173.355,-84.445,12.6));
#21754=CARTESIAN_POINT('Origin',(171.755,-84.445,12.6));
#21755=CARTESIAN_POINT('',(173.355,-84.445,1.6));
#21756=CARTESIAN_POINT('Origin',(122.99,-97.92,1.6));
#21757=CARTESIAN_POINT('',(115.19,-97.92,12.6));
#21758=CARTESIAN_POINT('',(115.19,-97.92,1.6));
#21759=CARTESIAN_POINT('',(122.99,-97.92,12.6));
#21760=CARTESIAN_POINT('Origin',(115.19,-97.92,1.6));
#21761=CARTESIAN_POINT('',(115.19,-97.92,12.6));
#21762=CARTESIAN_POINT('Origin',(167.115,-91.4199999999999,1.6));
#21763=CARTESIAN_POINT('',(170.265,-91.4199999999999,12.6));
#21764=CARTESIAN_POINT('',(170.265,-91.4199999999999,1.6));
#21765=CARTESIAN_POINT('',(167.115,-91.4199999999999,12.6));
#21766=CARTESIAN_POINT('Origin',(170.265,-91.4199999999999,1.6));
#21767=CARTESIAN_POINT('',(170.265,-91.4199999999999,12.6));
#21768=CARTESIAN_POINT('Origin',(116.64,-146.235,1.6));
#21769=CARTESIAN_POINT('',(111.34,-146.235,12.6));
#21770=CARTESIAN_POINT('',(111.34,-146.235,1.6));
#21771=CARTESIAN_POINT('',(116.64,-146.235,12.6));
#21772=CARTESIAN_POINT('Origin',(111.34,-146.235,1.6));
#21773=CARTESIAN_POINT('',(111.34,-146.235,12.6));
#21774=CARTESIAN_POINT('Origin',(110.65,-114.6,1.6));
#21775=CARTESIAN_POINT('',(102.85,-114.6,12.6));
#21776=CARTESIAN_POINT('',(102.85,-114.6,1.6));
#21777=CARTESIAN_POINT('',(110.65,-114.6,12.6));
#21778=CARTESIAN_POINT('Origin',(102.85,-114.6,1.6));
#21779=CARTESIAN_POINT('',(102.85,-114.6,12.6));
#21780=CARTESIAN_POINT('Origin',(104.445,-84.445,1.6));
#21781=CARTESIAN_POINT('',(106.045,-84.445,12.6));
#21782=CARTESIAN_POINT('Origin',(104.445,-84.445,12.6));
#21783=CARTESIAN_POINT('',(106.045,-84.445,1.6));
#21784=CARTESIAN_POINT('Origin',(138.85,-139.91,1.6));
#21785=CARTESIAN_POINT('',(137.35,-139.91,12.6));
#21786=CARTESIAN_POINT('',(137.35,-139.91,1.6));
#21787=CARTESIAN_POINT('',(138.85,-139.91,12.6));
#21788=CARTESIAN_POINT('Origin',(137.35,-139.91,1.6));
#21789=CARTESIAN_POINT('',(137.35,-139.91,12.6));
#21790=CARTESIAN_POINT('Origin',(158.835,-101.72,1.6));
#21791=CARTESIAN_POINT('',(155.685,-101.72,12.6));
#21792=CARTESIAN_POINT('',(155.685,-101.72,1.6));
#21793=CARTESIAN_POINT('',(158.835,-101.72,12.6));
#21794=CARTESIAN_POINT('Origin',(155.685,-101.72,1.6));
#21795=CARTESIAN_POINT('',(155.685,-101.72,12.6));
#21796=CARTESIAN_POINT('Origin',(167.75,-123.09,1.6));
#21797=CARTESIAN_POINT('',(170.9,-123.09,12.6));
#21798=CARTESIAN_POINT('',(170.9,-123.09,1.6));
#21799=CARTESIAN_POINT('',(167.75,-123.09,12.6));
#21800=CARTESIAN_POINT('Origin',(170.9,-123.09,1.6));
#21801=CARTESIAN_POINT('',(170.9,-123.09,12.6));
#21802=CARTESIAN_POINT('Origin',(121.1,-131.035,1.6));
#21803=CARTESIAN_POINT('',(117.,-131.035,12.6));
#21804=CARTESIAN_POINT('',(117.,-131.035,1.6));
#21805=CARTESIAN_POINT('',(121.1,-131.035,12.6));
#21806=CARTESIAN_POINT('Origin',(117.,-131.035,1.6));
#21807=CARTESIAN_POINT('',(117.,-131.035,12.6));
#21808=CARTESIAN_POINT('Origin',(109.25,-128.5,1.6));
#21809=CARTESIAN_POINT('',(104.25,-128.5,12.6));
#21810=CARTESIAN_POINT('',(104.25,-128.5,1.6));
#21811=CARTESIAN_POINT('',(109.25,-128.5,12.6));
#21812=CARTESIAN_POINT('Origin',(104.25,-128.5,1.6));
#21813=CARTESIAN_POINT('',(104.25,-128.5,12.6));
#21814=CARTESIAN_POINT('Origin',(131.76,-146.235,1.6));
#21815=CARTESIAN_POINT('',(121.46,-146.235,12.6));
#21816=CARTESIAN_POINT('',(121.46,-146.235,1.6));
#21817=CARTESIAN_POINT('',(131.76,-146.235,12.6));
#21818=CARTESIAN_POINT('Origin',(121.46,-146.235,1.6));
#21819=CARTESIAN_POINT('',(121.46,-146.235,12.6));
#21820=CARTESIAN_POINT('Origin',(152.59,-103.91,1.6));
#21821=CARTESIAN_POINT('',(154.09,-103.91,12.6));
#21822=CARTESIAN_POINT('',(154.09,-103.91,1.6));
#21823=CARTESIAN_POINT('',(152.59,-103.91,12.6));
#21824=CARTESIAN_POINT('Origin',(154.09,-103.91,1.6));
#21825=CARTESIAN_POINT('',(154.09,-103.91,12.6));
#21826=CARTESIAN_POINT('Origin',(121.72,-110.675,1.6));
#21827=CARTESIAN_POINT('',(116.42,-110.675,12.6));
#21828=CARTESIAN_POINT('',(116.42,-110.675,1.6));
#21829=CARTESIAN_POINT('',(121.72,-110.675,12.6));
#21830=CARTESIAN_POINT('Origin',(116.42,-110.675,1.6));
#21831=CARTESIAN_POINT('',(116.42,-110.675,12.6));
#21832=CARTESIAN_POINT('Origin',(161.01,-86.545,1.6));
#21833=CARTESIAN_POINT('',(153.21,-86.545,12.6));
#21834=CARTESIAN_POINT('',(153.21,-86.545,1.6));
#21835=CARTESIAN_POINT('',(161.01,-86.545,12.6));
#21836=CARTESIAN_POINT('Origin',(153.21,-86.545,1.6));
#21837=CARTESIAN_POINT('',(153.21,-86.545,12.6));
#21838=CARTESIAN_POINT('Origin',(167.75,-112.93,1.6));
#21839=CARTESIAN_POINT('',(170.9,-112.93,12.6));
#21840=CARTESIAN_POINT('',(170.9,-112.93,1.6));
#21841=CARTESIAN_POINT('',(167.75,-112.93,12.6));
#21842=CARTESIAN_POINT('Origin',(170.9,-112.93,1.6));
#21843=CARTESIAN_POINT('',(170.9,-112.93,12.6));
#21844=CARTESIAN_POINT('Origin',(167.64,-133.23,1.6));
#21845=CARTESIAN_POINT('',(170.79,-133.23,12.6));
#21846=CARTESIAN_POINT('',(170.79,-133.23,1.6));
#21847=CARTESIAN_POINT('',(167.64,-133.23,12.6));
#21848=CARTESIAN_POINT('Origin',(170.79,-133.23,1.6));
#21849=CARTESIAN_POINT('',(170.79,-133.23,12.6));
#21850=CARTESIAN_POINT('Origin',(160.42,-115.41,1.6));
#21851=CARTESIAN_POINT('',(160.42,-128.41,12.6));
#21852=CARTESIAN_POINT('',(160.42,-128.41,1.6));
#21853=CARTESIAN_POINT('',(160.42,-115.41,12.6));
#21854=CARTESIAN_POINT('Origin',(160.42,-128.41,1.6));
#21855=CARTESIAN_POINT('',(160.42,-128.41,12.6));
#21856=CARTESIAN_POINT('Origin',(171.75500122101,-84.44499877899,1.6));
#21857=CARTESIAN_POINT('',(178.2,-84.445,12.6));
#21858=CARTESIAN_POINT('Origin',(171.75500122101,-84.44499877899,12.6));
#21859=CARTESIAN_POINT('',(178.2,-84.445,1.6));
#21860=CARTESIAN_POINT('Origin',(178.20000000001,-145.404999450619,1.6));
#21861=CARTESIAN_POINT('',(178.20000000001,-145.404999450619,12.6));
#21862=CARTESIAN_POINT('',(178.20000000001,-145.404999450619,12.6));
#21863=CARTESIAN_POINT('',(178.20000000001,-145.404999450619,1.6));
#21864=CARTESIAN_POINT('Origin',(171.75500122101,-145.405001221,1.6));
#21865=CARTESIAN_POINT('',(171.755,-151.85,12.6));
#21866=CARTESIAN_POINT('Origin',(171.75500122101,-145.405001221,12.6));
#21867=CARTESIAN_POINT('',(171.755,-151.85,1.6));
#21868=CARTESIAN_POINT('Origin',(104.445000549386,-151.84999999999,1.6));
#21869=CARTESIAN_POINT('',(104.445000549386,-151.84999999999,12.6));
#21870=CARTESIAN_POINT('',(104.445000549386,-151.84999999999,12.6));
#21871=CARTESIAN_POINT('',(104.445000549386,-151.84999999999,1.6));
#21872=CARTESIAN_POINT('Origin',(104.44499877899,-145.405001221,1.6));
#21873=CARTESIAN_POINT('',(98.,-145.405,12.6));
#21874=CARTESIAN_POINT('Origin',(104.44499877899,-145.405001221,12.6));
#21875=CARTESIAN_POINT('',(98.,-145.405,1.6));
#21876=CARTESIAN_POINT('Origin',(98.0000000000001,-84.445000549386,1.6));
#21877=CARTESIAN_POINT('',(98.0000000000001,-84.445000549386,12.6));
#21878=CARTESIAN_POINT('',(98.0000000000001,-84.445000549386,12.6));
#21879=CARTESIAN_POINT('',(98.0000000000001,-84.445000549386,1.6));
#21880=CARTESIAN_POINT('Origin',(104.44499877899,-84.44499877899,1.6));
#21881=CARTESIAN_POINT('Origin',(104.44499877899,-84.44499877899,12.6));
#21882=CARTESIAN_POINT('Origin',(138.100000000005,-114.925,12.6));
#21883=CARTESIAN_POINT('',(0.,0.,0.));
#21884=CARTESIAN_POINT('',(0.,0.,0.));
#21885=UNCERTAINTY_MEASURE_WITH_UNIT(LENGTH_MEASURE(0.01),#21893,
'DISTANCE_ACCURACY_VALUE',
'Maximum model space distance between geometric entities at asserted c
onnectivities');
#21886=UNCERTAINTY_MEASURE_WITH_UNIT(LENGTH_MEASURE(0.01),#21893,
'DISTANCE_ACCURACY_VALUE',
'Maximum model space distance between geometric entities at asserted c
onnectivities');
#21887=UNCERTAINTY_MEASURE_WITH_UNIT(LENGTH_MEASURE(0.01),#21893,
'DISTANCE_ACCURACY_VALUE',
'Maximum model space distance between geometric entities at asserted c
onnectivities');
#21888=UNCERTAINTY_MEASURE_WITH_UNIT(LENGTH_MEASURE(0.01),#21893,
'DISTANCE_ACCURACY_VALUE',
'Maximum model space distance between geometric entities at asserted c
onnectivities');
#21889=(
GEOMETRIC_REPRESENTATION_CONTEXT(3)
GLOBAL_UNCERTAINTY_ASSIGNED_CONTEXT((#21885))
GLOBAL_UNIT_ASSIGNED_CONTEXT((#21893,#21895,#21896))
REPRESENTATION_CONTEXT('','3D')
);
#21890=(
GEOMETRIC_REPRESENTATION_CONTEXT(3)
GLOBAL_UNCERTAINTY_ASSIGNED_CONTEXT((#21886))
GLOBAL_UNIT_ASSIGNED_CONTEXT((#21893,#21895,#21896))
REPRESENTATION_CONTEXT('','3D')
);
#21891=(
GEOMETRIC_REPRESENTATION_CONTEXT(3)
GLOBAL_UNCERTAINTY_ASSIGNED_CONTEXT((#21887))
GLOBAL_UNIT_ASSIGNED_CONTEXT((#21893,#21895,#21896))
REPRESENTATION_CONTEXT('','3D')
);
#21892=(
GEOMETRIC_REPRESENTATION_CONTEXT(3)
GLOBAL_UNCERTAINTY_ASSIGNED_CONTEXT((#21888))
GLOBAL_UNIT_ASSIGNED_CONTEXT((#21893,#21895,#21896))
REPRESENTATION_CONTEXT('','3D')
);
#21893=(
LENGTH_UNIT()
NAMED_UNIT(*)
SI_UNIT(.MILLI.,.METRE.)
);
#21894=(
LENGTH_UNIT()
NAMED_UNIT(*)
SI_UNIT($,.METRE.)
);
#21895=(
NAMED_UNIT(*)
PLANE_ANGLE_UNIT()
SI_UNIT($,.RADIAN.)
);
#21896=(
NAMED_UNIT(*)
SI_UNIT($,.STERADIAN.)
SOLID_ANGLE_UNIT()
);
#21897=SHAPE_DEFINITION_REPRESENTATION(#21900,#21905);
#21898=SHAPE_DEFINITION_REPRESENTATION(#21901,#21906);
#21899=SHAPE_DEFINITION_REPRESENTATION(#21902,#21907);
#21900=PRODUCT_DEFINITION_SHAPE('',$,#21909);
#21901=PRODUCT_DEFINITION_SHAPE('',$,#21910);
#21902=PRODUCT_DEFINITION_SHAPE('',$,#21911);
#21903=PRODUCT_DEFINITION_SHAPE($,$,#17);
#21904=PRODUCT_DEFINITION_SHAPE($,$,#18);
#21905=SHAPE_REPRESENTATION('',(#13828,#14613,#14614),#21889);
#21906=SHAPE_REPRESENTATION('',(#13829),#21890);
#21907=SHAPE_REPRESENTATION('',(#14310),#21891);
#21908=PRODUCT_DEFINITION_CONTEXT('part definition',#21919,'design');
#21909=PRODUCT_DEFINITION('PCB Assembly Jigs','PCB Assembly Jigs v26',#21912,
#21908);
#21910=PRODUCT_DEFINITION('Wand Jig','Wand Jig',#21913,#21908);
#21911=PRODUCT_DEFINITION('Pack Jig','Pack Jig',#21914,#21908);
#21912=PRODUCT_DEFINITION_FORMATION('',$,#21921);
#21913=PRODUCT_DEFINITION_FORMATION('',$,#21922);
#21914=PRODUCT_DEFINITION_FORMATION('',$,#21923);
#21915=PRODUCT_RELATED_PRODUCT_CATEGORY('PCB Assembly Jigs v26',
'PCB Assembly Jigs v26',(#21921));
#21916=PRODUCT_RELATED_PRODUCT_CATEGORY('Wand Jig','Wand Jig',(#21922));
#21917=PRODUCT_RELATED_PRODUCT_CATEGORY('Pack Jig','Pack Jig',(#21923));
#21918=APPLICATION_PROTOCOL_DEFINITION('international standard',
'automotive_design',2009,#21919);
#21919=APPLICATION_CONTEXT(
'Core Data for Automotive Mechanical Design Process');
#21920=PRODUCT_CONTEXT('part definition',#21919,'mechanical');
#21921=PRODUCT('PCB Assembly Jigs','PCB Assembly Jigs v26',$,(#21920));
#21922=PRODUCT('Wand Jig','Wand Jig',$,(#21920));
#21923=PRODUCT('Pack Jig','Pack Jig',$,(#21920));
#21924=PRESENTATION_STYLE_ASSIGNMENT((#21925));
#21925=SURFACE_STYLE_USAGE(.BOTH.,#21926);
#21926=SURFACE_SIDE_STYLE('',(#21927));
#21927=SURFACE_STYLE_FILL_AREA(#21928);
#21928=FILL_AREA_STYLE('Steel - Satin',(#21929));
#21929=FILL_AREA_STYLE_COLOUR('Steel - Satin',#21930);
#21930=COLOUR_RGB('Steel - Satin',0.627450980392157,0.627450980392157,0.627450980392157);
ENDSEC;
END-ISO-10303-21;
